solid exported
	facet normal 0 1 0
		outer loop
			vertex 0 10 1.6081226494275088e-15
			vertex -2.5 10 1.1488801260301851e-15
			vertex -2.3445467948913574 10 0.46635937690735085
		endloop
	endfacet
	facet normal 0 1 0
		outer loop
			vertex -9.807852745056152 10 1.9509031772613548
			vertex -2.3445467948913574 10 0.46635937690735085
			vertex -2.5 10 1.1488801260301851e-15
		endloop
	endfacet
	facet normal 0 1 0
		outer loop
			vertex -10 10 -2.288473382826674e-16
			vertex -9.807852745056152 10 1.9509031772613548
			vertex -2.5 10 1.1488801260301851e-15
		endloop
	endfacet
	facet normal 0 1 0
		outer loop
			vertex 0 10 1.6081226494275088e-15
			vertex -2.3445467948913574 10 0.46635937690735085
			vertex -2.1966991424560547 10 0.9099026322364829
		endloop
	endfacet
	facet normal 0 1 0
		outer loop
			vertex -9.238795280456543 10 3.8268344402313255
			vertex -2.1966991424560547 10 0.9099026322364829
			vertex -2.3445467948913574 10 0.46635937690735085
		endloop
	endfacet
	facet normal 0 1 0
		outer loop
			vertex -9.807852745056152 10 1.9509031772613548
			vertex -9.238795280456543 10 3.8268344402313255
			vertex -2.3445467948913574 10 0.46635937690735085
		endloop
	endfacet
	facet normal 0 1 0
		outer loop
			vertex 0 10 1.6081226494275088e-15
			vertex -2.1966991424560547 10 0.9099026322364829
			vertex -2.0446114540100098 10 1.366165637969973
		endloop
	endfacet
	facet normal 0 1 0
		outer loop
			vertex -9.238795280456543 10 3.8268344402313255
			vertex -2.0446114540100098 10 1.366165637969973
			vertex -2.1966991424560547 10 0.9099026322364829
		endloop
	endfacet
	facet normal 2.971123408945162e-16 1 8.686584702242958e-16
		outer loop
			vertex -9.238795280456543 10 3.8268344402313255
			vertex -8.314696311950684 9.999999999999998 5.555702209472658
			vertex -2.0446114540100098 10 1.366165637969973
		endloop
	endfacet
	facet normal 0 1 0
		outer loop
			vertex -1.875 10 1.8750000000000022
			vertex -0.75 10 0.7500000000000022
			vertex -2 10 1.5000000000000022
		endloop
	endfacet
	facet normal 0 1 0
		outer loop
			vertex -2.0446114540100098 10 1.366165637969973
			vertex -4.400207042694092 10 2.940124273300173
			vertex -2 10 1.5000000000000022
		endloop
	endfacet
	facet normal -1.8776820499963983e-16 1 1.540973949760886e-16
		outer loop
			vertex -8.314696311950684 9.999999999999998 5.555702209472658
			vertex -7.071067810058594 9.999999999999998 7.0710678100585955
			vertex -1.875 10 1.8750000000000022
		endloop
	endfacet
	facet normal 0 1 0
		outer loop
			vertex -2.0446114540100098 10 1.366165637969973
			vertex -2 10 1.5000000000000022
			vertex -0.75 10 0.7500000000000022
		endloop
	endfacet
	facet normal 0 1 0
		outer loop
			vertex 0 10 1.6081226494275088e-15
			vertex -2.0446114540100098 10 1.366165637969973
			vertex -0.75 10 0.7500000000000022
		endloop
	endfacet
	facet normal 0 1 0
		outer loop
			vertex -1.875 10 1.8750000000000022
			vertex -2 10 1.5000000000000022
			vertex -4.400207042694092 10 2.940124273300173
		endloop
	endfacet
	facet normal 7.768725902146263e-16 1 1.8418171337018396e-15
		outer loop
			vertex -8.314696311950684 9.999999999999998 5.555702209472658
			vertex -1.875 10 1.8750000000000022
			vertex -4.400207042694092 10 2.940124273300173
		endloop
	endfacet
	facet normal 0 1 0
		outer loop
			vertex 0 10 1.6081226494275088e-15
			vertex -2.6775314807891846 10 -0.5325940847396828
			vertex -2.5 10 1.473770783196564e-15
		endloop
	endfacet
	facet normal 0 1 0
		outer loop
			vertex -10 10 -2.288473382826674e-16
			vertex -2.5 10 1.473770783196564e-15
			vertex -2.6775314807891846 10 -0.5325940847396828
		endloop
	endfacet
	facet normal 0 1 0
		outer loop
			vertex -9.807852745056152 10 -1.9509031772613503
			vertex -10 10 -2.288473382826674e-16
			vertex -2.6775314807891846 10 -0.5325940847396828
		endloop
	endfacet
	facet normal 0 1 0
		outer loop
			vertex 0 10 1.6081226494275088e-15
			vertex -2.9004714488983154 10 -1.2014147043228127
			vertex -2.6775314807891846 10 -0.5325940847396828
		endloop
	endfacet
	facet normal 0 1 0
		outer loop
			vertex -9.807852745056152 10 -1.9509031772613503
			vertex -2.6775314807891846 10 -0.5325940847396828
			vertex -2.9004714488983154 10 -1.2014147043228127
		endloop
	endfacet
	facet normal 0 1 0
		outer loop
			vertex -9.238795280456543 10 -3.826834440231321
			vertex -9.807852745056152 10 -1.9509031772613503
			vertex -2.9004714488983154 10 -1.2014147043228127
		endloop
	endfacet
	facet normal 0 1 0
		outer loop
			vertex -3.216369867324829 10 -2.149109601974485
			vertex -3 10 -1.4999999999999978
			vertex -2.2449088096618652 10 -1.4999999999999978
		endloop
	endfacet
	facet normal 0 1 0
		outer loop
			vertex -2.9004714488983154 10 -1.2014147043228127
			vertex -3 10 -1.4999999999999978
			vertex -3.6213202476501465 10 -1.4999999999999978
		endloop
	endfacet
	facet normal -2.4913459772533647e-16 1 8.943031052638704e-16
		outer loop
			vertex -8.314696311950684 10.000000000000002 -5.5557022094726545
			vertex -9.238795280456543 10 -3.826834440231321
			vertex -3.216369867324829 10 -2.149109601974485
		endloop
	endfacet
	facet normal 0 1 0
		outer loop
			vertex -2.9004714488983154 10 -1.2014147043228127
			vertex -2.2449088096618652 10 -1.4999999999999978
			vertex -3 10 -1.4999999999999978
		endloop
	endfacet
	facet normal 0 1 0
		outer loop
			vertex -2.9004714488983154 10 -1.2014147043228127
			vertex -9.231167288293522e-16 10 9.91315798335769e-16
			vertex -2.2449088096618652 10 -1.4999999999999978
		endloop
	endfacet
	facet normal 0 1 0
		outer loop
			vertex -3.216369867324829 10 -2.149109601974485
			vertex -3.6213202476501465 10 -1.4999999999999978
			vertex -3 10 -1.4999999999999978
		endloop
	endfacet
	facet normal 0 1 0
		outer loop
			vertex -3.216369867324829 10 -2.149109601974485
			vertex -9.238795280456543 10 -3.826834440231321
			vertex -3.6213202476501465 10 -1.4999999999999978
		endloop
	endfacet
	facet normal 0 1 0
		outer loop
			vertex 0 10 1.6081226494275088e-15
			vertex -0.75 10 0.7500000000000022
			vertex -0.3345952033996582 10 0.5007570981979392
		endloop
	endfacet
	facet normal 2.276760650713938e-16 1 3.794600721542623e-16
		outer loop
			vertex -5.555702209472656 9.999999999999998 8.314696311950685
			vertex -0.3345952033996582 10 0.5007570981979392
			vertex -0.75 10 0.7500000000000022
		endloop
	endfacet
	facet normal -1.2667171713851882e-16 1 1.5434992236573836e-16
		outer loop
			vertex -7.071067810058594 9.999999999999998 7.0710678100585955
			vertex -5.555702209472656 9.999999999999998 8.314696311950685
			vertex -0.75 10 0.7500000000000022
		endloop
	endfacet
	facet normal 0 1 0
		outer loop
			vertex 0 10 1.6081226494275088e-15
			vertex -0.3345952033996582 10 0.5007570981979392
			vertex -0.16536091268062592 10 0.39921656250953896
		endloop
	endfacet
	facet normal 1.604489783794652e-16 1 2.674150659985545e-16
		outer loop
			vertex -3.8268344402313232 9.999999999999998 9.238795280456545
			vertex -0.16536091268062592 10 0.39921656250953896
			vertex -0.3345952033996582 10 0.5007570981979392
		endloop
	endfacet
	facet normal -8.953429205642666e-17 1 1.6750689812853617e-16
		outer loop
			vertex -5.555702209472656 9.999999999999998 8.314696311950685
			vertex -3.8268344402313232 9.999999999999998 9.238795280456545
			vertex -0.3345952033996582 10 0.5007570981979392
		endloop
	endfacet
	facet normal 0 1 0
		outer loop
			vertex 0 10 1.6081226494275088e-15
			vertex -0.16536091268062592 10 0.39921656250953896
			vertex -0.06776078045368195 10 0.34065645933151467
		endloop
	endfacet
	facet normal 1.2783673487225166e-16 1 2.1306113804243964e-16
		outer loop
			vertex -1.9509031772613525 9.999999999999998 9.807852745056154
			vertex -0.06776078045368195 10 0.34065645933151467
			vertex -0.16536091268062592 10 0.39921656250953896
		endloop
	endfacet
	facet normal -5.415447580075417e-17 1 1.78523401421093e-16
		outer loop
			vertex -3.8268344402313232 9.999999999999998 9.238795280456545
			vertex -1.9509031772613525 9.999999999999998 9.807852745056154
			vertex -0.16536091268062592 10 0.39921656250953896
		endloop
	endfacet
	facet normal 0 1 0
		outer loop
			vertex 0 10 1.6081226494275088e-15
			vertex -0.06776078045368195 10 0.34065645933151467
			vertex 1.6342062084750373e-16 10 0.3000000119209312
		endloop
	endfacet
	facet normal 1.0987768639794001e-16 1 1.8312957129725004e-16
		outer loop
			vertex -2.4492935992912173e-15 9.999999999999998 10.000000000000002
			vertex 1.6342062084750373e-16 10 0.3000000119209312
			vertex -0.06776078045368195 10 0.34065645933151467
		endloop
	endfacet
	facet normal -1.812513441855289e-17 1 1.840275175191936e-16
		outer loop
			vertex -1.9509031772613525 9.999999999999998 9.807852745056154
			vertex -2.4492935992912173e-15 9.999999999999998 10.000000000000002
			vertex -0.06776078045368195 10 0.34065645933151467
		endloop
	endfacet
	facet normal 0 1 0
		outer loop
			vertex 0 10 1.6081226494275088e-15
			vertex -1.5 10 -1.4999999999999978
			vertex -2.2449088096618652 10 -1.4999999999999978
		endloop
	endfacet
	facet normal 0 1 3.188539253090814e-16
		outer loop
			vertex -7.071067810058594 10.000000000000002 -7.071067810058592
			vertex -2.2449088096618652 10 -1.4999999999999978
			vertex -1.5 10 -1.4999999999999978
		endloop
	endfacet
	facet normal 1.8900999274117922e-16 1 1.5511650391460577e-16
		outer loop
			vertex -7.071067810058594 10.000000000000002 -7.071067810058592
			vertex -8.314696311950684 10.000000000000002 -5.5557022094726545
			vertex -2.2449088096618652 10 -1.4999999999999978
		endloop
	endfacet
	facet normal 0 1 0
		outer loop
			vertex 0 10 1.6081226494275088e-15
			vertex -1.0022679567337036 10 -1.4999999999999978
			vertex -1.5 10 -1.4999999999999978
		endloop
	endfacet
	facet normal 0 1 2.606655906713141e-16
		outer loop
			vertex -5.555702209472656 10.000000000000002 -8.314696311950682
			vertex -1.5 10 -1.4999999999999978
			vertex -1.0022679567337036 10 -1.4999999999999978
		endloop
	endfacet
	facet normal 1.4372478328184583e-16 1 1.751291420272356e-16
		outer loop
			vertex -5.555702209472656 10.000000000000002 -8.314696311950682
			vertex -7.071067810058594 10.000000000000002 -7.071067810058592
			vertex -1.5 10 -1.4999999999999978
		endloop
	endfacet
	facet normal 0 1 0
		outer loop
			vertex 0 10 1.6081226494275088e-15
			vertex -0.621320366859436 10 -1.4999999999999978
			vertex -1.0022679567337036 10 -1.4999999999999978
		endloop
	endfacet
	facet normal 0 1 2.2953919505872446e-16
		outer loop
			vertex -3.8268344402313232 10.000000000000002 -9.238795280456541
			vertex -1.0022679567337036 10 -1.4999999999999978
			vertex -0.621320366859436 10 -1.4999999999999978
		endloop
	endfacet
	facet normal 1.0266275775951593e-16 1 1.9206853274475033e-16
		outer loop
			vertex -3.8268344402313232 10.000000000000002 -9.238795280456541
			vertex -5.555702209472656 10.000000000000002 -8.314696311950682
			vertex -1.0022679567337036 10 -1.4999999999999978
		endloop
	endfacet
	facet normal 0 1 0
		outer loop
			vertex 0 10 1.6081226494275088e-15
			vertex -0.29836854338645935 10 -1.4999999999999978
			vertex -0.621320366859436 10 -1.4999999999999978
		endloop
	endfacet
	facet normal 0 1 2.1381660146267363e-16
		outer loop
			vertex -1.9509031772613525 10.000000000000002 -9.80785274505615
			vertex -0.621320366859436 10 -1.4999999999999978
			vertex -0.29836854338645935 10 -1.4999999999999978
		endloop
	endfacet
	facet normal 6.185752879567801e-17 1 2.0391696680321035e-16
		outer loop
			vertex -1.9509031772613525 10.000000000000002 -9.80785274505615
			vertex -3.8268344402313232 10.000000000000002 -9.238795280456541
			vertex -0.621320366859436 10 -1.4999999999999978
		endloop
	endfacet
	facet normal 0 1 0
		outer loop
			vertex 0 10 1.6081226494275088e-15
			vertex 1.8369701465288538e-16 10 -1.4999999999999978
			vertex -0.29836854338645935 10 -1.4999999999999978
		endloop
	endfacet
	facet normal 0 1 2.0898315757650008e-16
		outer loop
			vertex 1.2246467996456087e-15 10.000000000000002 -9.999999999999998
			vertex -0.29836854338645935 10 -1.4999999999999978
			vertex 1.8369701465288538e-16 10 -1.4999999999999978
		endloop
	endfacet
	facet normal 2.0654459161432623e-17 1 2.0970817415231555e-16
		outer loop
			vertex 1.2246467996456087e-15 10.000000000000002 -9.999999999999998
			vertex -1.9509031772613525 10.000000000000002 -9.80785274505615
			vertex -0.29836854338645935 10 -1.4999999999999978
		endloop
	endfacet
	facet normal 0 1 0
		outer loop
			vertex 0 10 1.6081226494275088e-15
			vertex 0 10 0.3000000119209312
			vertex 0.05331116169691086 10 0.26801329851150735
		endloop
	endfacet
	facet normal 9.981037655183969e-17 1 1.6635054234165324e-16
		outer loop
			vertex 1.9509031772613525 9.999999999999998 9.807852745056154
			vertex 0.05331116169691086 10 0.26801329851150735
			vertex 0 10 0.3000000119209312
		endloop
	endfacet
	facet normal 1.8036694405924528e-17 1 1.8312957129725004e-16
		outer loop
			vertex 0 9.999999999999998 10.000000000000002
			vertex 1.9509031772613525 9.999999999999998 9.807852745056154
			vertex 0 10 0.3000000119209312
		endloop
	endfacet
	facet normal 0 1 0
		outer loop
			vertex 0 10 1.6081226494275088e-15
			vertex 0.05331116169691086 10 0.26801329851150735
			vertex 0.09952845424413681 10 0.24028292298317178
		endloop
	endfacet
	facet normal 9.486639738116892e-17 1 1.581106623019482e-16
		outer loop
			vertex 3.8268344402313232 9.999999999999998 9.238795280456545
			vertex 0.09952845424413681 10 0.24028292298317178
			vertex 0.05331116169691086 10 0.26801329851150735
		endloop
	endfacet
	facet normal 5.327009255412134e-17 1 1.7560798024834254e-16
		outer loop
			vertex 1.9509031772613525 9.999999999999998 9.807852745056154
			vertex 3.8268344402313232 9.999999999999998 9.238795280456545
			vertex 0.05331116169691086 10 0.26801329851150735
		endloop
	endfacet
	facet normal 0 1 0
		outer loop
			vertex 0 10 1.6081226494275088e-15
			vertex 0.09952845424413681 10 0.24028292298317178
			vertex 0.1430884152650833 10 0.2141469568014167
		endloop
	endfacet
	facet normal 9.391987592995408e-17 1 1.5653318902198723e-16
		outer loop
			vertex 5.555702209472656 9.999999999999998 8.314696311950685
			vertex 0.1430884152650833 10 0.2141469568014167
			vertex 0.09952845424413681 10 0.24028292298317178
		endloop
	endfacet
	facet normal 8.638884486127305e-17 1 1.616221796504448e-16
		outer loop
			vertex 3.8268344402313232 9.999999999999998 9.238795280456545
			vertex 5.555702209472656 9.999999999999998 8.314696311950685
			vertex 0.09952845424413681 10 0.24028292298317178
		endloop
	endfacet
	facet normal 0 1 0
		outer loop
			vertex 0 10 1.6081226494275088e-15
			vertex 0.1430884152650833 10 0.2141469568014167
			vertex 0.1875 10 0.18750000000000222
		endloop
	endfacet
	facet normal 9.391991768254471e-17 1 1.5653316112379934e-16
		outer loop
			vertex 5.555702209472656 9.999999999999998 8.314696311950685
			vertex 0.1875 10 0.18750000000000222
			vertex 0.1430884152650833 10 0.2141469568014167
		endloop
	endfacet
	facet normal 1.1632056743584592e-16 1 1.4173701090376952e-16
		outer loop
			vertex 5.555702209472656 9.999999999999998 8.314696311950685
			vertex 7.071067810058594 9.999999999999998 7.0710678100585955
			vertex 0.1875 10 0.18750000000000222
		endloop
	endfacet
	facet normal 0 1 0
		outer loop
			vertex 0 10 1.6081226494275088e-15
			vertex 0.1875 10 0.18750000000000222
			vertex 0.23655973374843597 10 0.1580641567707084
		endloop
	endfacet
	facet normal 9.677159800088165e-17 1 1.6128598033873375e-16
		outer loop
			vertex 7.071067810058594 9.999999999999998 7.0710678100585955
			vertex 0.23655973374843597 10 0.1580641567707084
			vertex 0.1875 10 0.18750000000000222
		endloop
	endfacet
	facet normal 1.4201920025563564e-16 1 1.165521542692645e-16
		outer loop
			vertex 7.071067810058594 9.999999999999998 7.0710678100585955
			vertex 8.314696311950684 9.999999999999998 5.555702209472658
			vertex 0.23655973374843597 10 0.1580641567707084
		endloop
	endfacet
	facet normal 0 1 0
		outer loop
			vertex 0 10 1.6081226494275088e-15
			vertex 0.23655973374843597 10 0.1580641567707084
			vertex 0.2957956790924072 10 0.12252259254455788
		endloop
	endfacet
	facet normal 1.0403748116960833e-16 1 1.7339581648893685e-16
		outer loop
			vertex 8.314696311950684 9.999999999999998 5.555702209472658
			vertex 0.2957956790924072 10 0.12252259254455788
			vertex 0.23655973374843597 10 0.1580641567707084
		endloop
	endfacet
	facet normal -3.4844499287714127e-16 1 8.412205992709664e-16
		outer loop
			vertex 8.314696311950684 9.999999999999998 5.555702209472658
			vertex 9.238795280456543 10 3.8268344402313255
			vertex 0.2957956790924072 10 0.12252259254455788
		endloop
	endfacet
	facet normal 0 1 0
		outer loop
			vertex 0 10 1.6081226494275088e-15
			vertex 0.2957956790924072 10 0.12252259254455788
			vertex 0.3755105137825012 10 0.07469368726015313
		endloop
	endfacet
	facet normal 0 1 0
		outer loop
			vertex 9.238795280456543 10 3.8268344402313255
			vertex 0.3755105137825012 10 0.07469368726015313
			vertex 0.2957956790924072 10 0.12252259254455788
		endloop
	endfacet
	facet normal 0 1 0
		outer loop
			vertex 9.238795280456543 10 3.8268344402313255
			vertex 9.807852745056152 10 1.9509031772613548
			vertex 0.3755105137825012 10 0.07469368726015313
		endloop
	endfacet
	facet normal 0 1 0
		outer loop
			vertex 0 10 1.6081226494275088e-15
			vertex 0.3755105137825012 10 0.07469368726015313
			vertex 0.5 10 1.5033677025604053e-15
		endloop
	endfacet
	facet normal 0 1 0
		outer loop
			vertex 9.807852745056152 10 1.9509031772613548
			vertex 0.5 10 1.5033677025604053e-15
			vertex 0.3755105137825012 10 0.07469368726015313
		endloop
	endfacet
	facet normal 0 1 0
		outer loop
			vertex 9.807852745056152 10 1.9509031772613548
			vertex 10 10 2.220446049499441e-15
			vertex 0.5 10 1.5033677025604053e-15
		endloop
	endfacet
	facet normal 5.616985292564529e-16 1 1.3560601461478464e-15
		outer loop
			vertex 9.238795280456543 10 -3.826834440231321
			vertex 8.66553783416748 10.000000000000002 -4.899322986602781
			vertex 1.6147574186325073 10 -0.6688544154167153
		endloop
	endfacet
	facet normal 0 1 0
		outer loop
			vertex 1.6147574186325073 10 -0.6688544154167153
			vertex 3 10 -1.4999999999999978
			vertex 2.754270076751709 10 -1.4999999999999978
		endloop
	endfacet
	facet normal 0 1 4.3798995775659323e-16
		outer loop
			vertex 8.314696311950684 10.000000000000002 -5.5557022094726545
			vertex 2.2449088096618652 10 -1.4999999999999978
			vertex 2.754270076751709 10 -1.4999999999999978
		endloop
	endfacet
	facet normal 0 1 4.3798995775659323e-16
		outer loop
			vertex 8.314696311950684 10.000000000000002 -5.5557022094726545
			vertex 2.754270076751709 10 -1.4999999999999978
			vertex 3 10 -1.4999999999999978
		endloop
	endfacet
	facet normal -2.3740115598541444e-16 1 1.2689338729794362e-16
		outer loop
			vertex 8.66553783416748 10.000000000000002 -4.899322986602781
			vertex 8.314696311950684 10.000000000000002 -5.5557022094726545
			vertex 3 10 -1.4999999999999978
		endloop
	endfacet
	facet normal 0 1 0
		outer loop
			vertex 1.6147574186325073 10 -0.6688544154167153
			vertex 2.754270076751709 10 -1.4999999999999978
			vertex 2.2449088096618652 10 -1.4999999999999978
		endloop
	endfacet
	facet normal 0 1 0
		outer loop
			vertex 0 10 1.6081226494275088e-15
			vertex 1.6147574186325073 10 -0.6688544154167153
			vertex 2.2449088096618652 10 -1.4999999999999978
		endloop
	endfacet
	facet normal 0 1 0
		outer loop
			vertex 0 10 1.6081226494275088e-15
			vertex 0.5 10 1.638738814124693e-15
			vertex 0.7479662299156189 10 -0.14877973496913688
		endloop
	endfacet
	facet normal 0 1 0
		outer loop
			vertex 10 10 2.220446049499441e-15
			vertex 0.7479662299156189 10 -0.14877973496913688
			vertex 0.5 10 1.638738814124693e-15
		endloop
	endfacet
	facet normal 0 1 0
		outer loop
			vertex 10 10 2.220446049499441e-15
			vertex 9.807852745056152 10 -1.9509031772613503
			vertex 0.7479662299156189 10 -0.14877973496913688
		endloop
	endfacet
	facet normal 0 1 0
		outer loop
			vertex 0 10 1.6081226494275088e-15
			vertex 0.7479662299156189 10 -0.14877973496913688
			vertex 1.6147574186325073 10 -0.6688544154167153
		endloop
	endfacet
	facet normal 0 1 0
		outer loop
			vertex 9.807852745056152 10 -1.9509031772613503
			vertex 1.6147574186325073 10 -0.6688544154167153
			vertex 0.7479662299156189 10 -0.14877973496913688
		endloop
	endfacet
	facet normal 0 1 0
		outer loop
			vertex 9.807852745056152 10 -1.9509031772613503
			vertex 9.238795280456543 10 -3.826834440231321
			vertex 1.6147574186325073 10 -0.6688544154167153
		endloop
	endfacet
	facet normal 0 1 0
		outer loop
			vertex 0 10 1.6081226494275088e-15
			vertex 0.29836854338645935 10 -1.4999999999999978
			vertex 2.919939091982715e-16 10 -1.4999999999999978
		endloop
	endfacet
	facet normal 0 1 2.0898315757650005e-16
		outer loop
			vertex 1.2246467996456087e-15 10.000000000000002 -9.999999999999998
			vertex 2.919939091982715e-16 10 -1.4999999999999978
			vertex 0.29836854338645935 10 -1.4999999999999978
		endloop
	endfacet
	facet normal -2.0654459161432647e-17 1 2.0970817415231553e-16
		outer loop
			vertex 1.9509031772613525 10.000000000000002 -9.80785274505615
			vertex 1.2246467996456087e-15 10.000000000000002 -9.999999999999998
			vertex 0.29836854338645935 10 -1.4999999999999978
		endloop
	endfacet
	facet normal 0 1 0
		outer loop
			vertex 0 10 1.6081226494275088e-15
			vertex 0.621320366859436 10 -1.4999999999999978
			vertex 0.29836854338645935 10 -1.4999999999999978
		endloop
	endfacet
	facet normal 0 1 2.1381660146267363e-16
		outer loop
			vertex 1.9509031772613525 10.000000000000002 -9.80785274505615
			vertex 0.29836854338645935 10 -1.4999999999999978
			vertex 0.621320366859436 10 -1.4999999999999978
		endloop
	endfacet
	facet normal -6.185752879567801e-17 1 2.0391696680321035e-16
		outer loop
			vertex 3.8268344402313232 10.000000000000002 -9.238795280456541
			vertex 1.9509031772613525 10.000000000000002 -9.80785274505615
			vertex 0.621320366859436 10 -1.4999999999999978
		endloop
	endfacet
	facet normal 0 1 0
		outer loop
			vertex 0 10 1.6081226494275088e-15
			vertex 1.0022679567337036 10 -1.4999999999999978
			vertex 0.621320366859436 10 -1.4999999999999978
		endloop
	endfacet
	facet normal 0 1 2.2953919505872446e-16
		outer loop
			vertex 3.8268344402313232 10.000000000000002 -9.238795280456541
			vertex 0.621320366859436 10 -1.4999999999999978
			vertex 1.0022679567337036 10 -1.4999999999999978
		endloop
	endfacet
	facet normal -1.0266275775951593e-16 1 1.9206853274475033e-16
		outer loop
			vertex 5.555702209472656 10.000000000000002 -8.314696311950682
			vertex 3.8268344402313232 10.000000000000002 -9.238795280456541
			vertex 1.0022679567337036 10 -1.4999999999999978
		endloop
	endfacet
	facet normal 0 1 0
		outer loop
			vertex 0 10 1.6081226494275088e-15
			vertex 2.2449088096618652 10 -1.4999999999999978
			vertex 1.5 10 -1.4999999999999978
		endloop
	endfacet
	facet normal 0 1 3.188539253090814e-16
		outer loop
			vertex 7.071067810058594 10.000000000000002 -7.071067810058592
			vertex 1.5 10 -1.4999999999999978
			vertex 2.2449088096618652 10 -1.4999999999999978
		endloop
	endfacet
	facet normal -1.8900999274117922e-16 1 1.5511650391460577e-16
		outer loop
			vertex 8.314696311950684 10.000000000000002 -5.5557022094726545
			vertex 7.071067810058594 10.000000000000002 -7.071067810058592
			vertex 2.2449088096618652 10 -1.4999999999999978
		endloop
	endfacet
	facet normal 0 1 0
		outer loop
			vertex 0 10 1.6081226494275088e-15
			vertex 1.5 10 -1.4999999999999978
			vertex 1.0022679567337036 10 -1.4999999999999978
		endloop
	endfacet
	facet normal 0 1 2.606655906713141e-16
		outer loop
			vertex 5.555702209472656 10.000000000000002 -8.314696311950682
			vertex 1.0022679567337036 10 -1.4999999999999978
			vertex 1.5 10 -1.4999999999999978
		endloop
	endfacet
	facet normal -1.4372478328184583e-16 1 1.751291420272356e-16
		outer loop
			vertex 7.071067810058594 10.000000000000002 -7.071067810058592
			vertex 5.555702209472656 10.000000000000002 -8.314696311950682
			vertex 1.5 10 -1.4999999999999978
		endloop
	endfacet
	facet normal -0.6295408772173517 -0.123446626570096 0.7670979170228993
		outer loop
			vertex -5.303300857543945 -10.000000000000002 5.3033008575439435
			vertex -4.166776657104492 -10.000000000000002 6.236021995544432
			vertex -5.418893814086914 -0.8405612707138076 6.682435512542725
		endloop
	endfacet
	facet normal -0.629541281659739 -0.12344658275903915 0.767097592155867
		outer loop
			vertex -5.303300857543945 -10.000000000000002 5.3033008575439435
			vertex -5.418893814086914 -0.8405612707138076 6.682435512542725
			vertex -6.1079421043396 -0.8965220451354994 6.1079421043396
		endloop
	endfacet
	facet normal -0.7670978843724656 -0.12344657721157437 0.6295409266807315
		outer loop
			vertex -5.303300857543945 -10.000000000000002 5.3033008575439435
			vertex -6.1079421043396 -0.8965220451354994 6.1079421043396
			vertex -6.615078449249268 -0.8397952914237988 5.501118183135986
		endloop
	endfacet
	facet normal -0.7671182688902243 -0.12344894989256376 0.6295156219708046
		outer loop
			vertex -5.303300857543945 -10.000000000000002 5.3033008575439435
			vertex -6.615078449249268 -0.8397952914237988 5.501118183135986
			vertex -6.618487358093262 -0.8396502137184155 5.496992588043213
		endloop
	endfacet
	facet normal -0.7670979231460638 -0.12344656289394083 0.6295408822425023
		outer loop
			vertex -6.236021995544434 -10.000000000000002 4.16677665710449
			vertex -5.303300857543945 -10.000000000000002 5.3033008575439435
			vertex -6.618487358093262 -0.8396502137184155 5.496992588043213
		endloop
	endfacet
	facet normal -0.7670975776602296 -0.12344660830773124 0.6295412943128719
		outer loop
			vertex -6.236021995544434 -10.000000000000002 4.16677665710449
			vertex -6.618487358093262 -0.8396502137184155 5.496992588043213
			vertex -7.182065010070801 -0.8976305723190319 4.79890251159668
		endloop
	endfacet
	facet normal -0.8751754288998033 -0.12344661774388008 0.4677915146917928
		outer loop
			vertex -6.236021995544434 -10.000000000000002 4.16677665710449
			vertex -7.182065010070801 -0.8976306319236766 4.79890251159668
			vertex -7.563520431518555 -0.8402115702629098 4.10040283203125
		endloop
	endfacet
	facet normal -0.8757254587610879 -0.12353396641129255 0.4667379136307397
		outer loop
			vertex -6.236021995544434 -10.000000000000002 4.16677665710449
			vertex -7.563520431518555 -0.8402115702629098 4.10040283203125
			vertex -7.563686370849609 -0.8402134776115426 4.100090980529785
		endloop
	endfacet
	facet normal -0.8751755383480558 -0.12344658919054775 0.4677913174636857
		outer loop
			vertex -6.929096698760986 -10 2.8701257705688454
			vertex -6.236021995544434 -10.000000000000002 4.16677665710449
			vertex -7.563686370849609 -0.8402134776115426 4.100090980529785
		endloop
	endfacet
	facet normal -4.64593228064079e-16 -1 -1.121627294474794e-15
		outer loop
			vertex -6.236021995544434 -10.000000000000002 4.16677665710449
			vertex -6.929096698760986 -10 2.8701257705688454
			vertex 0 -10 -1.6081226494275088e-15
		endloop
	endfacet
	facet normal 0 -1 0
		outer loop
			vertex -6.929096698760986 -10 2.8701257705688454
			vertex -7.355889797210693 -10 1.463177442550657
			vertex 0 -10 -1.6081226494275088e-15
		endloop
	endfacet
	facet normal 0 -1 0
		outer loop
			vertex -7.355889797210693 -10 1.463177442550657
			vertex -7.5 -10 -2.985850325498598e-15
			vertex 0 -10 -1.6081226494275088e-15
		endloop
	endfacet
	facet normal 0 -1 0
		outer loop
			vertex -7.5 -10 -2.985850325498598e-15
			vertex -7.355889797210693 -10 -1.4631774425506614
			vertex 0 -10 -1.6081226494275088e-15
		endloop
	endfacet
	facet normal 0 -1 0
		outer loop
			vertex -7.355889797210693 -10 -1.4631774425506614
			vertex -6.929096698760986 -10 -2.87012577056885
			vertex 0 -10 -1.6081226494275088e-15
		endloop
	endfacet
	facet normal 4.645932280640794e-16 -1 -1.1216272944747947e-15
		outer loop
			vertex -6.929096698760986 -10 -2.87012577056885
			vertex -6.236021995544434 -9.999999999999998 -4.166776657104494
			vertex 0 -10 -1.6081226494275088e-15
		endloop
	endfacet
	facet normal -1.8397154232319746e-16 -1 -1.509815156149323e-16
		outer loop
			vertex -6.236021995544434 -9.999999999999998 -4.166776657104494
			vertex -5.303300857543945 -9.999999999999998 -5.303300857543947
			vertex 0 -10 -1.6081226494275088e-15
		endloop
	endfacet
	facet normal -1.509815156149323e-16 -1 -1.8397154232319746e-16
		outer loop
			vertex -5.303300857543945 -9.999999999999998 -5.303300857543947
			vertex -4.166776657104492 -9.999999999999998 -6.236021995544435
			vertex 0 -10 -1.6081226494275088e-15
		endloop
	endfacet
	facet normal -1.1218944373755203e-16 -1 -2.0989157591109634e-16
		outer loop
			vertex -4.166776657104492 -9.999999999999998 -6.236021995544435
			vertex -2.8701257705688477 -9.999999999999998 -6.929096698760988
			vertex 0 -10 -1.6081226494275088e-15
		endloop
	endfacet
	facet normal -6.908588690186512e-17 -1 -2.277456533840526e-16
		outer loop
			vertex -2.8701257705688477 -9.999999999999998 -6.929096698760988
			vertex -1.4631774425506592 -9.999999999999998 -7.355889797210695
			vertex 0 -10 -1.6081226494275088e-15
		endloop
	endfacet
	facet normal -2.3327418526071094e-17 -1 -2.368475785867001e-16
		outer loop
			vertex -1.4631774425506592 -9.999999999999998 -7.355889797210695
			vertex 9.184850467946473e-16 -9.999999999999998 -7.500000000000002
			vertex 0 -10 -1.6081226494275088e-15
		endloop
	endfacet
	facet normal 2.3327418526071122e-17 -1 -2.3684757858670006e-16
		outer loop
			vertex 9.184850467946473e-16 -9.999999999999998 -7.500000000000002
			vertex 1.4631774425506592 -9.999999999999998 -7.355889797210695
			vertex 0 -10 -1.6081226494275088e-15
		endloop
	endfacet
	facet normal 6.908588690186512e-17 -1 -2.277456533840526e-16
		outer loop
			vertex 1.4631774425506592 -9.999999999999998 -7.355889797210695
			vertex 2.8701257705688477 -9.999999999999998 -6.929096698760988
			vertex 0 -10 -1.6081226494275088e-15
		endloop
	endfacet
	facet normal 1.1218944373755203e-16 -1 -2.0989157591109634e-16
		outer loop
			vertex 2.8701257705688477 -9.999999999999998 -6.929096698760988
			vertex 4.166776657104492 -9.999999999999998 -6.236021995544435
			vertex 0 -10 -1.6081226494275088e-15
		endloop
	endfacet
	facet normal 1.509815156149323e-16 -1 -1.8397154232319746e-16
		outer loop
			vertex 4.166776657104492 -9.999999999999998 -6.236021995544435
			vertex 5.303300857543945 -9.999999999999998 -5.303300857543947
			vertex 0 -10 -1.6081226494275088e-15
		endloop
	endfacet
	facet normal 1.8397154232319746e-16 -1 -1.509815156149323e-16
		outer loop
			vertex 5.303300857543945 -9.999999999999998 -5.303300857543947
			vertex 6.236021995544434 -9.999999999999998 -4.166776657104494
			vertex 0 -10 -1.6081226494275088e-15
		endloop
	endfacet
	facet normal -4.645932280640794e-16 -1 -1.1216272944747947e-15
		outer loop
			vertex 6.236021995544434 -9.999999999999998 -4.166776657104494
			vertex 6.929096698760986 -10 -2.87012577056885
			vertex 0 -10 -1.6081226494275088e-15
		endloop
	endfacet
	facet normal 0 -1 0
		outer loop
			vertex 6.929096698760986 -10 -2.87012577056885
			vertex 7.355889797210693 -10 -1.4631774425506614
			vertex 0 -10 -1.6081226494275088e-15
		endloop
	endfacet
	facet normal 0 -1 0
		outer loop
			vertex 7.355889797210693 -10 -1.4631774425506614
			vertex 7.5 -10 -1.1488801260301851e-15
			vertex 0 -10 -1.6081226494275088e-15
		endloop
	endfacet
	facet normal 0 -1 0
		outer loop
			vertex 7.5 -10 -1.1488801260301851e-15
			vertex 7.355889797210693 -10 1.463177442550657
			vertex 0 -10 -1.6081226494275088e-15
		endloop
	endfacet
	facet normal 0 -1 0
		outer loop
			vertex 7.355889797210693 -10 1.463177442550657
			vertex 6.929096698760986 -10 2.8701257705688454
			vertex 0 -10 -1.6081226494275088e-15
		endloop
	endfacet
	facet normal 4.64593228064079e-16 -1 -1.121627294474794e-15
		outer loop
			vertex 6.929096698760986 -10 2.8701257705688454
			vertex 6.236021995544434 -10.000000000000002 4.16677665710449
			vertex 0 -10 -1.6081226494275088e-15
		endloop
	endfacet
	facet normal -1.8397154232319746e-16 -1 -1.509815156149323e-16
		outer loop
			vertex 6.236021995544434 -10.000000000000002 4.16677665710449
			vertex 5.303300857543945 -10.000000000000002 5.3033008575439435
			vertex 0 -10 -1.6081226494275088e-15
		endloop
	endfacet
	facet normal -1.509815156149323e-16 -1 -1.8397154232319746e-16
		outer loop
			vertex 5.303300857543945 -10.000000000000002 5.3033008575439435
			vertex 4.166776657104492 -10.000000000000002 6.236021995544432
			vertex 0 -10 -1.6081226494275088e-15
		endloop
	endfacet
	facet normal -1.1218944373755203e-16 -1 -2.0989157591109634e-16
		outer loop
			vertex 4.166776657104492 -10.000000000000002 6.236021995544432
			vertex 2.8701257705688477 -10.000000000000002 6.9290966987609846
			vertex 0 -10 -1.6081226494275088e-15
		endloop
	endfacet
	facet normal -6.908588690186512e-17 -1 -2.277456533840526e-16
		outer loop
			vertex 2.8701257705688477 -10.000000000000002 6.9290966987609846
			vertex 1.4631774425506592 -10.000000000000002 7.355889797210692
			vertex 0 -10 -1.6081226494275088e-15
		endloop
	endfacet
	facet normal -2.3327418526071106e-17 -1 -2.3684757858670006e-16
		outer loop
			vertex 1.4631774425506592 -10.000000000000002 7.355889797210692
			vertex 0 -10.000000000000002 7.499999999999998
			vertex 0 -10 -1.6081226494275088e-15
		endloop
	endfacet
	facet normal 2.332741852607113e-17 -1 -2.3684757858670006e-16
		outer loop
			vertex -1.8369700935892946e-15 -10.000000000000002 7.499999999999998
			vertex -1.4631774425506592 -10.000000000000002 7.355889797210692
			vertex 0 -10 -1.6081226494275088e-15
		endloop
	endfacet
	facet normal 6.908588690186512e-17 -1 -2.277456533840526e-16
		outer loop
			vertex -1.4631774425506592 -10.000000000000002 7.355889797210692
			vertex -2.8701257705688477 -10.000000000000002 6.9290966987609846
			vertex 0 -10 -1.6081226494275088e-15
		endloop
	endfacet
	facet normal 1.1218944373755203e-16 -1 -2.0989157591109634e-16
		outer loop
			vertex -2.8701257705688477 -10.000000000000002 6.9290966987609846
			vertex -4.166776657104492 -10.000000000000002 6.236021995544432
			vertex 0 -10 -1.6081226494275088e-15
		endloop
	endfacet
	facet normal -0.4677913179811852 -0.12344658036565774 0.8751755393162283
		outer loop
			vertex -4.166776657104492 -10.000000000000002 6.236021995544432
			vertex -2.8701257705688477 -10.000000000000002 6.9290966987609846
			vertex -4.0110955238342285 -0.8407422304153459 7.611180782318115
		endloop
	endfacet
	facet normal -0.4677910034699064 -0.12344661031693391 0.8751757032012929
		outer loop
			vertex -4.798902988433838 -0.8976186513900772 7.182066440582275
			vertex -4.166776657104492 -10.000000000000002 6.236021995544432
			vertex -4.0110955238342285 -0.8407422304153459 7.611180782318115
		endloop
	endfacet
	facet normal -0.4677916092256676 -0.12344326205281088 0.8751758516960014
		outer loop
			vertex -4.313953876495361 -0.8472089171409624 7.448387622833252
			vertex -4.798902988433838 -0.8976186513900772 7.182066440582275
			vertex -4.011096000671387 -0.8407422304153459 7.611180782318115
		endloop
	endfacet
	facet normal -0.4677964098649247 -0.12337964978375231 0.8751822558397343
		outer loop
			vertex -4.313953876495361 -0.8472089171409624 7.448387622833252
			vertex -4.011096000671387 -0.8407422304153459 7.611180782318115
			vertex -4.144983768463135 -0.8399196267128007 7.539731979370117
		endloop
	endfacet
	facet normal -0.26288545862605633 0.8701292423883056 0.41685289633601164
		outer loop
			vertex -4.313953876495361 -0.8472089171409624 7.448387622833252
			vertex -4.144983768463135 -0.8399196267128007 7.539731979370117
			vertex -4.252019882202148 -0.8445370793342607 7.481868743896484
		endloop
	endfacet
	facet normal -0.12265783612626759 0.9812626890101407 0.14858866172561697
		outer loop
			vertex -4.313953876495361 -0.8472089171409624 7.448387622833252
			vertex -4.252019882202148 -0.8445370793342607 7.481868743896484
			vertex -4.313953399658203 -0.8472088575363176 7.448387622833252
		endloop
	endfacet
	facet normal -0.06776763207498383 -0.9767678743844395 0.2033028962249515
		outer loop
			vertex -4.144985198974609 -0.8399196267128007 7.539731502532959
			vertex -4.252019882202148 -0.8445370793342607 7.481868743896484
			vertex -4.144983768463135 -0.8399196267128007 7.539731979370117
		endloop
	endfacet
	facet normal -0.31954893695895686 -0.6462975013818933 0.6929559990330715
		outer loop
			vertex -4.490583896636963 -0.8601640462875383 7.352149486541748
			vertex -4.382896900177002 -0.8501830697059648 7.411117076873779
			vertex -4.3829026222229 -0.8501833081245439 7.41111421585083
		endloop
	endfacet
	facet normal -0.46779199919440495 -0.12343228437966107 0.8751771915803795
		outer loop
			vertex -4.490583896636963 -0.8601640462875383 7.352149486541748
			vertex -4.313953399658203 -0.8472088575363176 7.448387622833252
			vertex -4.382896900177002 -0.8501830697059648 7.411117076873779
		endloop
	endfacet
	facet normal -0.46778819537654576 -0.12346498453244849 0.87517461221219
		outer loop
			vertex -4.490583896636963 -0.8601640462875383 7.352149486541748
			vertex -4.798902988433838 -0.8976186513900772 7.182066440582275
			vertex -4.313953399658203 -0.8472088575363176 7.448387622833252
		endloop
	endfacet
	facet normal -0.46778106520596135 -0.12351130526024573 0.8751718874070891
		outer loop
			vertex -4.798902988433838 -0.8976186513900772 7.182066440582275
			vertex -4.490583896636963 -0.8601640462875383 7.352149486541748
			vertex -4.620614051818848 -0.8722162842750566 7.280947208404541
		endloop
	endfacet
	facet normal -0.418721593828534 0.624925845598918 0.6588929460573771
		outer loop
			vertex -4.620607376098633 -0.8722153306007402 7.280950546264648
			vertex -4.620614051818848 -0.8722162842750566 7.280947208404541
			vertex -4.490583896636963 -0.8601640462875383 7.352149486541748
		endloop
	endfacet
	facet normal -0.4899258324182036 0.37475328751316117 0.7871039653231386
		outer loop
			vertex -4.729696750640869 -0.8877580165863053 7.220448970794678
			vertex -4.620607376098633 -0.8722153306007402 7.280950546264648
			vertex -4.62061071395874 -0.8722156882286088 7.280948638916016
		endloop
	endfacet
	facet normal -0.2790430316284969 -0.6801664178741291 0.6778706591200517
		outer loop
			vertex -4.729696750640869 -0.8877580165863053 7.220448970794678
			vertex -4.798902988433838 -0.8976186513900772 7.182066440582275
			vertex -4.620607376098633 -0.8722153306007402 7.280950546264648
		endloop
	endfacet
	facet normal -0.6295398955108223 -0.12338329509226957 0.767108911727922
		outer loop
			vertex -4.798902988433838 -0.8976186513900772 7.182066440582275
			vertex -4.852243900299072 -0.8876754641532913 7.139890670776367
			vertex -5.013980865478516 -0.8663564920425431 7.010587692260742
		endloop
	endfacet
	facet normal -0.6295405963850327 -0.12345118202317272 0.7670974143876765
		outer loop
			vertex -5.418893814086914 -0.8405612707138076 6.682435512542725
			vertex -4.798902988433838 -0.8976186513900772 7.182066440582275
			vertex -5.013980865478516 -0.8663564920425431 7.010587692260742
		endloop
	endfacet
	facet normal -0.6295403394614512 -0.1233997167903693 0.7671059059131389
		outer loop
			vertex -5.1594157218933105 -0.8524328470230118 6.893473148345947
			vertex -5.013978004455566 -0.8663566112518326 7.010589599609375
			vertex -5.0642619132995605 -0.8597284555435196 6.970389366149902
		endloop
	endfacet
	facet normal -0.6295384354929188 -0.12349313038461245 0.7670924357500455
		outer loop
			vertex -5.1594157218933105 -0.8524328470230118 6.893473148345947
			vertex -5.418893814086914 -0.8405612707138076 6.682435512542725
			vertex -5.013978004455566 -0.8663566112518326 7.010589599609375
		endloop
	endfacet
	facet normal -0.6295406552990827 -0.12344966521816496 0.7670976101404074
		outer loop
			vertex -5.418893814086914 -0.8405612707138076 6.682435512542725
			vertex -5.1594157218933105 -0.8524328470230118 6.893473148345947
			vertex -5.274771213531494 -0.8435884714126602 6.80022668838501
		endloop
	endfacet
	facet normal -0.004606318860866375 0.9994987041345292 0.031322871195802876
		outer loop
			vertex -5.368861198425293 -0.8416121602058425 6.723326683044434
			vertex -5.418893814086914 -0.8405612707138076 6.682435512542725
			vertex -5.274771213531494 -0.8435884714126602 6.80022668838501
		endloop
	endfacet
	facet normal -0.3601528334416993 0.8107472810511543 0.4614962435730936
		outer loop
			vertex -5.368861198425293 -0.8416121602058425 6.723326683044434
			vertex -5.274771213531494 -0.8435884714126602 6.80022668838501
			vertex -5.274771690368652 -0.8435884118080155 6.800226211547852
		endloop
	endfacet
	facet normal -0.6295564997072837 -0.1233041090505085 0.7671080174053543
		outer loop
			vertex -5.728254318237305 -0.8498023152351394 6.427062511444092
			vertex -5.484086990356445 -0.8391919732093825 6.629153251647949
			vertex -5.5777740478515625 -0.8424862027168288 6.551735877990723
		endloop
	endfacet
	facet normal -0.6295419805774671 -0.12343822688280441 0.7670983632068507
		outer loop
			vertex -5.728254318237305 -0.8498023152351394 6.427062511444092
			vertex -5.5777740478515625 -0.8424862027168288 6.551735877990723
			vertex -5.692514419555664 -0.8465207219123855 6.456921577453613
		endloop
	endfacet
	facet normal -0.6295392321768123 -0.12346831764553821 0.7670957760853662
		outer loop
			vertex -5.418893814086914 -0.8405612707138076 6.682435512542725
			vertex -5.484086990356445 -0.8391919732093825 6.629153251647949
			vertex -5.728254318237305 -0.8498023152351394 6.427062511444092
		endloop
	endfacet
	facet normal -0.15063608569373133 -0.9275838078628295 0.34190210452345066
		outer loop
			vertex -5.900360107421875 -0.8656048178672805 6.283276081085205
			vertex -5.99521541595459 -0.8797321319580091 6.2031569480896
			vertex -5.9003586769104 -0.865604698657991 6.2832770347595215
		endloop
	endfacet
	facet normal -0.6508309195355549 0.15571793503625245 0.7430821212252045
		outer loop
			vertex -5.900355339050293 -0.8656044006347671 6.283279895782471
			vertex -5.9003586769104 -0.865604698657991 6.2832770347595215
			vertex -5.99521541595459 -0.8797321319580091 6.2031569480896
		endloop
	endfacet
	facet normal -0.3558096003415257 -0.7526732457132035 0.553969776695765
		outer loop
			vertex -6.107926845550537 -0.8965188860893263 6.107955455780029
			vertex -5.900355339050293 -0.8656044006347671 6.283279895782471
			vertex -5.99521541595459 -0.8797321319580091 6.2031569480896
		endloop
	endfacet
	facet normal -0.3782933602023597 0.8780782085315031 0.2930406001374448
		outer loop
			vertex -6.107926845550537 -0.8965188860893263 6.107955455780029
			vertex -5.99521541595459 -0.8797321319580091 6.2031569480896
			vertex -6.1079254150390625 -0.8965185880661024 6.107956409454346
		endloop
	endfacet
	facet normal -0.5621165790503971 -0.38299017645271805 0.7330371588789988
		outer loop
			vertex -6.107926845550537 -0.8965188860893263 6.107955455780029
			vertex -6.1079421043396 -0.8965220451354994 6.1079421043396
			vertex -5.900355339050293 -0.8656044006347671 6.283279895782471
		endloop
	endfacet
	facet normal -0.1813765378072294 -0.9833906443619206 0.006737367030931529
		outer loop
			vertex -6.283247470855713 -0.8656107187271131 5.900393486022949
			vertex -6.107944011688232 -0.8965217471122755 6.107940196990967
			vertex -6.188331604003906 -0.8823471069335951 6.012767314910889
		endloop
	endfacet
	facet normal -0.7670973451270683 -0.12348003752803408 0.6295350216080744
		outer loop
			vertex -6.107944011688232 -0.8965217471122755 6.107940196990967
			vertex -6.283247470855713 -0.8656107187271131 5.900393486022949
			vertex -6.361913681030273 -0.856965005397798 5.8062334060668945
		endloop
	endfacet
	facet normal -0.7671001450610552 -0.1233912375367867 0.6295490210829086
		outer loop
			vertex -6.107944011688232 -0.8965217471122755 6.107940196990967
			vertex -6.361913681030273 -0.856965005397798 5.8062334060668945
			vertex -6.497411251068115 -0.8448023796081555 5.643514633178711
		endloop
	endfacet
	facet normal -0.13163953809574308 -0.9912976505621002 0
		outer loop
			vertex -6.107944011688232 -0.8965217471122755 6.107940196990967
			vertex -6.497411251068115 -0.8448023796081555 5.643514633178711
			vertex -6.497411251068115 -0.8448023796081555 5.643514156341553
		endloop
	endfacet
	facet normal -0.2661179454264751 -0.9568613960748199 0.11660835228978449
		outer loop
			vertex -6.1079421043396 -0.8965220451354994 6.1079421043396
			vertex -6.107944011688232 -0.8965217471122755 6.107940196990967
			vertex -6.497411251068115 -0.8448023796081555 5.643514156341553
		endloop
	endfacet
	facet normal -0.7670988950718326 -0.12342350627887114 0.6295442186831703
		outer loop
			vertex -6.1079421043396 -0.8965220451354994 6.1079421043396
			vertex -6.497411251068115 -0.8448023796081555 5.643514156341553
			vertex -6.615077495574951 -0.8397953510284436 5.501119613647461
		endloop
	endfacet
	facet normal -0.10844065087994173 -0.9925965302244721 0.05470606386017109
		outer loop
			vertex -6.497411251068115 -0.8448023796081555 5.643514156341553
			vertex -6.53438138961792 -0.8432291746139539 5.5987749099731445
			vertex -6.615077495574951 -0.8397953510284436 5.501119613647461
		endloop
	endfacet
	facet normal -0.7671016912863805 -0.12336507595072245 0.6295522641220879
		outer loop
			vertex -6.361913681030273 -0.856965005397798 5.8062334060668945
			vertex -6.456892967224121 -0.8465265631675732 5.692547798156738
			vertex -6.497411251068115 -0.8448023796081555 5.643514633178711
		endloop
	endfacet
	facet normal -0.4454956798150561 -0.790280007841987 0.4207031120296002
		outer loop
			vertex -6.876963138580322 -0.85087549686432 5.179838180541992
			vertex -6.800193786621094 -0.8435939550399792 5.274809837341309
			vertex -6.800198078155518 -0.8435940742492688 5.274805068969727
		endloop
	endfacet
	facet normal -0.7670891813222178 -0.12351339461134547 0.6295384255547806
		outer loop
			vertex -6.876963138580322 -0.85087549686432 5.179838180541992
			vertex -6.7502055168151855 -0.84230935573578 5.335972309112549
			vertex -6.800193786621094 -0.8435939550399792 5.274809837341309
		endloop
	endfacet
	facet normal -0.7670959559306472 -0.12345859822436248 0.6295409191778738
		outer loop
			vertex -6.7502055168151855 -0.84230935573578 5.335972309112549
			vertex -6.876963138580322 -0.85087549686432 5.179838180541992
			vertex -7.156065940856934 -0.8915009498596203 4.831784248352051
		endloop
	endfacet
	facet normal -0.7670957206645591 -0.12346021924752368 0.6295408879504766
		outer loop
			vertex -6.7502055168151855 -0.84230935573578 5.335972309112549
			vertex -7.156065940856934 -0.8915009498596203 4.831784248352051
			vertex -7.16035270690918 -0.8925116658210765 4.826362609863281
		endloop
	endfacet
	facet normal -0.7670999452554049 -0.12343120449144894 0.6295414297303595
		outer loop
			vertex -6.623635292053223 -0.839431166648866 5.490763187408447
			vertex -6.7502055168151855 -0.84230935573578 5.335972309112549
			vertex -7.16035270690918 -0.8925116658210765 4.826362609863281
		endloop
	endfacet
	facet normal -0.7675918156587556 -0.11978036158125653 0.6296470991858523
		outer loop
			vertex -6.623635292053223 -0.839431166648866 5.490763187408447
			vertex -7.16035270690918 -0.8925116658210765 4.826362609863281
			vertex -7.160558700561523 -0.8925601840019237 4.826102256774902
		endloop
	endfacet
	facet normal -0.7670485357636346 -0.12380766180259851 0.629530147540082
		outer loop
			vertex -6.618487358093262 -0.8396502137184155 5.496992588043213
			vertex -6.623635292053223 -0.839431166648866 5.490763187408447
			vertex -7.160558700561523 -0.8925601840019237 4.826102256774902
		endloop
	endfacet
	facet normal -0.7671016947686438 -0.12341460811994517 0.6295425516878703
		outer loop
			vertex -6.7502055168151855 -0.84230935573578 5.335972309112549
			vertex -6.623635292053223 -0.839431166648866 5.490763187408447
			vertex -6.629123687744141 -0.839197635650636 5.484121322631836
		endloop
	endfacet
	facet normal -0.767036962789136 -0.12383922480295606 0.6295380402449248
		outer loop
			vertex -6.876963138580322 -0.85087549686432 5.179838180541992
			vertex -7.149723529815674 -0.8900055885314953 4.839806079864502
			vertex -7.156065940856934 -0.8915009498596203 4.831784248352051
		endloop
	endfacet
	facet normal -0.7670939478103133 -0.12346957618205555 0.6295412130990411
		outer loop
			vertex -6.876963138580322 -0.85087549686432 5.179838180541992
			vertex -7.047569751739502 -0.8724639415740978 4.9677205085754395
			vertex -7.149723529815674 -0.8900055885314953 4.839806079864502
		endloop
	endfacet
	facet normal -0.7671300775042896 -0.12325077984836542 0.6295400618348544
		outer loop
			vertex -7.047569751739502 -0.8724639415740978 4.9677205085754395
			vertex -7.139863014221191 -0.8876808881759655 4.852276802062988
			vertex -7.149723529815674 -0.8900055885314953 4.839806079864502
		endloop
	endfacet
	facet normal -0.8751725330480542 -0.12348517919379179 0.4677867547480688
		outer loop
			vertex -7.340047359466553 -0.8622260093688975 4.512681484222412
			vertex -7.252479076385498 -0.879541277885438 4.671940326690674
			vertex -7.280926704406738 -0.8722331523895274 4.620647430419922
		endloop
	endfacet
	facet normal -0.8751726602253102 -0.1234831962048136 0.4677870402749499
		outer loop
			vertex -7.252479076385498 -0.879541277885438 4.671940326690674
			vertex -7.340047359466553 -0.8622260093688975 4.512681484222412
			vertex -7.54863166809082 -0.840040087699891 4.128302097320557
		endloop
	endfacet
	facet normal -0.875213460432859 -0.12296650429687303 0.4678468098621039
		outer loop
			vertex -7.252479076385498 -0.879541277885438 4.671940326690674
			vertex -7.54863166809082 -0.840040087699891 4.128302097320557
			vertex -7.5506978034973145 -0.8400639295578012 4.1244306564331055
		endloop
	endfacet
	facet normal -0.8751775256749447 -0.12342040226238284 0.46779450922266413
		outer loop
			vertex -7.182065010070801 -0.8976306319236766 4.79890251159668
			vertex -7.252479076385498 -0.879541277885438 4.671940326690674
			vertex -7.5506978034973145 -0.8400639295578012 4.1244306564331055
		endloop
	endfacet
	facet normal -0.8751353867824144 -0.12391836049768161 0.46774169659413584
		outer loop
			vertex -7.340047359466553 -0.8622260093688975 4.512681484222412
			vertex -7.545433044433594 -0.8400032520294198 4.134296417236328
			vertex -7.54863166809082 -0.840040087699891 4.128302097320557
		endloop
	endfacet
	facet normal -0.8751780929930922 -0.12341711200633318 0.46779431592206283
		outer loop
			vertex -7.340047359466553 -0.8622260093688975 4.512681484222412
			vertex -7.411092281341553 -0.8502009510993968 4.382938861846924
			vertex -7.545433044433594 -0.8400032520294198 4.134296417236328
		endloop
	endfacet
	facet normal -0.875151277394772 -0.12370688426739682 0.46776794295799257
		outer loop
			vertex -7.545433044433594 -0.8400032520294198 4.134296417236328
			vertex -7.411092281341553 -0.8502009510993968 4.382938861846924
			vertex -7.469028949737549 -0.845577597618104 4.2757673263549805
		endloop
	endfacet
	facet normal -0.8751953605342163 -0.12323355581488071 0.4678104013599999
		outer loop
			vertex -7.545433044433594 -0.8400032520294198 4.134296417236328
			vertex -7.469028949737549 -0.845577597618104 4.2757673263549805
			vertex -7.539709568023682 -0.839937388896943 4.145021438598633
		endloop
	endfacet
	facet normal -0.7796626953024588 -0.46543653435746873 0.41892113104857115
		outer loop
			vertex -7.596874713897705 -0.8405956625938424 4.037899971008301
			vertex -7.666970252990723 -0.8414027094841012 3.9065470695495605
			vertex -7.6669721603393555 -0.8414029479026803 3.906543254852295
		endloop
	endfacet
	facet normal -0.16193125058999452 0.9835238302291537 0.08036880896053793
		outer loop
			vertex -7.596874713897705 -0.8405956625938424 4.037899971008301
			vertex -7.6669721603393555 -0.8414029479026803 3.906543254852295
			vertex -7.666973114013672 -0.8414030075073251 3.9065420627593994
		endloop
	endfacet
	facet normal -0.33628596707354685 -0.9233838656374127 0.1851323446346371
		outer loop
			vertex -7.563686370849609 -0.8402135968208322 4.100090980529785
			vertex -7.596874713897705 -0.8405956625938424 4.037899971008301
			vertex -7.666973114013672 -0.8414030075073251 3.9065420627593994
		endloop
	endfacet
	facet normal -0.8751688100432423 -0.12349966803935344 0.4677898950615169
		outer loop
			vertex -7.563686370849609 -0.8402135968208322 4.100090980529785
			vertex -7.666973114013672 -0.8414030075073251 3.9065420627593994
			vertex -7.830003261566162 -0.861981928348542 3.596102714538574
		endloop
	endfacet
	facet normal -0.8751760473855719 -0.1234431317992642 0.4677912774883226
		outer loop
			vertex -7.563686370849609 -0.8402135968208322 4.100090980529785
			vertex -7.830003261566162 -0.861981928348542 3.596102714538574
			vertex -7.94560432434082 -0.8877309560775765 3.3730335235595703
		endloop
	endfacet
	facet normal -0.8751757782281866 -0.1234450906706557 0.4677912641253594
		outer loop
			vertex -7.563686370849609 -0.8402135968208322 4.100090980529785
			vertex -7.94560432434082 -0.8877309560775765 3.3730335235595703
			vertex -7.9802398681640625 -0.8980055451393135 3.305523633956909
		endloop
	endfacet
	facet normal -0.8751755681346122 -0.12344658550831025 0.46779126270869814
		outer loop
			vertex -6.929096698760986 -10 2.8701257705688454
			vertex -7.563686370849609 -0.8402135968208322 4.100090980529785
			vertex -7.9802398681640625 -0.8980055451393135 3.305523633956909
		endloop
	endfacet
	facet normal -0.9496208714489589 -0.12344658681801392 0.28806447318526174
		outer loop
			vertex -6.929096698760986 -10 2.8701257705688454
			vertex -7.9802398681640625 -0.8980055451393135 3.305523633956909
			vertex -8.215864181518555 -0.8408107161521917 2.5532848834991455
		endloop
	endfacet
	facet normal -0.9496234194646171 -0.12344724511790513 0.2880557912577487
		outer loop
			vertex -6.929096698760986 -10 2.8701257705688454
			vertex -8.215864181518555 -0.8408107161521917 2.5532848834991455
			vertex -8.218188285827637 -0.84076738357544 2.5456416606903076
		endloop
	endfacet
	facet normal -0.9496149213369407 -0.12350749957310997 0.2880579780589915
		outer loop
			vertex -7.9802398681640625 -0.8980055451393135 3.305523633956909
			vertex -8.19684886932373 -0.841165184974671 2.615818977355957
			vertex -8.215864181518555 -0.8408107161521917 2.5532848834991455
		endloop
	endfacet
	facet normal -0.949619857673914 -0.12345602457664472 0.2880637705562895
		outer loop
			vertex -7.9802398681640625 -0.8980055451393135 3.305523633956909
			vertex -8.120213508605957 -0.8518709540367133 2.863863945007324
			vertex -8.19684886932373 -0.841165184974671 2.615818977355957
		endloop
	endfacet
	facet normal -0.9496553467189879 -0.12312351841248881 0.2880890863288099
		outer loop
			vertex -8.19684886932373 -0.841165184974671 2.615818977355957
			vertex -8.120213508605957 -0.8518709540367133 2.863863945007324
			vertex -8.139728546142578 -0.8486551642417914 2.8009090423583984
		endloop
	endfacet
	facet normal -0.9496661455652933 -0.12302285567197481 0.28809649242826957
		outer loop
			vertex -8.19684886932373 -0.841165184974671 2.615818977355957
			vertex -8.139728546142578 -0.8486551642417914 2.8009090423583984
			vertex -8.183694839477539 -0.8414103388786321 2.659074544906616
		endloop
	endfacet
	facet normal 0.30468477609916145 0.9484463340525644 -0.08727392872820276
		outer loop
			vertex -8.218188285827637 -0.84076738357544 2.5456416606903076
			vertex -8.219026565551758 -0.8407517671585089 2.5428848266601562
			vertex -8.262334823608398 -0.8399446606636053 2.400461196899414
		endloop
	endfacet
	facet normal -0.4661245851123333 0.8785606341888739 0.10420692494982757
		outer loop
			vertex -8.262334823608398 -0.8399446606636053 2.400461196899414
			vertex -8.29710578918457 -0.8445623517036444 2.2838597297668457
			vertex -8.262333869934082 -0.8399447202682501 2.400465965270996
		endloop
	endfacet
	facet normal -0.9496210972675321 -0.12344380308305061 0.28806492168398695
		outer loop
			vertex -8.218188285827637 -0.84076738357544 2.5456416606903076
			vertex -8.262333869934082 -0.8399447202682501 2.400465965270996
			vertex -8.29710578918457 -0.8445623517036444 2.2838597297668457
		endloop
	endfacet
	facet normal -0.949621609034816 -0.12343964670496622 0.2880650157090936
		outer loop
			vertex -8.218188285827637 -0.84076738357544 2.5456416606903076
			vertex -8.29710578918457 -0.8445623517036444 2.2838597297668457
			vertex -8.358919143676758 -0.8557993769645695 2.0752735137939453
		endloop
	endfacet
	facet normal -0.9496198068162449 -0.12345371918687312 0.2880649262253332
		outer loop
			vertex -8.218188285827637 -0.84076738357544 2.5456416606903076
			vertex -8.358919143676758 -0.8557993769645695 2.0752735137939453
			vertex -8.437601089477539 -0.8821642994880681 1.8045957088470457
		endloop
	endfacet
	facet normal -0.9496507558861609 -0.12324248696178834 0.28805334792763093
		outer loop
			vertex -8.358919143676758 -0.8557993769645695 2.0752735137939453
			vertex -8.415666580200195 -0.8722415566444401 1.8811545372009275
			vertex -8.437601089477539 -0.8821642994880681 1.8045957088470457
		endloop
	endfacet
	facet normal -0.09114500149810807 0.9941725510875684 -0.05756324665918409
		outer loop
			vertex -8.358919143676758 -0.8557993769645695 2.0752735137939453
			vertex -8.374070167541504 -0.8601893782615666 2.0234439373016357
			vertex -8.415666580200195 -0.8722415566444401 1.8811545372009275
		endloop
	endfacet
	facet normal -0.13552194207708007 -0.9831234636120972 0.12289043295151215
		outer loop
			vertex -8.374070167541504 -0.8601893782615666 2.0234439373016357
			vertex -8.415666580200195 -0.8722414970397954 1.8811550140380857
			vertex -8.415666580200195 -0.8722415566444401 1.8811545372009275
		endloop
	endfacet
	facet normal -0.14343856399089822 -0.9753791411095358 0.16751390822452117
		outer loop
			vertex -8.471821784973145 -0.8976456522941593 1.6851500272750852
			vertex -8.437600135803223 -0.8821642994880681 1.8045961856842039
			vertex -8.45002269744873 -0.8877838253974919 1.7612383365631101
		endloop
	endfacet
	facet normal -0.07458066486487634 -0.9859962586853792 0.14916132972975268
		outer loop
			vertex -8.437601089477539 -0.8821642994880681 1.8045957088470457
			vertex -8.45002269744873 -0.8877838253974919 1.7612383365631101
			vertex -8.437600135803223 -0.8821642994880681 1.8045961856842039
		endloop
	endfacet
	facet normal -0.9496300389425609 -0.12337995510749183 0.28806279838886467
		outer loop
			vertex -8.471821784973145 -0.8976456522941593 1.6851500272750852
			vertex -8.218188285827637 -0.84076738357544 2.5456416606903076
			vertex -8.437600135803223 -0.8821642994880681 1.8045961856842039
		endloop
	endfacet
	facet normal -0.9496208616912372 -0.12344660230005987 0.28806449871749734
		outer loop
			vertex -7.355889797210693 -10 1.463177442550657
			vertex -8.218188285827637 -0.84076738357544 2.5456416606903076
			vertex -8.471821784973145 -0.8976456522941593 1.6851500272750852
		endloop
	endfacet
	facet normal -0.9875664683446442 -0.12350385378411467 0.09725877184994103
		outer loop
			vertex -8.471821784973145 -0.8976455926895145 1.6851500272750852
			vertex -8.479715347290039 -0.8877039551734928 1.6176230907440183
			vertex -8.493453979492188 -0.8749326467514041 1.494338512420654
		endloop
	endfacet
	facet normal -0.9875767811415503 -0.12341180571985623 0.09727089780123743
		outer loop
			vertex -8.471821784973145 -0.8976455926895145 1.6851500272750852
			vertex -8.493453979492188 -0.8749326467514041 1.494338512420654
			vertex -8.51355266571045 -0.8576226234436038 1.3122415542602537
		endloop
	endfacet
	facet normal -0.9875670252906553 -0.123497082652097 0.09726171464141131
		outer loop
			vertex -8.493453979492188 -0.8749326467514041 1.494338512420654
			vertex -8.50977897644043 -0.8597575426101688 1.3478477001190183
			vertex -8.51355266571045 -0.8576226234436038 1.3122415542602537
		endloop
	endfacet
	facet normal -0.9886478055838992 -0.11393303512275203 0.09795294799983627
		outer loop
			vertex -8.522674560546875 -0.8524620532989504 1.2261738777160642
			vertex -8.538308143615723 -0.8436174392700198 1.078670263290405
			vertex -8.538309097290039 -0.8436172604560854 1.0786608457565305
		endloop
	endfacet
	facet normal -0.49238971970618656 -0.8703748410470417 0
		outer loop
			vertex -8.522674560546875 -0.8524620532989504 1.2261738777160642
			vertex -8.538309097290039 -0.8436172604560854 1.0786608457565305
			vertex -8.538309097290039 -0.8436172604560854 1.0786584615707395
		endloop
	endfacet
	facet normal -0.6602639801711739 -0.7506183056709619 0.024972698696263677
		outer loop
			vertex -8.513551712036133 -0.8576231598854068 1.3122465610504148
			vertex -8.522674560546875 -0.8524620532989504 1.2261738777160642
			vertex -8.538309097290039 -0.8436172604560854 1.0786584615707395
		endloop
	endfacet
	facet normal -0.9875705672317396 -0.12346452579497054 0.09726708388660275
		outer loop
			vertex -8.513551712036133 -0.8576231598854068 1.3122465610504148
			vertex -8.538309097290039 -0.8436172604560854 1.0786584615707395
			vertex -8.544588088989258 -0.8425961732864382 1.0162028074264524
		endloop
	endfacet
	facet normal -0.9875779771938227 -0.12340213171107596 0.09727102780848818
		outer loop
			vertex -8.471821784973145 -0.8976455926895145 1.6851500272750852
			vertex -8.513551712036133 -0.8576231598854068 1.3122465610504148
			vertex -8.544588088989258 -0.8425961732864382 1.0162028074264524
		endloop
	endfacet
	facet normal -0.9875790854807448 -0.12339254490087061 0.09727193728872935
		outer loop
			vertex -8.471821784973145 -0.8976455926895145 1.6851500272750852
			vertex -8.544588088989258 -0.8425961732864382 1.0162028074264524
			vertex -8.556928634643555 -0.8405895233154299 0.8934576511383054
		endloop
	endfacet
	facet normal -0.5568481184218891 -0.8306143347005286 0
		outer loop
			vertex -8.471821784973145 -0.8976455926895145 1.6851500272750852
			vertex -8.556928634643555 -0.8405895233154299 0.8934576511383054
			vertex -8.556928634643555 -0.8405895233154299 0.8934561610221861
		endloop
	endfacet
	facet normal -0.9875728002396287 -0.12344658415274079 0.09726718402358916
		outer loop
			vertex -7.5 -10 -2.985850325498598e-15
			vertex -8.471821784973145 -0.8976455926895145 1.6851500272750852
			vertex -8.556928634643555 -0.8405895233154299 0.8934561610221861
		endloop
	endfacet
	facet normal -0.9875727925080835 -0.12344659017260441 0.09726725488335371
		outer loop
			vertex -7.5 -10 -2.985850325498598e-15
			vertex -8.556928634643555 -0.8405895233154299 0.8934561610221861
			vertex -8.637930870056152 -0.8965523838996887 -1.6598954869205087e-15
		endloop
	endfacet
	facet normal -0.9662619348573969 -0.23632806284711003 0.10240566369382234
		outer loop
			vertex -8.556928634643555 -0.8405895233154299 0.8934561610221861
			vertex -8.637929916381836 -0.896550178527832 0.000014087994713719231
			vertex -8.637930870056152 -0.8965523838996887 -1.6598954869205087e-15
		endloop
	endfacet
	facet normal -0.9875750258971037 -0.12342927884557038 0.09726654793914316
		outer loop
			vertex -8.556928634643555 -0.8405895233154299 0.8934561610221861
			vertex -8.622624397277832 -0.8757985234260559 0.18174882233142833
			vertex -8.637929916381836 -0.896550178527832 0.000014087994713719231
		endloop
	endfacet
	facet normal -0.83295051987442 -0.5374893396881812 0.13152429875310626
		outer loop
			vertex -8.622624397277832 -0.8757985234260559 0.18174882233142833
			vertex -8.63792896270752 -0.8965475559234619 0.00003084524359999806
			vertex -8.637929916381836 -0.896550178527832 0.000014087994713719231
		endloop
	endfacet
	facet normal -0.11464844712955725 -0.9858585518308102 0.12222376754477501
		outer loop
			vertex -8.622624397277832 -0.8757985234260559 0.18174882233142833
			vertex -8.625547409057617 -0.8797611594200134 0.14704430103301983
			vertex -8.63792896270752 -0.8965475559234619 0.00003084524359999806
		endloop
	endfacet
	facet normal -0.3293727855267748 -0.9345781164819144 -0.13445189603516497
		outer loop
			vertex -8.627476692199707 -0.8823783993721008 -0.12413573265075703
			vertex -8.615132331848145 -0.8656421303749083 -0.2707104384899141
			vertex -8.615131378173828 -0.8656418919563292 -0.27071443200111406
		endloop
	endfacet
	facet normal -0.36473310612152654 0.928066487040332 0.07524863408435124
		outer loop
			vertex -8.627476692199707 -0.8823783993721008 -0.12413573265075703
			vertex -8.615131378173828 -0.8656418919563292 -0.27071443200111406
			vertex -8.615131378173828 -0.8656417131423949 -0.27071663737297075
		endloop
	endfacet
	facet normal -0.34039401164111016 -0.9305528513317693 -0.1349196342908834
		outer loop
			vertex -8.637930870056152 -0.896552562713623 -2.0558293252370577e-15
			vertex -8.627476692199707 -0.8823783993721008 -0.12413573265075703
			vertex -8.615131378173828 -0.8656417131423949 -0.27071663737297075
		endloop
	endfacet
	facet normal -0.9875827716963 -0.1233723633405819 -0.09726011007814675
		outer loop
			vertex -8.637930870056152 -0.896552562713623 -2.0558293252370577e-15
			vertex -8.615131378173828 -0.8656417131423949 -0.27071663737297075
			vertex -8.60417652130127 -0.8569964170455932 -0.392919033765793
		endloop
	endfacet
	facet normal -0.9875717306486184 -0.12345491359596804 -0.09726747212046169
		outer loop
			vertex -8.637930870056152 -0.896552562713623 -2.0558293252370577e-15
			vertex -8.60417652130127 -0.8569964170455932 -0.392919033765793
			vertex -8.584927558898926 -0.8448337912559508 -0.6037939190864565
		endloop
	endfacet
	facet normal -0.9875681665821265 -0.1234818092273992 -0.0972695180595926
		outer loop
			vertex -8.637930870056152 -0.896552562713623 -2.0558293252370577e-15
			vertex -8.584927558898926 -0.8448338508605956 -0.6037935018539431
			vertex -8.5674409866333 -0.8398264050483701 -0.7876898646354678
		endloop
	endfacet
	facet normal -0.04711446158020337 0.9986312512408957 0.02271236568590952
		outer loop
			vertex -8.584927558898926 -0.8448338508605956 -0.6037935018539431
			vertex -8.57943344116211 -0.8432606458663939 -0.6615681648254397
			vertex -8.5674409866333 -0.8398264050483701 -0.7876898646354678
		endloop
	endfacet
	facet normal -0.5800084348274175 -0.8109410334044796 -0.0772324793718552
		outer loop
			vertex -8.5674409866333 -0.8398262858390806 -0.787691116333008
			vertex -8.5674409866333 -0.8398264050483701 -0.7876898646354678
			vertex -8.57943344116211 -0.8432606458663939 -0.6615681648254397
		endloop
	endfacet
	facet normal -0.9875838105779778 -0.12336161576413622 -0.09726319365691626
		outer loop
			vertex -8.60417652130127 -0.8569964170455932 -0.392919033765793
			vertex -8.590949058532715 -0.8465582132339476 -0.5404661297798159
			vertex -8.584927558898926 -0.8448337912559508 -0.6037939190864565
		endloop
	endfacet
	facet normal -0.28622794816809954 0.9571312092506397 -0.04442307920313855
		outer loop
			vertex -8.565354347229004 -0.8392288088798521 -0.8096335530281069
			vertex -8.553205490112305 -0.8412044048309324 -0.9304772019386294
			vertex -8.56535530090332 -0.8392289280891416 -0.8096299767494204
		endloop
	endfacet
	facet normal -0.9875252108852786 -0.12383224589484154 -0.09726012925462271
		outer loop
			vertex -8.566934585571289 -0.8396812677383421 -0.7930188775062563
			vertex -8.56535530090332 -0.8392289280891416 -0.8096299767494204
			vertex -8.553205490112305 -0.8412044048309324 -0.9304772019386294
		endloop
	endfacet
	facet normal -0.9875603220232906 -0.12354667090485287 -0.0972668004695469
		outer loop
			vertex -8.566934585571289 -0.8396812677383421 -0.7930188775062563
			vertex -8.553205490112305 -0.8412044048309324 -0.9304772019386294
			vertex -8.537137031555176 -0.844291031360626 -1.0897014141082766
		endloop
	endfacet
	facet normal -0.9875995104115586 -0.12322597730829288 -0.09727571922769777
		outer loop
			vertex -8.566934585571289 -0.8396812677383421 -0.7930188775062563
			vertex -8.537137031555176 -0.844291031360626 -1.0897014141082766
			vertex -8.525443077087402 -0.8509070277214048 -1.2000442743301394
		endloop
	endfacet
	facet normal -0.9875684098848692 -0.12348306109081125 -0.09726545852004252
		outer loop
			vertex -8.566934585571289 -0.8396812677383421 -0.7930188775062563
			vertex -8.525443077087402 -0.8509070277214048 -1.2000442743301394
			vertex -8.500265121459961 -0.8686144948005673 -1.4332039356231692
		endloop
	endfacet
	facet normal -0.9875928606589843 -0.12327266456027967 -0.09728407756469036
		outer loop
			vertex -8.525443077087402 -0.8509070277214048 -1.2000442743301394
			vertex -8.509783744812012 -0.8597659468650815 -1.3477866649627688
			vertex -8.500265121459961 -0.8686144948005673 -1.4332039356231692
		endloop
	endfacet
	facet normal -0.4545609627842064 -0.8897477570177811 0.04151216682519599
		outer loop
			vertex -8.496089935302734 -0.872495889663696 -1.470671892166138
			vertex -8.479720115661621 -0.8877123594284054 -1.6175622940063479
			vertex -8.479719161987305 -0.8877130746841427 -1.6175671815872195
		endloop
	endfacet
	facet normal -0.4874524598552262 0.8612693896569056 -0.1435448982761509
		outer loop
			vertex -8.496089935302734 -0.872495889663696 -1.470671892166138
			vertex -8.479719161987305 -0.8877130746841427 -1.6175671815872195
			vertex -8.479719161987305 -0.8877131342887875 -1.6175675392150881
		endloop
	endfacet
	facet normal -0.06094474157677885 -0.9935015505088521 0.09612703891541882
		outer loop
			vertex -8.500265121459961 -0.8686144351959225 -1.4332029819488528
			vertex -8.496089935302734 -0.872495889663696 -1.470671892166138
			vertex -8.479719161987305 -0.8877131342887875 -1.6175675392150881
		endloop
	endfacet
	facet normal -0.9876054086825086 -0.12315745120264525 -0.09730261535191936
		outer loop
			vertex -8.500265121459961 -0.8686144351959225 -1.4332029819488528
			vertex -8.479719161987305 -0.8877131342887875 -1.6175675392150881
			vertex -8.475845336914062 -0.8925924897193905 -1.6507103443145754
		endloop
	endfacet
	facet normal -0.9875739062063741 -0.12343687672038403 -0.09726827461099816
		outer loop
			vertex -8.566934585571289 -0.8396812677383421 -0.7930188775062563
			vertex -8.500265121459961 -0.8686144351959225 -1.4332029819488528
			vertex -8.475845336914062 -0.8925924897193905 -1.6507103443145754
		endloop
	endfacet
	facet normal -0.9875846656170312 -0.1233454133742994 -0.09727505968962581
		outer loop
			vertex -8.566934585571289 -0.8396812677383421 -0.7930188775062563
			vertex -8.475845336914062 -0.8925924897193905 -1.6507103443145754
			vertex -8.471819877624512 -0.8976627588272091 -1.685149669647217
		endloop
	endfacet
	facet normal -0.9875727920821326 -0.12344662431657423 -0.09726721587433167
		outer loop
			vertex -7.355889797210693 -10 -1.4631774425506614
			vertex -8.566934585571289 -0.8396812677383421 -0.7930188775062563
			vertex -8.471819877624512 -0.8976627588272091 -1.685149669647217
		endloop
	endfacet
	facet normal -0.9496208136667393 -0.1234466217635928 -0.28806464869205434
		outer loop
			vertex -7.355889797210693 -10 -1.4631774425506614
			vertex -8.471819877624512 -0.8976627588272091 -1.685149669647217
			vertex -8.2494535446167 -0.8402098417282099 -2.4428131580352783
		endloop
	endfacet
	facet normal -0.9496275202785653 -0.12344498635538008 -0.2880432399368244
		outer loop
			vertex -7.355889797210693 -10 -1.4631774425506614
			vertex -8.2494535446167 -0.8402098417282099 -2.4428131580352783
			vertex -8.24753189086914 -0.8402456641197199 -2.4491331577301025
		endloop
	endfacet
	facet normal -0.9496235424600389 -0.12342719710399606 -0.2880639766105752
		outer loop
			vertex -8.471819877624512 -0.8976627588272091 -1.685149669647217
			vertex -8.256373405456543 -0.8400809168815607 -2.4200565814971924
			vertex -8.2494535446167 -0.8402098417282099 -2.4428131580352783
		endloop
	endfacet
	facet normal -0.9496219839666497 -0.12343823517459515 -0.28806438458133876
		outer loop
			vertex -8.471819877624512 -0.8976627588272091 -1.685149669647217
			vertex -8.321148872375488 -0.8477779030799861 -2.2032220363616943
			vertex -8.256373405456543 -0.8400809168815607 -2.4200565814971924
		endloop
	endfacet
	facet normal -0.949688681068167 -0.12292042143559924 -0.28806592829611133
		outer loop
			vertex -8.321148872375488 -0.8477779030799861 -2.2032220363616943
			vertex -8.262349128723145 -0.8399695158004755 -2.4004034996032715
			vertex -8.256373405456543 -0.8400809168815607 -2.4200565814971924
		endloop
	endfacet
	facet normal -0.1846238704444998 -0.9783231640335551 -0.09379665866898605
		outer loop
			vertex -8.321148872375488 -0.8477779030799861 -2.2032220363616943
			vertex -8.304821968078613 -0.8456096053123469 -2.257974863052368
			vertex -8.262349128723145 -0.8399695158004755 -2.4004034996032715
		endloop
	endfacet
	facet normal -0.6657117445078256 0.7170692550189928 -0.20649347866422885
		outer loop
			vertex -8.22702407836914 -0.8406279087066645 -2.516573190689087
			vertex -8.183709144592285 -0.8414348363876337 -2.65901780128479
			vertex -8.183707237243652 -0.8414351940155024 -2.659025192260742
		endloop
	endfacet
	facet normal -0.707673814498798 -0.6741816652533075 -0.21136900082320106
		outer loop
			vertex -8.22702407836914 -0.8406279087066645 -2.516573190689087
			vertex -8.183707237243652 -0.8414351940155024 -2.659025192260742
			vertex -8.183706283569336 -0.8414353728294367 -2.6590278148651123
		endloop
	endfacet
	facet normal -0.3352397112639419 0.936008924490958 -0.1072456491655919
		outer loop
			vertex -8.24753189086914 -0.8402458429336542 -2.4491331577301025
			vertex -8.22702407836914 -0.8406279087066645 -2.516573190689087
			vertex -8.183706283569336 -0.8414353728294367 -2.6590278148651123
		endloop
	endfacet
	facet normal -0.9496126244902803 -0.12351575582957777 -0.2880620097661794
		outer loop
			vertex -8.24753189086914 -0.8402458429336542 -2.4491331577301025
			vertex -8.183706283569336 -0.8414353728294367 -2.6590278148651123
			vertex -8.147624969482422 -0.847380876541137 -2.7754225730895996
		endloop
	endfacet
	facet normal -0.9496280245526977 -0.12337932584743144 -0.28806970846927776
		outer loop
			vertex -8.24753189086914 -0.8402458429336542 -2.4491331577301025
			vertex -8.147624969482422 -0.847380876541137 -2.7754225730895996
			vertex -8.079474449157715 -0.862013936042785 -2.9938149452209473
		endloop
	endfacet
	facet normal -0.949619413740268 -0.12345923494745703 -0.2880638581179152
		outer loop
			vertex -8.24753189086914 -0.8402458429336542 -2.4491331577301025
			vertex -8.079474449157715 -0.862013936042785 -2.9938149452209473
			vertex -8.003483772277832 -0.8877623677253716 -3.2332873344421387
		endloop
	endfacet
	facet normal -0.9496283304095015 -0.12335881248204353 -0.28807748517835113
		outer loop
			vertex -8.079474449157715 -0.862013936042785 -2.9938149452209473
			vertex -8.021900177001953 -0.8796219229698174 -3.1760647296905518
			vertex -8.003483772277832 -0.8877623677253716 -3.2332873344421387
		endloop
	endfacet
	facet normal -0.0014467660938445393 -0.9954078372607281 0.09571386727005488
		outer loop
			vertex -8.079474449157715 -0.862013936042785 -2.9938149452209473
			vertex -8.06649398803711 -0.8659837841987603 -3.0349044799804688
			vertex -8.021900177001953 -0.8796219229698174 -3.1760647296905518
		endloop
	endfacet
	facet normal -0.016782876527422018 -0.995718681120094 0.09089908208516771
		outer loop
			vertex -8.06649398803711 -0.8659837841987603 -3.0349044799804688
			vertex -8.02190113067627 -0.8796218633651727 -3.1760642528533936
			vertex -8.021900177001953 -0.8796219229698174 -3.1760647296905518
		endloop
	endfacet
	facet normal -0.49215557700469 0.854309543995449 -0.16714691460349665
		outer loop
			vertex -7.918182849884033 -0.8796301484107963 -3.4264729022979736
			vertex -7.861196517944336 -0.8682480454444877 -3.536090850830078
			vertex -7.918184280395508 -0.879630506038665 -3.4264705181121826
		endloop
	endfacet
	facet normal -0.8751735780862147 -0.12345978562655618 -0.46779150222381877
		outer loop
			vertex -7.980236053466797 -0.8980383872985832 -3.3055219650268555
			vertex -7.918184280395508 -0.879630506038665 -3.4264705181121826
			vertex -7.861196517944336 -0.8682480454444877 -3.536090850830078
		endloop
	endfacet
	facet normal -0.8751735111794499 -0.1234601919007551 -0.4677915201728887
		outer loop
			vertex -7.980236053466797 -0.8980383872985832 -3.3055219650268555
			vertex -7.861196517944336 -0.8682480454444877 -3.536090850830078
			vertex -7.766915321350098 -0.8519036173820488 -3.7167916297912598
		endloop
	endfacet
	facet normal -0.8751743886670261 -0.12345461666285759 -0.4677913499049807
		outer loop
			vertex -7.980236053466797 -0.8980383872985832 -3.3055219650268555
			vertex -7.766915321350098 -0.8519036173820488 -3.7167916297912598
			vertex -7.6457037925720215 -0.8411972522735587 -3.946387529373169
		endloop
	endfacet
	facet normal -0.8751717045706401 -0.12347283064019879 -0.4677915642811628
		outer loop
			vertex -7.980236053466797 -0.8980383872985832 -3.3055219650268555
			vertex -7.6457037925720215 -0.8411972522735587 -3.946387529373169
			vertex -7.614933013916016 -0.840842902660369 -4.004048824310303
		endloop
	endfacet
	facet normal -0.8751754970994927 -0.12344657663401191 -0.46779139794784497
		outer loop
			vertex -6.929096698760986 -10 -2.87012577056885
			vertex -7.980236053466797 -0.8980383872985832 -3.3055219650268555
			vertex -7.614933013916016 -0.840842902660369 -4.004048824310303
		endloop
	endfacet
	facet normal -0.8751820670450673 -0.12344557943154512 -0.46777936940563514
		outer loop
			vertex -6.929096698760986 -10 -2.87012577056885
			vertex -7.614933013916016 -0.840842902660369 -4.004048824310303
			vertex -7.611172199249268 -0.8407995700836173 -4.011096477508545
		endloop
	endfacet
	facet normal -0.949620799492629 -0.12344658451627599 -0.28806471137965906
		outer loop
			vertex -6.929096698760986 -10 -2.87012577056885
			vertex -8.24753189086914 -0.8402458429336542 -2.4491331577301025
			vertex -7.980236053466797 -0.8980383872985832 -3.3055219650268555
		endloop
	endfacet
	facet normal -0.9496207521845158 -0.12344705735215848 -0.2880646647050061
		outer loop
			vertex -8.24753189086914 -0.8402458429336542 -2.4491331577301025
			vertex -8.003484725952148 -0.8877622485160821 -3.2332851886749268
			vertex -7.980236053466797 -0.8980383872985832 -3.3055219650268555
		endloop
	endfacet
	facet normal -0.8751773619424863 -0.12343164750314356 -0.4677918485160364
		outer loop
			vertex -7.766915321350098 -0.8519036173820488 -3.7167916297912598
			vertex -7.666990756988525 -0.8414424061775199 -3.9064977169036865
			vertex -7.6457037925720215 -0.8411972522735587 -3.946387529373169
		endloop
	endfacet
	facet normal -0.8786773239271867 0.1451174263499352 -0.45482644270724765
		outer loop
			vertex -7.766915321350098 -0.8519036173820488 -3.7167916297912598
			vertex -7.736193656921387 -0.8486871719360343 -3.775116443634033
			vertex -7.666990756988525 -0.8414424061775199 -3.9064977169036865
		endloop
	endfacet
	facet normal -0.39399337404953794 0.9055011300919898 -0.15759734961981517
		outer loop
			vertex -7.736193656921387 -0.8486871719360343 -3.775116443634033
			vertex -7.666991233825684 -0.8414424061775199 -3.906496524810791
			vertex -7.666990756988525 -0.8414424061775199 -3.9064977169036865
		endloop
	endfacet
	facet normal 0.03336756712319133 -0.9993750419086984 0.011667522199117484
		outer loop
			vertex -7.611172199249268 -0.8407995700836173 -4.011096477508545
			vertex -7.6098151206970215 -0.8407839536666861 -4.0136399269104
			vertex -7.539730548858643 -0.8399772047996512 -4.144970893859863
		endloop
	endfacet
	facet normal -0.8751816027076778 -0.12338667109329389 -0.4677957798853426
		outer loop
			vertex -7.611172199249268 -0.8407995700836173 -4.011096477508545
			vertex -7.539730548858643 -0.8399772047996512 -4.144970893859863
			vertex -7.378081321716309 -0.8558319211006155 -4.443212509155273
		endloop
	endfacet
	facet normal -0.8751725555748642 -0.12348186212642648 -0.4677875882217821
		outer loop
			vertex -7.611172199249268 -0.8407995700836173 -4.011096477508545
			vertex -7.378081321716309 -0.8558319211006155 -4.443212509155273
			vertex -7.242321014404297 -0.8821966052055349 -4.690243721008301
		endloop
	endfacet
	facet normal -0.8751794448751639 -0.12339990789103356 -0.46779632533880044
		outer loop
			vertex -7.611172199249268 -0.8407995700836173 -4.011096477508545
			vertex -7.242321014404297 -0.8821966052055349 -4.690243721008301
			vertex -7.182060241699219 -0.897677719593047 -4.798899173736572
		endloop
	endfacet
	facet normal -0.8751757390192308 -0.1234466182683463 -0.46779093436090907
		outer loop
			vertex -6.236021995544434 -9.999999999999998 -4.166776657104494
			vertex -7.611172199249268 -0.8407995700836173 -4.011096477508545
			vertex -7.182060241699219 -0.897677719593047 -4.798899173736572
		endloop
	endfacet
	facet normal -0.8751697675567339 -0.12352476508187936 -0.46778147715162816
		outer loop
			vertex -7.378081321716309 -0.8558319211006155 -4.443212509155273
			vertex -7.280946254730225 -0.872273862361907 -4.62060022354126
			vertex -7.242321014404297 -0.8821966052055349 -4.690243721008301
		endloop
	endfacet
	facet normal -0.8771763687199383 -0.0017763660621258192 -0.4801650369226358
		outer loop
			vertex -7.378081321716309 -0.8558319211006155 -4.443212509155273
			vertex -7.352146625518799 -0.8602216839790334 -4.490574359893799
			vertex -7.280946254730225 -0.872273862361907 -4.62060022354126
		endloop
	endfacet
	facet normal -0.7177356376442316 0.5373609014775907 -0.44283045967798934
		outer loop
			vertex -7.352146625518799 -0.8602216839790334 -4.490574359893799
			vertex -7.280947208404541 -0.8722735643386831 -4.620598316192627
			vertex -7.280946254730225 -0.872273862361907 -4.62060022354126
		endloop
	endfacet
	facet normal -0.874509448713526 0 -0.48500847839060024
		outer loop
			vertex -7.182060241699219 -0.897677719593047 -4.798899173736572
			vertex -7.22044563293457 -0.8878164887428274 -4.729687213897705
			vertex -7.182060241699219 -0.8976774811744679 -4.798899173736572
		endloop
	endfacet
	facet normal -0.7671104540386777 -0.12337146364108854 -0.629540334898114
		outer loop
			vertex -7.182060241699219 -0.8976774811744679 -4.798899173736572
			vertex -7.139889717102051 -0.8877351284027089 -4.852233409881592
			vertex -7.062427997589111 -0.8749635219573964 -4.949125289916992
		endloop
	endfacet
	facet normal -0.7671069253368884 -0.12339194224869837 -0.6295406211582218
		outer loop
			vertex -7.182060241699219 -0.8976774811744679 -4.798899173736572
			vertex -7.062427997589111 -0.8749635219573964 -4.949125289916992
			vertex -6.94788122177124 -0.857654035091399 -5.092095375061035
		endloop
	endfacet
	facet normal -0.7671224758445183 -0.12329286266212829 -0.6295410844978698
		outer loop
			vertex -7.062427997589111 -0.8749635219573964 -4.949125289916992
			vertex -6.970387935638428 -0.8597888350486744 -5.064251899719238
			vertex -6.94788122177124 -0.857654035091399 -5.092095375061035
		endloop
	endfacet
	facet normal -0.7670977253569149 -0.12344821768169355 -0.6295407987600651
		outer loop
			vertex -6.682426452636719 -0.8406212925910937 -5.418892860412598
			vertex -6.629150390625 -0.839252173900603 -5.484078407287598
			vertex -6.551730155944824 -0.8425463438034045 -5.5777692794799805
		endloop
	endfacet
	facet normal -0.7670986280623493 -0.12343820211522838 -0.6295416627066247
		outer loop
			vertex -6.682426452636719 -0.8406212925910937 -5.418892860412598
			vertex -6.551730155944824 -0.8425463438034045 -5.5777692794799805
			vertex -6.427066802978516 -0.849861681461333 -5.728237628936768
		endloop
	endfacet
	facet normal -0.7671062395384908 -0.1233324795650636 -0.6295531087568775
		outer loop
			vertex -6.551730155944824 -0.8425463438034045 -5.5777692794799805
			vertex -6.4569172859191895 -0.8465808629989612 -5.692507743835449
			vertex -6.427066802978516 -0.849861681461333 -5.728237628936768
		endloop
	endfacet
	facet normal -0.6410117748157778 -0.04227643970448418 -0.7663658442241797
		outer loop
			vertex -6.107936859130859 -0.896582484245299 -6.107936859130859
			vertex -6.012758731842041 -0.8824068903923021 -6.188328742980957
			vertex -5.900382995605469 -0.8656701445579514 -6.2832465171813965
		endloop
	endfacet
	facet normal -0.6295417962133443 -0.12344130209903832 -0.767098019653662
		outer loop
			vertex -6.107936859130859 -0.896582484245299 -6.107936859130859
			vertex -5.900382995605469 -0.8656701445579514 -6.2832465171813965
			vertex -5.806224346160889 -0.8570250868797288 -6.361911773681641
		endloop
	endfacet
	facet normal -0.6295373250904192 -0.12346966051644359 -0.7670971250434683
		outer loop
			vertex -6.107936859130859 -0.896582484245299 -6.107936859130859
			vertex -5.806224346160889 -0.8570250868797288 -6.361911773681641
			vertex -5.64349365234375 -0.844862580299376 -6.497418403625488
		endloop
	endfacet
	facet normal -0.6295447531196272 -0.12341874831518972 -0.7670992219940387
		outer loop
			vertex -6.107936859130859 -0.896582484245299 -6.107936859130859
			vertex -5.64349365234375 -0.844862580299376 -6.497418403625488
			vertex -5.50111198425293 -0.8398551940917954 -6.615074157714844
		endloop
	endfacet
	facet normal -0.5058467599960244 -0.5475885069990324 -0.66653273168247
		outer loop
			vertex -6.107936859130859 -0.896582484245299 -6.107936859130859
			vertex -5.50111198425293 -0.8398551940917954 -6.615074157714844
			vertex -5.501109600067139 -0.8398550748825059 -6.615076065063477
		endloop
	endfacet
	facet normal -0.6295409368246236 -0.1234465920284472 -0.7670978736631575
		outer loop
			vertex -5.303300857543945 -9.999999999999998 -5.303300857543947
			vertex -6.107936859130859 -0.896582484245299 -6.107936859130859
			vertex -5.501109600067139 -0.8398550748825059 -6.615076065063477
		endloop
	endfacet
	facet normal -0.6295156203725768 -0.12344896584360686 -0.7671182676348373
		outer loop
			vertex -5.303300857543945 -9.999999999999998 -5.303300857543947
			vertex -5.501109600067139 -0.8398550748825059 -6.615076065063477
			vertex -5.496984004974365 -0.8397099971771226 -6.618484973907471
		endloop
	endfacet
	facet normal -0.767097771267353 -0.1234465915888514 -0.6295410616804555
		outer loop
			vertex -5.303300857543945 -9.999999999999998 -5.303300857543947
			vertex -6.682426452636719 -0.8406212925910937 -5.418892860412598
			vertex -6.107936859130859 -0.8965823054313646 -6.107936859130859
		endloop
	endfacet
	facet normal -0.7550964563280158 -0.2401183751463165 -0.6100594295295877
		outer loop
			vertex -6.682426452636719 -0.8406212925910937 -5.418892860412598
			vertex -6.107943534851074 -0.8965806961059557 -6.107929229736328
			vertex -6.107936859130859 -0.8965823054313646 -6.107936859130859
		endloop
	endfacet
	facet normal -0.7670978140650397 -0.12344733353512127 -0.6295408640427611
		outer loop
			vertex -6.682426452636719 -0.8406212925910937 -5.418892860412598
			vertex -6.427068710327148 -0.8498616218566882 -5.728235244750977
			vertex -6.107943534851074 -0.8965806961059557 -6.107929229736328
		endloop
	endfacet
	facet normal -0.6118857097449939 0.5373434915998963 -0.5803945642794196
		outer loop
			vertex -6.427068710327148 -0.8498616218566882 -5.728235244750977
			vertex -6.107946872711182 -0.8965798616409288 -6.107924938201904
			vertex -6.107943534851074 -0.8965806961059557 -6.107929229736328
		endloop
	endfacet
	facet normal -0.767097563703544 -0.1234455842159751 -0.6295415121321737
		outer loop
			vertex -6.427068710327148 -0.8498616218566882 -5.728235244750977
			vertex -6.283267498016357 -0.8656662702560411 -5.900358200073242
			vertex -6.107946872711182 -0.8965798616409288 -6.107924938201904
		endloop
	endfacet
	facet normal -0.6152601256883428 -0.6669015333129333 -0.42035380645692183
		outer loop
			vertex -6.283267498016357 -0.8656662702560411 -5.900358200073242
			vertex -6.1079511642456055 -0.8965789079666124 -6.107920169830322
			vertex -6.107946872711182 -0.8965798616409288 -6.107924938201904
		endloop
	endfacet
	facet normal -0.5020945257618417 -0.7922617138848496 -0.3467311118319675
		outer loop
			vertex -6.427068710327148 -0.8498616218566882 -5.728235244750977
			vertex -6.378430366516113 -0.8552071452140795 -5.7864532470703125
			vertex -6.283267498016357 -0.8656662702560411 -5.900358200073242
		endloop
	endfacet
	facet normal -0.6009580150697399 -0.6667045717724626 -0.4408565277968965
		outer loop
			vertex -6.283271789550781 -0.8656655550003038 -5.90035343170166
			vertex -6.283267498016357 -0.8656662702560411 -5.900358200073242
			vertex -6.378430366516113 -0.8552071452140795 -5.7864532470703125
		endloop
	endfacet
	facet normal -0.7253896044100723 -0.38486730800202823 -0.5706900008280071
		outer loop
			vertex -6.427068710327148 -0.8498616218566882 -5.728235244750977
			vertex -6.427066802978516 -0.849861681461333 -5.728237628936768
			vertex -6.378430366516113 -0.8552071452140795 -5.7864532470703125
		endloop
	endfacet
	facet normal -0.6205916916089267 0.2594417322260918 -0.7399702290535045
		outer loop
			vertex -5.64349365234375 -0.844862580299376 -6.497418403625488
			vertex -5.598764419555664 -0.8432894349098191 -6.534379959106445
			vertex -5.50111198425293 -0.8398551940917954 -6.615074157714844
		endloop
	endfacet
	facet normal -0.6295401493929813 -0.1234468858537141 -0.7670984726065375
		outer loop
			vertex -5.806224346160889 -0.8570250868797288 -6.361911773681641
			vertex -5.692541122436523 -0.8465875387191758 -6.456888675689697
			vertex -5.64349365234375 -0.844862580299376 -6.497418403625488
		endloop
	endfacet
	facet normal -0.2538020280858663 -0.9237608062918524 -0.2867934854534325
		outer loop
			vertex -5.484115123748779 -0.839257419109343 -6.629118919372559
			vertex -5.484111785888672 -0.8392572999000535 -6.629122257232666
			vertex -5.39007043838501 -0.8412330150604234 -6.705981731414795
		endloop
	endfacet
	facet normal -0.6295518731269177 -0.12330049337326116 -0.7671123955303418
		outer loop
			vertex -5.496984004974365 -0.8397099971771226 -6.618484973907471
			vertex -5.484115123748779 -0.839257419109343 -6.629118919372559
			vertex -5.39007043838501 -0.8412330150604234 -6.705981731414795
		endloop
	endfacet
	facet normal -0.6295350653767319 -0.12353976126054746 -0.7670876930630557
		outer loop
			vertex -5.496984004974365 -0.8397099971771226 -6.618484973907471
			vertex -5.39007043838501 -0.8412330150604234 -6.705981731414795
			vertex -5.266122341156006 -0.8443194627761825 -6.807206630706787
		endloop
	endfacet
	facet normal -0.6295441367823238 -0.1234039601202843 -0.767102106938594
		outer loop
			vertex -5.496984004974365 -0.8397099971771226 -6.618484973907471
			vertex -5.266122341156006 -0.8443194627761825 -6.807206630706787
			vertex -5.179826259613037 -0.8509356379508957 -6.8769636154174805
		endloop
	endfacet
	facet normal -0.6295397291010814 -0.12348077918133976 -0.7670933624117121
		outer loop
			vertex -5.496984004974365 -0.8397099971771226 -6.618484973907471
			vertex -5.179826259613037 -0.8509356379508957 -6.8769636154174805
			vertex -4.997178077697754 -0.8686404824256881 -7.024009704589844
		endloop
	endfacet
	facet normal -0.6295408051389155 -0.12345612604473875 -0.767096447395679
		outer loop
			vertex -5.496984004974365 -0.8397099971771226 -6.618484973907471
			vertex -4.997178077697754 -0.8686404824256881 -7.024009704589844
			vertex -4.826086521148682 -0.8926220536231979 -7.160561561584473
		endloop
	endfacet
	facet normal -0.6295411324876042 -0.12344548544527585 -0.767097891164749
		outer loop
			vertex -5.496984004974365 -0.8397099971771226 -6.618484973907471
			vertex -4.826086521148682 -0.8926220536231979 -7.160561561584473
			vertex -4.798898220062256 -0.8976903557777389 -7.182058811187744
		endloop
	endfacet
	facet normal -0.6295411009868047 -0.1234466030249581 -0.7670977371690781
		outer loop
			vertex -4.166776657104492 -9.999999999999998 -6.236021995544435
			vertex -5.496984004974365 -0.8397099971771226 -6.618484973907471
			vertex -4.798898220062256 -0.8976903557777389 -7.182058811187744
		endloop
	endfacet
	facet normal -0.4677912417001044 -0.12344660751551523 -0.8751755762597496
		outer loop
			vertex -4.166776657104492 -9.999999999999998 -6.236021995544435
			vertex -4.798898220062256 -0.8976903557777389 -7.182058811187744
			vertex -4.105910778045654 -0.8402356505393965 -7.560572624206543
		endloop
	endfacet
	facet normal -0.4678099318151452 -0.12344507002623137 -0.8751658027947208
		outer loop
			vertex -4.166776657104492 -9.999999999999998 -6.236021995544435
			vertex -4.105910778045654 -0.8402356505393965 -7.560572624206543
			vertex -4.100083351135254 -0.8402714729309065 -7.563682556152344
		endloop
	endfacet
	facet normal -0.4677818603899243 -0.12352236968097155 -0.8751699008070026
		outer loop
			vertex -4.798898220062256 -0.8976903557777389 -7.182058811187744
			vertex -4.126870155334473 -0.8401068449020369 -7.5493879318237305
			vertex -4.105910778045654 -0.8402356505393965 -7.560572624206543
		endloop
	endfacet
	facet normal -0.46779267343556336 -0.1234365487868524 -0.8751762297409588
		outer loop
			vertex -4.798898220062256 -0.8976903557777389 -7.182058811187744
			vertex -4.382925510406494 -0.8502584695816023 -7.411091327667236
			vertex -4.126870155334473 -0.8401068449020369 -7.5493879318237305
		endloop
	endfacet
	facet normal -0.46777457137044737 -0.12363784877282515 -0.8751574902439118
		outer loop
			vertex -4.382925510406494 -0.8502584695816023 -7.411091327667236
			vertex -4.1449809074401855 -0.8399955630302413 -7.5397233963012695
			vertex -4.126870155334473 -0.8401068449020369 -7.5493879318237305
		endloop
	endfacet
	facet normal -0.46778547384725905 -0.12348515843704752 -0.8751732206273639
		outer loop
			vertex -4.382925510406494 -0.8502584695816023 -7.411091327667236
			vertex -4.798898220062256 -0.8976903557777389 -7.182058811187744
			vertex -4.620634078979492 -0.872291982173918 -7.280925750732422
		endloop
	endfacet
	facet normal -0.47281637556993555 0.3661734225984101 -0.8014747030165555
		outer loop
			vertex -4.382925510406494 -0.8502584695816023 -7.411091327667236
			vertex -4.620634078979492 -0.872291982173918 -7.280925750732422
			vertex -4.512665748596191 -0.862283825874327 -7.340047359466553
		endloop
	endfacet
	facet normal -0.47666987840851277 0.08505517817649685 -0.8749579668094796
		outer loop
			vertex -4.275750637054443 -0.8456358909606917 -7.469029426574707
			vertex -4.145007133483887 -0.8399953842163069 -7.539709091186523
			vertex -4.1449809074401855 -0.8399955630302413 -7.5397233963012695
		endloop
	endfacet
	facet normal -0.4677897197518225 -0.12367503366192775 -0.8751441390669497
		outer loop
			vertex -3.596118688583374 -0.8620357513427717 -7.829987049102783
			vertex -3.906532049179077 -0.8414611220359786 -7.6669697761535645
			vertex -3.7987048625946045 -0.8474063873290999 -7.723766326904297
		endloop
	endfacet
	facet normal -0.4677898966158929 -0.1235524199296853 -0.8751613634945336
		outer loop
			vertex -3.596118688583374 -0.8620357513427717 -7.829987049102783
			vertex -3.7987048625946045 -0.8474063873290999 -7.723766326904297
			vertex -3.6671500205993652 -0.854659974575041 -7.793060779571533
		endloop
	endfacet
	facet normal -0.4677913275641272 -0.12341285962586523 -0.8751802899601648
		outer loop
			vertex -4.100080966949463 -0.8402714729309065 -7.563683986663818
			vertex -3.906532049179077 -0.8414611220359786 -7.6669697761535645
			vertex -3.596118688583374 -0.8620357513427717 -7.829987049102783
		endloop
	endfacet
	facet normal -0.04771988038801887 0.9841599008758434 -0.1707398679974993
		outer loop
			vertex -4.100080966949463 -0.8402714729309065 -7.563683986663818
			vertex -3.596118688583374 -0.8620357513427717 -7.829987049102783
			vertex -3.596118211746216 -0.8620358109474164 -7.829987525939941
		endloop
	endfacet
	facet normal -0.29605672677407274 -0.8178504409651458 -0.49342787795678794
		outer loop
			vertex -4.100083351135254 -0.8402714729309065 -7.563682556152344
			vertex -4.100080966949463 -0.8402714729309065 -7.563683986663818
			vertex -3.596118211746216 -0.8620358109474164 -7.829987525939941
		endloop
	endfacet
	facet normal -0.4677908598320669 -0.12345341535837888 -0.8751748200753534
		outer loop
			vertex -4.100083351135254 -0.8402714729309065 -7.563682556152344
			vertex -3.596118211746216 -0.8620358109474164 -7.829987525939941
			vertex -3.373014450073242 -0.8877890110015851 -7.945606231689453
		endloop
	endfacet
	facet normal -0.4677907993863719 -0.12346226683817206 -0.8751736037362184
		outer loop
			vertex -4.100083351135254 -0.8402714729309065 -7.563682556152344
			vertex -3.373014450073242 -0.8877890110015851 -7.945606231689453
			vertex -3.305521011352539 -0.8980610370635969 -7.980233192443848
		endloop
	endfacet
	facet normal -0.08972171558315725 -0.9888955169460378 0.11847223437094298
		outer loop
			vertex -3.373014450073242 -0.8877890110015851 -7.945606231689453
			vertex -3.3149561882019043 -0.8966251015663129 -7.975392818450928
			vertex -3.305521011352539 -0.8980610370635969 -7.980233192443848
		endloop
	endfacet
	facet normal -0.2386888304515348 0.8567616525547824 -0.45715108326381204
		outer loop
			vertex -3.906532049179077 -0.8414611220359786 -7.6669697761535645
			vertex -4.100080966949463 -0.8402714729309065 -7.563683986663818
			vertex -4.037882328033447 -0.8406537175178511 -7.5968756675720215
		endloop
	endfacet
	facet normal -0.2880669593889553 -0.1234260570816232 -0.9496227858163926
		outer loop
			vertex -3.305521011352539 -0.8980610966682416 -7.980233669281006
			vertex -3.1761014461517334 -0.8796502351760846 -8.021885871887207
			vertex -2.863459348678589 -0.8519040346145612 -8.120331764221191
		endloop
	endfacet
	facet normal -0.2880666316493195 -0.12342852435930594 -0.9496225645511482
		outer loop
			vertex -3.305521011352539 -0.8980610966682416 -7.980233669281006
			vertex -2.863459348678589 -0.8519040346145612 -8.120331764221191
			vertex -2.6142122745513916 -0.8412100076675397 -8.197330474853516
		endloop
	endfacet
	facet normal -0.28806253088764805 -0.12346502194302916 -0.9496190639699745
		outer loop
			vertex -3.305521011352539 -0.8980610966682416 -7.980233669281006
			vertex -2.6142122745513916 -0.8412100076675397 -8.197330474853516
			vertex -2.5489816665649414 -0.840840280055998 -8.21716594696045
		endloop
	endfacet
	facet normal -0.28806448722288364 -0.12344661032970079 -0.9496208641342734
		outer loop
			vertex -2.8701257705688477 -9.999999999999998 -6.929096698760988
			vertex -3.305521011352539 -0.8980610966682416 -7.980233669281006
			vertex -2.5489816665649414 -0.840840280055998 -8.21716594696045
		endloop
	endfacet
	facet normal -0.28805759687326227 -0.12344713624874908 -0.9496228859055494
		outer loop
			vertex -2.8701257705688477 -9.999999999999998 -6.929096698760988
			vertex -2.5489816665649414 -0.840840280055998 -8.21716594696045
			vertex -2.545635223388672 -0.8408213257789594 -8.218183517456055
		endloop
	endfacet
	facet normal -0.46779123180863413 -0.12344660816850382 -0.8751755814547462
		outer loop
			vertex -2.8701257705688477 -9.999999999999998 -6.929096698760988
			vertex -4.100083351135254 -0.8402714729309065 -7.563682556152344
			vertex -3.305521011352539 -0.8980610966682416 -7.980233669281006
		endloop
	endfacet
	facet normal -0.28808713348001797 -0.12315841088814286 -0.9496514146521204
		outer loop
			vertex -2.863459348678589 -0.8519040346145612 -8.120331764221191
			vertex -2.6590490341186523 -0.841464161872862 -8.183695793151855
			vertex -2.6142122745513916 -0.8412100076675397 -8.197330474853516
		endloop
	endfacet
	facet normal -0.2996686018818712 0.1734616712465948 -0.9381416618264552
		outer loop
			vertex -2.863459348678589 -0.8519040346145612 -8.120331764221191
			vertex -2.8008856773376465 -0.8487077355384809 -8.139728546142578
			vertex -2.6590490341186523 -0.841464161872862 -8.183695793151855
		endloop
	endfacet
	facet normal -0.08393227117091831 -0.9037918567116974 -0.4196613558545916
		outer loop
			vertex -2.8008856773376465 -0.8487077355384809 -8.139728546142578
			vertex -2.6590538024902344 -0.841464161872862 -8.183694839477539
			vertex -2.6590490341186523 -0.841464161872862 -8.183695793151855
		endloop
	endfacet
	facet normal -0.012868080375815142 0.999636518737578 -0.023690565921008454
		outer loop
			vertex -2.545635223388672 -0.8408213257789594 -8.218183517456055
			vertex -2.542860746383667 -0.8408055901527387 -8.219026565551758
			vertex -2.4004392623901367 -0.8399986028671246 -8.262334823608398
		endloop
	endfacet
	facet normal -0.2809756842782658 -0.3415735287645 -0.8968724487304355
		outer loop
			vertex -2.4004392623901367 -0.8399986028671246 -8.262334823608398
			vertex -2.283834457397461 -0.8446158766746502 -8.297106742858887
			vertex -2.4004483222961426 -0.8399986624717694 -8.26233196258545
		endloop
	endfacet
	facet normal -0.2880684705305273 -0.12328005130311602 -0.9496412929295482
		outer loop
			vertex -2.545635223388672 -0.8408213257789594 -8.218183517456055
			vertex -2.4004483222961426 -0.8399986624717694 -8.26233196258545
			vertex -2.283834457397461 -0.8446158766746502 -8.297106742858887
		endloop
	endfacet
	facet normal -0.28806272252883003 -0.12353422905400666 -0.949610005287071
		outer loop
			vertex -2.545635223388672 -0.8408213257789594 -8.218183517456055
			vertex -2.283834457397461 -0.8446158766746502 -8.297106742858887
			vertex -2.075258493423462 -0.8558516502380352 -8.358916282653809
		endloop
	endfacet
	facet normal -0.2880605653117355 -0.12338098584444974 -0.9496305824078831
		outer loop
			vertex -2.283834457397461 -0.8446158766746502 -8.297106742858887
			vertex -2.1412477493286133 -0.8502620458602886 -8.339625358581543
			vertex -2.075258493423462 -0.8558516502380352 -8.358916282653809
		endloop
	endfacet
	facet normal -0.23722339104477722 -0.6661665608140778 -0.7070694279873515
		outer loop
			vertex -2.283834457397461 -0.8446158766746502 -8.297106742858887
			vertex -2.141258955001831 -0.8502610921859722 -8.339622497558594
			vertex -2.1412477493286133 -0.8502620458602886 -8.339625358581543
		endloop
	endfacet
	facet normal -0.09727012578066409 -0.12343246683893966 -0.9875742750601941
		outer loop
			vertex -1.68514883518219 -0.8976954221725445 -8.47181510925293
			vertex -1.6175973415374756 -0.8877502083778362 -8.479711532592773
			vertex -1.3121955394744873 -0.8576672077178936 -8.513551712036133
		endloop
	endfacet
	facet normal -0.09726773419011019 -0.12345239789433156 -0.9875720193179138
		outer loop
			vertex -1.68514883518219 -0.8976954221725445 -8.47181510925293
			vertex -1.3121955394744873 -0.8576672077178936 -8.513551712036133
			vertex -1.01707923412323 -0.8426568508148174 -8.54449462890625
		endloop
	endfacet
	facet normal -0.09726129940250867 -0.12352015379470835 -0.9875641808232352
		outer loop
			vertex -1.68514883518219 -0.8976954221725445 -8.47181510925293
			vertex -1.01707923412323 -0.8426568508148174 -8.54449462890625
			vertex -0.8978638648986816 -0.840707838535307 -8.556479454040527
		endloop
	endfacet
	facet normal -0.11191032735540693 0.07378941264894531 -0.9909748741578313
		outer loop
			vertex -1.68514883518219 -0.8976954221725445 -8.47181510925293
			vertex -0.8978638648986816 -0.840707838535307 -8.556479454040527
			vertex -0.8978553414344788 -0.8407077193260174 -8.556480407714844
		endloop
	endfacet
	facet normal -0.09726767413258103 -0.12344654784366979 -0.9875727565067389
		outer loop
			vertex -1.4631774425506592 -9.999999999999998 -7.355889797210695
			vertex -1.68514883518219 -0.8976954221725445 -8.47181510925293
			vertex -0.8978553414344788 -0.8407077193260174 -8.556480407714844
		endloop
	endfacet
	facet normal -0.09721779800503987 -0.12345020999475269 -0.9875772098440216
		outer loop
			vertex -1.4631774425506592 -9.999999999999998 -7.355889797210695
			vertex -0.8978553414344788 -0.8407077193260174 -8.556480407714844
			vertex -0.8934516310691833 -0.8406357169151287 -8.556922912597656
		endloop
	endfacet
	facet normal -0.2880636277252794 -0.1234465550028721 -0.9496211320519751
		outer loop
			vertex -1.4631774425506592 -9.999999999999998 -7.355889797210695
			vertex -2.545635223388672 -0.8408213257789594 -8.218183517456055
			vertex -1.68514883518219 -0.8976954221725445 -8.47181510925293
		endloop
	endfacet
	facet normal -0.2880635878989122 -0.12344499311905273 -0.9496213471698302
		outer loop
			vertex -2.545635223388672 -0.8408213257789594 -8.218183517456055
			vertex -1.8045539855957031 -0.8822193741798382 -8.437605857849121
			vertex -1.68514883518219 -0.8976954221725445 -8.47181510925293
		endloop
	endfacet
	facet normal -0.2880632992856034 -0.12342689081974761 -0.9496237877324173
		outer loop
			vertex -2.545635223388672 -0.8408213257789594 -8.218183517456055
			vertex -2.0752646923065186 -0.8558514118194561 -8.358914375305176
			vertex -1.8045539855957031 -0.8822193741798382 -8.437605857849121
		endloop
	endfacet
	facet normal -0.28806047497641396 -0.12337534979287566 -0.9496313420585109
		outer loop
			vertex -2.0752646923065186 -0.8558514118194561 -8.358914375305176
			vertex -1.8811074495315552 -0.8722972869873028 -8.41567325592041
			vertex -1.8045539855957031 -0.8822193741798382 -8.437605857849121
		endloop
	endfacet
	facet normal -0.28291984138135184 -0.03166077953967968 -0.9586208626937401
		outer loop
			vertex -2.0752646923065186 -0.8558514118194561 -8.358914375305176
			vertex -2.0234174728393555 -0.860242784023283 -8.37407112121582
			vertex -1.8811074495315552 -0.8722972869873028 -8.41567325592041
		endloop
	endfacet
	facet normal -0.2723813582696265 -0.5885202936628512 -0.7612176164633772
		outer loop
			vertex -2.0234174728393555 -0.860242784023283 -8.37407112121582
			vertex -1.8811111450195312 -0.8722968101501446 -8.415672302246094
			vertex -1.8811074495315552 -0.8722972869873028 -8.41567325592041
		endloop
	endfacet
	facet normal -0.2898067460518145 -0.17209012511278562 -0.9414866110474035
		outer loop
			vertex -2.0234174728393555 -0.860242784023283 -8.37407112121582
			vertex -1.8811312913894653 -0.8722941875457745 -8.415666580200195
			vertex -1.8811111450195312 -0.8722968101501446 -8.415672302246094
		endloop
	endfacet
	facet normal -0.29097070676407627 -0.30157760282816815 -0.907957596629727
		outer loop
			vertex -2.075258493423462 -0.8558516502380352 -8.358916282653809
			vertex -2.0234174728393555 -0.860242784023283 -8.37407112121582
			vertex -2.0752646923065186 -0.8558514118194561 -8.358914375305176
		endloop
	endfacet
	facet normal -0.08130238101097631 0.7172130630899193 -0.6920948959319968
		outer loop
			vertex -1.01707923412323 -0.8426568508148174 -8.54449462890625
			vertex -0.9577302932739258 -0.8416863679885845 -8.550460815429688
			vertex -0.8978638648986816 -0.840707838535307 -8.556479454040527
		endloop
	endfacet
	facet normal -0.09726812104021672 -0.12344628798539364 -0.9875727449722036
		outer loop
			vertex -1.3121955394744873 -0.8576672077178936 -8.513551712036133
			vertex -1.0786426067352295 -0.8436635732650738 -8.538305282592773
			vertex -1.01707923412323 -0.8426568508148174 -8.54449462890625
		endloop
	endfacet
	facet normal -0.05510726895688709 0.9974945222915451 0.044360645920404826
		outer loop
			vertex -1.3121955394744873 -0.8576672077178936 -8.513551712036133
			vertex -1.2261440753936768 -0.8525076508522015 -8.522671699523926
			vertex -1.0786426067352295 -0.8436635732650738 -8.538305282592773
		endloop
	endfacet
	facet normal -0.09640782531563478 -0.07445982589049299 -0.9925529031473677
		outer loop
			vertex -0.8096665143966675 -0.8392663002014141 -8.565346717834473
			vertex -0.6886721253395081 -0.8425614833831768 -8.576851844787598
			vertex -0.8095455169677734 -0.8392704129219036 -8.56535816192627
		endloop
	endfacet
	facet normal -0.09727220124064327 -0.12372000558150233 -0.9875380899411997
		outer loop
			vertex -0.49406906962394714 -0.8498803973197918 -8.59510326385498
			vertex -0.8095455169677734 -0.8392704129219036 -8.56535816192627
			vertex -0.6886721253395081 -0.8425614833831768 -8.576851844787598
		endloop
	endfacet
	facet normal -0.09727024143185736 -0.12364352981516888 -0.9875478609498548
		outer loop
			vertex -0.5404763221740723 -0.8465974330902081 -8.590943336486816
			vertex -0.49406906962394714 -0.8498803973197918 -8.59510326385498
			vertex -0.6886721253395081 -0.8425614833831768 -8.576851844787598
		endloop
	endfacet
	facet normal -0.09788342437227598 -0.17132511150642102 -0.9803400131589395
		outer loop
			vertex -0.5404763221740723 -0.8465974330902081 -8.590943336486816
			vertex -0.6886721253395081 -0.8425614833831768 -8.576851844787598
			vertex -0.5404981374740601 -0.8465958833694439 -8.590941429138184
		endloop
	endfacet
	facet normal 0.08561282058495565 0.0506925151864483 -0.9950380464361953
		outer loop
			vertex 0.392953097820282 -0.8570340871810894 -8.604167938232422
			vertex 0.5404981374740601 -0.8465960025787335 -8.590941429138184
			vertex 0.540509045124054 -0.8465957045555096 -8.590940475463867
		endloop
	endfacet
	facet normal 0.09727926610962369 -0.12372950262090748 -0.9875362041800574
		outer loop
			vertex 0.392953097820282 -0.8570340871810894 -8.604167938232422
			vertex 0.540509045124054 -0.8465957045555096 -8.590940475463867
			vertex 0.6038500666618347 -0.844870686531065 -8.584917068481445
		endloop
	endfacet
	facet normal 0.0972633112316982 -0.12338146283249445 -0.9875813196479365
		outer loop
			vertex 1.0578408131010561e-15 -0.8965942263603192 -8.63792610168457
			vertex 0.392953097820282 -0.8570340871810894 -8.604167938232422
			vertex 0.6038500666618347 -0.844870686531065 -8.584917068481445
		endloop
	endfacet
	facet normal 0.09726422135716907 -0.12339375381002383 -0.9875796943864606
		outer loop
			vertex 0.7876939177513123 -0.8398647904396038 -8.567436218261719
			vertex 1.0578408131010561e-15 -0.8965942263603192 -8.63792610168457
			vertex 0.6038500666618347 -0.844870686531065 -8.584917068481445
		endloop
	endfacet
	facet normal 0.0923460021480535 -0.589708065896992 -0.8023195204550994
		outer loop
			vertex 0.7876939177513123 -0.8398647904396038 -8.567436218261719
			vertex 0.6038500666618347 -0.844870686531065 -8.584917068481445
			vertex 0.6616027355194092 -0.8432978987693768 -8.579425811767578
		endloop
	endfacet
	facet normal 0.09726741048693503 -0.12344663762798197 -0.9875727712505604
		outer loop
			vertex 1.0809304018476163e-15 -9.999999999999998 -7.500000000000002
			vertex 1.0578408131010561e-15 -0.8965942263603192 -8.63792610168457
			vertex 0.7876939177513123 -0.8398647904396038 -8.567436218261719
		endloop
	endfacet
	facet normal 0.09740545526294811 -0.12345677512202977 -0.9875578980300277
		outer loop
			vertex 1.0809304018476163e-15 -9.999999999999998 -7.500000000000002
			vertex 0.7876939177513123 -0.8398647904396038 -8.567436218261719
			vertex 0.7930216789245605 -0.8397197127342205 -8.56692886352539
		endloop
	endfacet
	facet normal -0.09726819455170292 -0.12344662812349404 -0.9875726952146825
		outer loop
			vertex 9.184850467946473e-16 -9.999999999999998 -7.500000000000002
			vertex -0.8934516310691833 -0.8406357169151287 -8.556922912597656
			vertex 1.146644806082381e-15 -0.8965942263603192 -8.63792610168457
		endloop
	endfacet
	facet normal -0.09726874173726455 -0.12345739008680616 -0.9875712960155351
		outer loop
			vertex -0.8934516310691833 -0.8406357169151287 -8.556922912597656
			vertex -0.18174731731414795 -0.8758413195610028 -8.62261962890625
			vertex 1.146644806082381e-15 -0.8965942263603192 -8.63792610168457
		endloop
	endfacet
	facet normal -0.09726609805722397 -0.12338705805157017 -0.9875803461359998
		outer loop
			vertex -0.8934516310691833 -0.8406357169151287 -8.556922912597656
			vertex -0.4185686409473419 -0.8552213907241802 -8.601871490478516
			vertex -0.18174731731414795 -0.8758413195610028 -8.62261962890625
		endloop
	endfacet
	facet normal -0.09728106218585396 -0.12358535454321666 -0.9875540770420725
		outer loop
			vertex -0.4185686409473419 -0.8552213907241802 -8.601871490478516
			vertex -0.27074214816093445 -0.8656793832778912 -8.615124702453613
			vertex -0.18174731731414795 -0.8758413195610028 -8.62261962890625
		endloop
	endfacet
	facet normal -0.09726887084476173 -0.12353528039216771 -0.9875615430255542
		outer loop
			vertex -0.8934516310691833 -0.8406357169151287 -8.556922912597656
			vertex -0.49406906962394714 -0.8498803973197918 -8.59510326385498
			vertex -0.4185686409473419 -0.8552213907241802 -8.601871490478516
		endloop
	endfacet
	facet normal -0.09726943508101736 -0.12358619480309835 -0.9875551171722571
		outer loop
			vertex -0.8934516310691833 -0.8406357169151287 -8.556922912597656
			vertex -0.8096665143966675 -0.8392663002014141 -8.565346717834473
			vertex -0.49406906962394714 -0.8498803973197918 -8.59510326385498
		endloop
	endfacet
	facet normal 0.09726287589471133 -0.12337658164609679 -0.9875819723314182
		outer loop
			vertex 1.0578408131010561e-15 -0.8965942263603192 -8.63792610168457
			vertex 0.2707330882549286 -0.8656805157661419 -8.615124702453613
			vertex 0.392953097820282 -0.8570340871810894 -8.604167938232422
		endloop
	endfacet
	facet normal 0.10398808054523272 -0.8781215690486318 -0.466999988304162
		outer loop
			vertex 0.27074214816093445 -0.865679442882536 -8.615124702453613
			vertex 0.392953097820282 -0.8570340871810894 -8.604167938232422
			vertex 0.2707330882549286 -0.8656805157661419 -8.615124702453613
		endloop
	endfacet
	facet normal 0.09056012130886891 -0.3001984149928907 -0.949568205061795
		outer loop
			vertex 0.809644341468811 -0.839267134666441 -8.565348625183105
			vertex 0.8096665143966675 -0.8392664790153485 -8.565346717834473
			vertex 0.9305126667022705 -0.8412426114082318 -8.553196907043457
		endloop
	endfacet
	facet normal 0.1435450323804757 0.8612701942828542 -0.4874509986848557
		outer loop
			vertex 1.4707087278366089 -0.8725335597991924 -8.496081352233887
			vertex 1.6175973415374756 -0.8877502083778362 -8.479711532592773
			vertex 1.6175976991653442 -0.887750267982481 -8.479711532592773
		endloop
	endfacet
	facet normal -0.09113295259193738 -0.990500073983739 -0.10297761111078234
		outer loop
			vertex 1.433232069015503 -0.8686512708663922 -8.50025749206543
			vertex 1.4707087278366089 -0.8725335597991924 -8.496081352233887
			vertex 1.6175976991653442 -0.887750267982481 -8.479711532592773
		endloop
	endfacet
	facet normal 0.09730050558923715 -0.12316909134676617 -0.9876041649106646
		outer loop
			vertex 1.433232069015503 -0.8686512708663922 -8.50025749206543
			vertex 1.6175976991653442 -0.887750267982481 -8.479711532592773
			vertex 1.650724172592163 -0.8926272988319378 -8.475839614868164
		endloop
	endfacet
	facet normal 0.0972674928309572 -0.1234377133133983 -0.9875738786391322
		outer loop
			vertex 0.7930216789245605 -0.8397197127342205 -8.56692886352539
			vertex 1.433232069015503 -0.8686512708663922 -8.50025749206543
			vertex 1.650724172592163 -0.8926272988319378 -8.475839614868164
		endloop
	endfacet
	facet normal 0.09725511656405168 -0.12360452611660055 -0.9875542331566421
		outer loop
			vertex 0.7930216789245605 -0.8397197127342205 -8.56692886352539
			vertex 1.650724172592163 -0.8926272988319378 -8.475839614868164
			vertex 1.68514883518219 -0.8976954221725445 -8.47181510925293
		endloop
	endfacet
	facet normal 0.09726736136866349 -0.123446544051222 -0.9875727877853802
		outer loop
			vertex 1.4631774425506592 -9.999999999999998 -7.355889797210695
			vertex 0.7930216789245605 -0.8397197127342205 -8.56692886352539
			vertex 1.68514883518219 -0.8976954221725445 -8.47181510925293
		endloop
	endfacet
	facet normal 0.28806425069404357 -0.12344654715188554 -0.9496209440973575
		outer loop
			vertex 1.4631774425506592 -9.999999999999998 -7.355889797210695
			vertex 1.68514883518219 -0.8976954221725445 -8.47181510925293
			vertex 2.442815065383911 -0.8402387499809247 -8.249448776245117
		endloop
	endfacet
	facet normal 0.2880729968268483 -0.12344721525719005 -0.9496182040928048
		outer loop
			vertex 1.4631774425506592 -9.999999999999998 -7.355889797210695
			vertex 2.442815065383911 -0.8402387499809247 -8.249448776245117
			vertex 2.449134349822998 -0.8402745723724347 -8.247527122497559
		endloop
	endfacet
	facet normal 0.2880748355493232 -0.12375285138983977 -0.9495778645777896
		outer loop
			vertex 1.68514883518219 -0.8976954221725445 -8.47181510925293
			vertex 2.4200825691223145 -0.8401098847389202 -8.256361961364746
			vertex 2.442815065383911 -0.8402387499809247 -8.249448776245117
		endloop
	endfacet
	facet normal 0.2880627526187653 -0.12342555369779347 -0.9496241273514975
		outer loop
			vertex 1.68514883518219 -0.8976954221725445 -8.47181510925293
			vertex 2.2032628059387207 -0.8478058576583843 -8.32113265991211
			vertex 2.4200825691223145 -0.8401098847389202 -8.256361961364746
		endloop
	endfacet
	facet normal 0.28806300159222303 -0.12334374274421296 -0.9496346814641556
		outer loop
			vertex 2.2032628059387207 -0.8478058576583843 -8.32113265991211
			vertex 2.400439977645874 -0.8399985432624798 -8.262334823608398
			vertex 2.4200825691223145 -0.8401098847389202 -8.256361961364746
		endloop
	endfacet
	facet normal 0.2553655196768405 -0.5704638564439877 -0.7806147832645952
		outer loop
			vertex 2.2032628059387207 -0.8478058576583843 -8.32113265991211
			vertex 2.258011817932129 -0.8456379175186138 -8.30480670928955
			vertex 2.400439977645874 -0.8399985432624798 -8.262334823608398
		endloop
	endfacet
	facet normal 0 0.9912997426837167 -0.13162378263519492
		outer loop
			vertex 2.258011817932129 -0.8456379175186138 -8.30480670928955
			vertex 2.4004392623901367 -0.8399985432624798 -8.262334823608398
			vertex 2.400439977645874 -0.8399985432624798 -8.262334823608398
		endloop
	endfacet
	facet normal 0.005434363689237284 -0.95132022184553 -0.30815629670520267
		outer loop
			vertex 3.034943103790283 -0.8660118579864484 -8.066478729248047
			vertex 3.1761014461517334 -0.8796502351760846 -8.021885871887207
			vertex 3.176103353500366 -0.8796505331993085 -8.02188491821289
		endloop
	endfacet
	facet normal 0.12300851527707939 -0.7707781046160893 -0.6251160041254403
		outer loop
			vertex 2.993880271911621 -0.8620446324348432 -8.079450607299805
			vertex 3.034943103790283 -0.8660118579864484 -8.066478729248047
			vertex 3.176103353500366 -0.8796505331993085 -8.02188491821289
		endloop
	endfacet
	facet normal 0.2880774006541318 -0.12335147693845977 -0.9496293089250455
		outer loop
			vertex 2.993880271911621 -0.8620446324348432 -8.079450607299805
			vertex 3.176103353500366 -0.8796505331993085 -8.02188491821289
			vertex 3.2333173751831055 -0.8877896666526777 -8.003471374511719
		endloop
	endfacet
	facet normal 0.2880629711575217 -0.12345781275731454 -0.9496198676929
		outer loop
			vertex 2.449134349822998 -0.8402746915817243 -8.247527122497559
			vertex 2.993880271911621 -0.8620446324348432 -8.079450607299805
			vertex 3.2333173751831055 -0.8877896666526777 -8.003471374511719
		endloop
	endfacet
	facet normal 0.28805829185899695 -0.12352170918135723 -0.9496129779295318
		outer loop
			vertex 2.449134349822998 -0.8402746915817243 -8.247527122497559
			vertex 2.6590538024902344 -0.841464161872862 -8.183694839477539
			vertex 2.993880271911621 -0.8620446324348432 -8.079450607299805
		endloop
	endfacet
	facet normal 0.2880715468243551 -0.12337940183038958 -0.9496274570136433
		outer loop
			vertex 2.6590538024902344 -0.841464161872862 -8.183694839477539
			vertex 2.9175119400024414 -0.8546664714813215 -8.103575706481934
			vertex 2.993880271911621 -0.8620446324348432 -8.079450607299805
		endloop
	endfacet
	facet normal 0.46778871050883786 -0.12338576166483071 -0.8751855095571842
		outer loop
			vertex 3.305521011352539 -0.8980612158775312 -7.980233669281006
			vertex 3.4265079498291016 -0.8796475529670698 -7.918161869049072
			vertex 3.5361268520355225 -0.8682649135589582 -7.861175060272217
		endloop
	endfacet
	facet normal 0.4677922379070961 -0.12346556700329292 -0.8751723692612937
		outer loop
			vertex 3.305521011352539 -0.8980612158775312 -7.980233669281006
			vertex 3.5361268520355225 -0.8682649135589582 -7.861175060272217
			vertex 3.716820001602173 -0.8519211411476117 -7.766897678375244
		endloop
	endfacet
	facet normal -0.15585129998189207 -0.9866058222810311 0.04815935771088495
		outer loop
			vertex 3.233316421508789 -0.8877896070480329 -8.003471374511719
			vertex 3.2954490184783936 -0.8966284394264203 -7.983475208282471
			vertex 3.30552077293396 -0.8980612158775312 -7.980233669281006
		endloop
	endfacet
	facet normal 0.2880717960550617 -0.12336578443162192 -0.949629150536767
		outer loop
			vertex 2.449134349822998 -0.8402746915817243 -8.247527122497559
			vertex 3.233316421508789 -0.8877896070480329 -8.003471374511719
			vertex 3.30552077293396 -0.8980612158775312 -7.980233669281006
		endloop
	endfacet
	facet normal 0.28806374658302103 -0.12344660258006164 -0.9496210898121384
		outer loop
			vertex 2.8701257705688477 -9.999999999999998 -6.929096698760988
			vertex 2.449134349822998 -0.8402746915817243 -8.247527122497559
			vertex 3.305521011352539 -0.8980612158775312 -7.980233669281006
		endloop
	endfacet
	facet normal 0.46779144304321296 -0.12344660687182718 -0.8751754687303462
		outer loop
			vertex 2.8701257705688477 -9.999999999999998 -6.929096698760988
			vertex 3.305521011352539 -0.8980612158775312 -7.980233669281006
			vertex 4.004049777984619 -0.8408615589141829 -7.614930152893066
		endloop
	endfacet
	facet normal 0.4678038855095074 -0.1234476383784222 -0.8751686724746255
		outer loop
			vertex 2.8701257705688477 -9.999999999999998 -6.929096698760988
			vertex 4.004049777984619 -0.8408615589141829 -7.614930152893066
			vertex 4.011096954345703 -0.8408182263374312 -7.611169338226318
		endloop
	endfacet
	facet normal 0.4677911792709138 -0.12340510879053554 -0.875181462166975
		outer loop
			vertex 3.305521011352539 -0.8980612158775312 -7.980233669281006
			vertex 3.9464173316955566 -0.8412157297134383 -7.645685195922852
			vertex 4.004049777984619 -0.8408615589141829 -7.614930152893066
		endloop
	endfacet
	facet normal 0.4677917910355831 -0.1234570087951881 -0.8751738154327209
		outer loop
			vertex 3.305521011352539 -0.8980612158775312 -7.980233669281006
			vertex 3.7168192863464355 -0.8519212603569013 -7.766898155212402
			vertex 3.9464173316955566 -0.8412157297134383 -7.645685195922852
		endloop
	endfacet
	facet normal 0.4677915827404626 -0.12346659876514432 -0.8751725738998795
		outer loop
			vertex 3.7168192863464355 -0.8519212603569013 -7.766898155212402
			vertex 3.90653395652771 -0.8414608240127547 -7.666968822479248
			vertex 3.9464173316955566 -0.8412157297134383 -7.645685195922852
		endloop
	endfacet
	facet normal -0.009781948045425563 0.9962714927785572 -0.0857171287971186
		outer loop
			vertex 3.7168192863464355 -0.8519212603569013 -7.766898155212402
			vertex 3.7751524448394775 -0.8487048745155318 -7.736171722412109
			vertex 3.90653395652771 -0.8414608240127547 -7.666968822479248
		endloop
	endfacet
	facet normal 0 0.9945658321801882 -0.10410958389951283
		outer loop
			vertex 3.7751524448394775 -0.8487048745155318 -7.736171722412109
			vertex 3.906533718109131 -0.8414608240127547 -7.666968822479248
			vertex 3.90653395652771 -0.8414608240127547 -7.666968822479248
		endloop
	endfacet
	facet normal 0.25209259578459875 -0.8875195488884029 -0.38569207081752266
		outer loop
			vertex 3.7751524448394775 -0.8487048745155318 -7.736171722412109
			vertex 3.906532049179077 -0.8414608836173995 -7.6669697761535645
			vertex 3.906533718109131 -0.8414608240127547 -7.666968822479248
		endloop
	endfacet
	facet normal 0.4677879772985096 -0.12349300706355065 -0.875170775049859
		outer loop
			vertex 4.011096954345703 -0.8408182263374312 -7.611169338226318
			vertex 4.145007133483887 -0.839995086193083 -7.539709091186523
			vertex 4.252045631408691 -0.8446118831634505 -7.481844425201416
		endloop
	endfacet
	facet normal 0.4677938836206654 -0.1234098981156852 -0.875179341331919
		outer loop
			vertex 4.011096954345703 -0.8408182263374312 -7.611169338226318
			vertex 4.252045631408691 -0.8446118831634505 -7.481844425201416
			vertex 4.443253040313721 -0.8558504581451399 -7.37805700302124
		endloop
	endfacet
	facet normal 0.4677948877753753 -0.12340032418271203 -0.8751801545755169
		outer loop
			vertex 4.252045631408691 -0.8446118831634505 -7.481844425201416
			vertex 4.382925510406494 -0.850258290767668 -7.411091327667236
			vertex 4.443253040313721 -0.8558504581451399 -7.37805700302124
		endloop
	endfacet
	facet normal 0.4850060705215734 0 -0.8745107841286023
		outer loop
			vertex 4.798898220062256 -0.897690594196318 -7.182058811187744
			vertex 4.729725360870361 -0.887835025787352 -7.220422267913818
			vertex 4.798898220062256 -0.8976904749870285 -7.182058811187744
		endloop
	endfacet
	facet normal 0.629538727962493 -0.12334251267233491 -0.7671164282969317
		outer loop
			vertex 4.798898220062256 -0.8976904749870285 -7.182058811187744
			vertex 4.852266311645508 -0.8877418041229233 -7.139861583709717
			vertex 4.949158668518066 -0.8749697804450973 -7.062399864196777
		endloop
	endfacet
	facet normal 0.6295411216590657 -0.12351404043123036 -0.7670868646747889
		outer loop
			vertex 5.038936614990234 -0.863135933876036 -6.990625381469727
			vertex 4.798898220062256 -0.8976904749870285 -7.182058811187744
			vertex 4.949158668518066 -0.8749697804450973 -7.062399864196777
		endloop
	endfacet
	facet normal 0.6295405272939288 -0.12345090195683123 -0.7670975161610986
		outer loop
			vertex 5.418891429901123 -0.8406274914741502 -6.682426929473877
			vertex 4.798898220062256 -0.8976904749870285 -7.182058811187744
			vertex 5.038936614990234 -0.863135933876036 -6.990625381469727
		endloop
	endfacet
	facet normal 0.629542844826198 -0.1233967381579367 -0.7671043289801716
		outer loop
			vertex 5.274795055389404 -0.8436546921730026 -6.800196170806885
			vertex 5.418891429901123 -0.8406274914741502 -6.682426929473877
			vertex 5.038936614990234 -0.863135933876036 -6.990625381469727
		endloop
	endfacet
	facet normal 0.15986347903904322 0.9622350948187992 -0.2203344965469319
		outer loop
			vertex 5.368888854980469 -0.8416778445243821 -6.723293304443359
			vertex 5.418891429901123 -0.8406274914741502 -6.682426929473877
			vertex 5.274795055389404 -0.8436546921730026 -6.800196170806885
		endloop
	endfacet
	facet normal 0.15848178928861684 0.9628455156030106 -0.218659634013805
		outer loop
			vertex 5.368888854980469 -0.8416778445243821 -6.723293304443359
			vertex 5.274795055389404 -0.8436546921730026 -6.800196170806885
			vertex 5.274796009063721 -0.8436546325683578 -6.800195217132568
		endloop
	endfacet
	facet normal 0.1755413274756657 -0.9514271595840218 -0.2529260808101086
		outer loop
			vertex 5.484111785888672 -0.839257419109343 -6.629122257232666
			vertex 5.577803134918213 -0.8425524830818162 -6.551701545715332
			vertex 5.484109401702881 -0.8392574787139878 -6.629123687744141
		endloop
	endfacet
	facet normal 0.6295556989241937 -0.12327141626042816 -0.767113928882287
		outer loop
			vertex 5.418892860412598 -0.8406274914741502 -6.682425498962402
			vertex 5.484109401702881 -0.8392574787139878 -6.629123687744141
			vertex 5.577803134918213 -0.8425524830818162 -6.551701545715332
		endloop
	endfacet
	facet normal 0.6295334898583953 -0.12352897065209545 -0.7670907238106478
		outer loop
			vertex 5.418892860412598 -0.8406274914741502 -6.682425498962402
			vertex 5.577803134918213 -0.8425524830818162 -6.551701545715332
			vertex 5.707791805267334 -0.847987830638884 -6.44414758682251
		endloop
	endfacet
	facet normal 0.6295417522687946 -0.12344141806762769 -0.7670980370564047
		outer loop
			vertex 6.107936859130859 -0.8965823054313646 -6.107936859130859
			vertex 5.418892860412598 -0.8406274914741502 -6.682425498962402
			vertex 5.707791805267334 -0.847987830638884 -6.44414758682251
		endloop
	endfacet
	facet normal 0.6295369913163239 -0.12347275767299758 -0.7670969004480568
		outer loop
			vertex 6.107936859130859 -0.8965823054313646 -6.107936859130859
			vertex 5.707791805267334 -0.847987830638884 -6.44414758682251
			vertex 5.900387763977051 -0.8656707406043992 -6.283242702484131
		endloop
	endfacet
	facet normal 0.6295410906351832 -0.12344659204134405 -0.7670977474319959
		outer loop
			vertex 5.303300857543945 -9.999999999999998 -5.303300857543947
			vertex 5.418892860412598 -0.8406274914741502 -6.682425498962402
			vertex 6.107936859130859 -0.8965823054313646 -6.107936859130859
		endloop
	endfacet
	facet normal 0.7670976167852206 -0.12344659452155136 -0.6295412493423022
		outer loop
			vertex 5.303300857543945 -9.999999999999998 -5.303300857543947
			vertex 6.107936859130859 -0.8965823054313646 -6.107936859130859
			vertex 6.617366790771484 -0.8397536873817432 -5.49833869934082
		endloop
	endfacet
	facet normal 0.7670983130800014 -0.12343268842102145 -0.6295431275925228
		outer loop
			vertex 6.617366790771484 -0.8397536873817432 -5.49833869934082
			vertex 6.107936859130859 -0.8965823054313646 -6.107936859130859
			vertex 6.4978814125061035 -0.8448378443717944 -5.642934799194336
		endloop
	endfacet
	facet normal 0.32008441316522795 0.8999149724028693 -0.2961401879073742
		outer loop
			vertex 6.617366790771484 -0.8397536873817432 -5.49833869934082
			vertex 6.4978814125061035 -0.8448378443717944 -5.642934799194336
			vertex 6.534408092498779 -0.8432835340499866 -5.598731517791748
		endloop
	endfacet
	facet normal 0.7708656004743664 0 -0.6369978226063999
		outer loop
			vertex 6.617366790771484 -0.8397536873817432 -5.49833869934082
			vertex 6.534408092498779 -0.8432835340499866 -5.598731517791748
			vertex 6.617366790771484 -0.8397534489631641 -5.49833869934082
		endloop
	endfacet
	facet normal 0.2786846307583107 0.9237358870733335 -0.26276774442831824
		outer loop
			vertex 6.49788236618042 -0.8448377251625049 -5.642933368682861
			vertex 6.534408092498779 -0.8432835340499866 -5.598731517791748
			vertex 6.4978814125061035 -0.8448378443717944 -5.642934799194336
		endloop
	endfacet
	facet normal 0.629540815329669 -0.12344662186369314 -0.7670979685701808
		outer loop
			vertex 5.303300857543945 -9.999999999999998 -5.303300857543947
			vertex 4.798898220062256 -0.8976904749870285 -7.182058811187744
			vertex 5.418892860412598 -0.8406274914741502 -6.682425498962402
		endloop
	endfacet
	facet normal 0.6295127128332905 -0.12372812703050097 -0.7670756774678724
		outer loop
			vertex 5.577803134918213 -0.8425524830818162 -6.551701545715332
			vertex 5.692543983459473 -0.8465878367423997 -6.4568867683410645
			vertex 5.707791805267334 -0.847987830638884 -6.44414758682251
		endloop
	endfacet
	facet normal 0.26274299642283533 0.9237548397556217 -0.2786451396648003
		outer loop
			vertex 5.577803134918213 -0.8425524830818162 -6.551701545715332
			vertex 5.692541122436523 -0.8465875983238206 -6.456888675689697
			vertex 5.692543983459473 -0.8465878367423997 -6.4568867683410645
		endloop
	endfacet
	facet normal 0.26588645794236004 0.9527626978226201 -0.1467911207145325
		outer loop
			vertex 5.995245456695557 -0.8797983527183519 -6.203121185302734
			vertex 5.900385856628418 -0.8656704425811753 -6.2832441329956055
			vertex 5.900386810302734 -0.8656705617904649 -6.283243179321289
		endloop
	endfacet
	facet normal 0.6002964754017469 0.5026623508437895 -0.6220729078367223
		outer loop
			vertex 5.995245456695557 -0.8797983527183519 -6.203121185302734
			vertex 6.107936859130859 -0.8965823054313646 -6.107936859130859
			vertex 5.900385856628418 -0.8656704425811753 -6.2832441329956055
		endloop
	endfacet
	facet normal 0.5169548989451236 -0.7946352872470144 -0.31829607713337
		outer loop
			vertex 6.107950687408447 -0.896579027175902 -6.1079206466674805
			vertex 6.1079511642456055 -0.8965789079666124 -6.107920169830322
			vertex 6.188356876373291 -0.882401347160338 -6.012725353240967
		endloop
	endfacet
	facet normal 0.767095851207108 -0.12347759019041446 -0.629537321992597
		outer loop
			vertex 6.361939907073975 -0.8570192456245409 -5.8061909675598145
			vertex 6.4569172859191895 -0.8465807437896716 -5.692507743835449
			vertex 6.49788236618042 -0.8448377251625049 -5.642933368682861
		endloop
	endfacet
	facet normal 0.7670984925173755 -0.12343299480083215 -0.6295428488769195
		outer loop
			vertex 6.107936859130859 -0.8965823054313646 -6.107936859130859
			vertex 6.361939907073975 -0.8570192456245409 -5.8061909675598145
			vertex 6.49788236618042 -0.8448377251625049 -5.642933368682861
		endloop
	endfacet
	facet normal 0.7670955719900963 -0.12352552398090033 -0.6295282585860872
		outer loop
			vertex 6.361939907073975 -0.8570192456245409 -5.8061909675598145
			vertex 6.107936859130859 -0.8965823054313646 -6.107936859130859
			vertex 6.283271789550781 -0.8656654953956591 -5.90035343170166
		endloop
	endfacet
	facet normal 0.7671826278377882 -0.11943826524868865 -0.6302105333444449
		outer loop
			vertex 6.107936859130859 -0.8965823054313646 -6.107936859130859
			vertex 6.107950687408447 -0.896579027175902 -6.1079206466674805
			vertex 6.283271789550781 -0.8656654953956591 -5.90035343170166
		endloop
	endfacet
	facet normal 0.15063115383139086 -0.9780969998721116 -0.14365414834455106
		outer loop
			vertex 6.706009864807129 -0.8412271738052356 -5.390037536621094
			vertex 6.7433552742004395 -0.8421869277954089 -5.344343662261963
			vertex 6.629149913787842 -0.8392520546913135 -5.484078407287598
		endloop
	endfacet
	facet normal 0.7671524970883365 -0.12292520725382346 -0.6295763969787421
		outer loop
			vertex 6.7433552742004395 -0.8421869277954089 -5.344343662261963
			vertex 6.623463153839111 -0.8394940495491016 -5.490960597991943
			vertex 6.629149913787842 -0.8392520546913135 -5.484078407287598
		endloop
	endfacet
	facet normal 0.7670974725142442 -0.12344867815563663 -0.6295410165540323
		outer loop
			vertex 6.7433552742004395 -0.8421869277954089 -5.344343662261963
			vertex 7.182060241699219 -0.8976772427558888 -4.798899173736572
			vertex 6.623463153839111 -0.8394940495491016 -5.490960597991943
		endloop
	endfacet
	facet normal 0.7671053572409596 -0.12339166060034638 -0.6295425871110779
		outer loop
			vertex 7.182060241699219 -0.8976772427558888 -4.798899173736572
			vertex 6.618485450744629 -0.8397058248519885 -5.496984481811523
			vertex 6.623463153839111 -0.8394940495491016 -5.490960597991943
		endloop
	endfacet
	facet normal 0.7670977867357925 -0.12344661252769523 -0.629541038726218
		outer loop
			vertex 7.182060241699219 -0.8976772427558888 -4.798899173736572
			vertex 6.236021995544434 -9.999999999999998 -4.166776657104494
			vertex 6.618485450744629 -0.8397058248519885 -5.496984481811523
		endloop
	endfacet
	facet normal 0.8751756395809388 -0.12344661445582106 -0.46779112140301526
		outer loop
			vertex 7.562475204467773 -0.8402394652366629 -4.102350234985352
			vertex 6.236021995544434 -9.999999999999998 -4.166776657104494
			vertex 7.182060241699219 -0.8976772427558888 -4.798899173736572
		endloop
	endfacet
	facet normal 0.8751764877287311 -0.12343531479128662 -0.4677925163885998
		outer loop
			vertex 7.562475204467773 -0.8402394652366629 -4.102350234985352
			vertex 7.182060241699219 -0.8976772427558888 -4.798899173736572
			vertex 7.249633312225342 -0.8803179860115041 -4.677059650421143
		endloop
	endfacet
	facet normal 0.8751653062905751 -0.12357431654365753 -0.4677767362279702
		outer loop
			vertex 7.5482707023620605 -0.8400758504867545 -4.128968715667725
			vertex 7.562475204467773 -0.8402394652366629 -4.102350234985352
			vertex 7.249633312225342 -0.8803179860115041 -4.677059650421143
		endloop
	endfacet
	facet normal 0.8751615427676294 -0.1236219667411813 -0.46777118701307924
		outer loop
			vertex 7.5482707023620605 -0.8400758504867545 -4.128968715667725
			vertex 7.249633312225342 -0.8803179860115041 -4.677059650421143
			vertex 7.252567291259766 -0.8795642256736745 -4.671769618988037
		endloop
	endfacet
	facet normal 0.875176261111558 -0.1234361330782419 -0.4677927244383828
		outer loop
			vertex 7.411113262176514 -0.8502410054206838 -4.382889270782471
			vertex 7.5482707023620605 -0.8400758504867545 -4.128968715667725
			vertex 7.252567291259766 -0.8795642256736745 -4.671769618988037
		endloop
	endfacet
	facet normal 0.8751781832007127 -0.12340748266093594 -0.467796687539353
		outer loop
			vertex 7.411113262176514 -0.8502410054206838 -4.382889270782471
			vertex 7.252567291259766 -0.8795642256736745 -4.671769618988037
			vertex 7.280942440032959 -0.8722748756408681 -4.620606899261475
		endloop
	endfacet
	facet normal 0.8751995764783126 -0.12318468801991031 -0.4678153844943746
		outer loop
			vertex 7.411113262176514 -0.8502410054206838 -4.382889270782471
			vertex 7.539731502532959 -0.8399775028228751 -4.144969940185547
			vertex 7.5482707023620605 -0.8400758504867545 -4.128968715667725
		endloop
	endfacet
	facet normal 0.8371370395372765 -0.3270602592865562 -0.4384440258803574
		outer loop
			vertex 7.411113262176514 -0.8502410054206838 -4.382889270782471
			vertex 7.469050884246826 -0.8456174731254568 -4.2757158279418945
			vertex 7.539731502532959 -0.8399775028228751 -4.144969940185547
		endloop
	endfacet
	facet normal 0.2032925668849362 -0.9767702631344304 -0.06776418896164539
		outer loop
			vertex 7.469050884246826 -0.8456174731254568 -4.2757158279418945
			vertex 7.539731025695801 -0.8399775028228751 -4.1449713706970215
			vertex 7.539731502532959 -0.8399775028228751 -4.144969940185547
		endloop
	endfacet
	facet normal 0.8654274390214087 -0.18406497788187087 -0.465999390242297
		outer loop
			vertex 7.723787307739258 -0.8473888635635367 -3.7986702919006348
			vertex 7.666988372802734 -0.841442644596099 -3.9065027236938477
			vertex 7.666991710662842 -0.841442644596099 -3.906496524810791
		endloop
	endfacet
	facet normal 0.8751608076342786 -0.12355070250245592 -0.46779139014315646
		outer loop
			vertex 7.849900245666504 -0.8659917712211601 -3.5578198432922363
			vertex 7.76298189163208 -0.8514921069145195 -3.724259376525879
			vertex 7.793081760406494 -0.8546432256698601 -3.6671152114868164
		endloop
	endfacet
	facet normal 0.8751801311520507 -0.12341899105270411 -0.46779000703757234
		outer loop
			vertex 7.849900245666504 -0.8659917712211601 -3.5578198432922363
			vertex 7.980236053466797 -0.8980380296707146 -3.3055219650268555
			vertex 7.76298189163208 -0.8514921069145195 -3.724259376525879
		endloop
	endfacet
	facet normal 0.8751733028732895 -0.12346250014095456 -0.4677913006852545
		outer loop
			vertex 7.76298189163208 -0.8514921069145195 -3.724259376525879
			vertex 7.980236053466797 -0.8980380296707146 -3.3055219650268555
			vertex 7.627932548522949 -0.840993106365203 -3.979689121246338
		endloop
	endfacet
	facet normal 0.8751657001808052 -0.12352229549010794 -0.46778973881851627
		outer loop
			vertex 7.76298189163208 -0.8514921069145195 -3.724259376525879
			vertex 7.627932548522949 -0.840993106365203 -3.979689121246338
			vertex 7.666988372802734 -0.841442644596099 -3.9065027236938477
		endloop
	endfacet
	facet normal 0.875181652049797 -0.12340515600675872 -0.4677908115668109
		outer loop
			vertex 7.980236053466797 -0.8980380296707146 -3.3055219650268555
			vertex 7.563683986663818 -0.8402535319328299 -4.100085735321045
			vertex 7.627932548522949 -0.840993106365203 -3.979689121246338
		endloop
	endfacet
	facet normal 0.8751758309240492 -0.1234465804124171 -0.46779077240886346
		outer loop
			vertex 7.980236053466797 -0.8980380296707146 -3.3055219650268555
			vertex 6.929096698760986 -10 -2.87012577056885
			vertex 7.563683986663818 -0.8402535319328299 -4.100085735321045
		endloop
	endfacet
	facet normal 0.949620703631861 -0.12344658372805566 -0.28806502772742415
		outer loop
			vertex 8.218186378479004 -0.840792298316955 -2.5456387996673584
			vertex 6.929096698760986 -10 -2.87012577056885
			vertex 7.980236053466797 -0.8980380296707146 -3.3055219650268555
		endloop
	endfacet
	facet normal 0.9496207353372893 -0.12344625970137635 -0.28806506206620475
		outer loop
			vertex 8.218186378479004 -0.840792298316955 -2.5456387996673584
			vertex 7.980236053466797 -0.8980380296707146 -3.3055219650268555
			vertex 8.005661964416504 -0.88679951429367 -3.226520299911499
		endloop
	endfacet
	facet normal 0.9496232111170257 -0.12342150561264699 -0.28806750747020476
		outer loop
			vertex 8.087693214416504 -0.8595004677772515 -2.9677979946136475
			vertex 8.218186378479004 -0.840792298316955 -2.5456387996673584
			vertex 8.005661964416504 -0.88679951429367 -3.226520299911499
		endloop
	endfacet
	facet normal 0.9496354587406189 -0.12328435142388709 -0.288085862541857
		outer loop
			vertex 8.087693214416504 -0.8595004677772515 -2.9677979946136475
			vertex 8.005661964416504 -0.88679951429367 -3.226520299911499
			vertex 8.021899223327637 -0.8796223402023309 -3.17606782913208
		endloop
	endfacet
	facet normal 0.9496229055802954 -0.12342437348987358 -0.28806728593484826
		outer loop
			vertex 8.139742851257324 -0.8486799001693719 -2.8008508682250977
			vertex 8.218186378479004 -0.840792298316955 -2.5456387996673584
			vertex 8.087693214416504 -0.8595004677772515 -2.9677979946136475
		endloop
	endfacet
	facet normal 0.9496221826899301 -0.1234315462442751 -0.2880665956596849
		outer loop
			vertex 8.139742851257324 -0.8486799001693719 -2.8008508682250977
			vertex 8.087693214416504 -0.8595004677772515 -2.9677979946136475
			vertex 8.103599548339844 -0.8546357750892632 -2.9174466133117676
		endloop
	endfacet
	facet normal 0.21906549456995864 -0.975542711068211 -0.01807561812233454
		outer loop
			vertex 8.139742851257324 -0.8486799001693719 -2.8008508682250977
			vertex 8.103599548339844 -0.8546357750892632 -2.9174466133117676
			vertex 8.10360050201416 -0.8546355962753289 -2.9174447059631348
		endloop
	endfacet
	facet normal 0.35079881281104197 0.9233807897568137 -0.15591058347157422
		outer loop
			vertex 8.183709144592285 -0.8414348363876337 -2.65901780128479
			vertex 8.183710098266602 -0.8414348363876337 -2.659015655517578
			vertex 8.139742851257324 -0.8486799001693719 -2.8008508682250977
		endloop
	endfacet
	facet normal 0.9454156032148778 -0.15253259693956384 -0.2879637895095862
		outer loop
			vertex 8.262348175048828 -0.8399695754051203 -2.4004063606262207
			vertex 8.262349128723145 -0.8399695158004755 -2.4004032611846924
			vertex 8.297120094299316 -0.844587087631225 -2.2838006019592285
		endloop
	endfacet
	facet normal 0.9496227361149755 -0.12343571039523263 -0.2880629869537769
		outer loop
			vertex 8.31724739074707 -0.8472598195075984 -2.216306686401367
			vertex 8.33963680267334 -0.8502330780029292 -2.1412241458892822
			vertex 8.374085426330566 -0.8602141737937923 -2.0233845710754395
		endloop
	endfacet
	facet normal 0.9496206160481376 -0.12345107032681035 -0.28806339373742135
		outer loop
			vertex 8.415679931640625 -0.8722658157348628 -1.881100654602051
			vertex 8.31724739074707 -0.8472598195075984 -2.216306686401367
			vertex 8.374085426330566 -0.8602141737937923 -2.0233845710754395
		endloop
	endfacet
	facet normal 0.9496281393311617 -0.12339737838826495 -0.2880615975747878
		outer loop
			vertex 8.415679931640625 -0.8722658157348628 -1.881100654602051
			vertex 8.471818923950195 -0.8976625800132748 -1.6851527690887453
			vertex 8.31724739074707 -0.8472598195075984 -2.216306686401367
		endloop
	endfacet
	facet normal 0.11177207187505121 0.9890693879099145 0.09617042085935437
		outer loop
			vertex 8.415679931640625 -0.8722658157348628 -1.881100654602051
			vertex 8.450037002563477 -0.8878088593482967 -1.761178255081177
			vertex 8.471818923950195 -0.8976625800132748 -1.6851527690887453
		endloop
	endfacet
	facet normal 0.8066717514274698 -0.5107662827678191 -0.29731883532074255
		outer loop
			vertex 8.471819877624512 -0.8976628780364987 -1.685149669647217
			vertex 8.471818923950195 -0.8976625800132748 -1.6851527690887453
			vertex 8.450037002563477 -0.8878088593482967 -1.761178255081177
		endloop
	endfacet
	facet normal 0.9463782883077144 -0.3125961707941432 -0.08155838046822292
		outer loop
			vertex 8.522679328918457 -0.8524703979492185 -1.2261123657226565
			vertex 8.509782791137695 -0.8597667217254635 -1.3477945327758791
			vertex 8.509783744812012 -0.8597658872604367 -1.3477866649627688
		endloop
	endfacet
	facet normal 0.9875760547310994 -0.12341977109885363 -0.09726816654827548
		outer loop
			vertex 8.522679328918457 -0.8524703979492185 -1.2261123657226565
			vertex 8.502653121948242 -0.8663943409919735 -1.4117734432220461
			vertex 8.509782791137695 -0.8597667217254635 -1.3477945327758791
		endloop
	endfacet
	facet normal 0.9875824241408698 -0.12336501429153768 -0.09727296015281878
		outer loop
			vertex 8.522679328918457 -0.8524703979492185 -1.2261123657226565
			vertex 8.556927680969238 -0.8405988812446592 -0.8934552669525149
			vertex 8.502653121948242 -0.8663943409919735 -1.4117734432220461
		endloop
	endfacet
	facet normal 0.9875726393062471 -0.12344735666612174 -0.09726783757152632
		outer loop
			vertex 8.502653121948242 -0.8663943409919735 -1.4117734432220461
			vertex 8.556927680969238 -0.8405988812446592 -0.8934552669525149
			vertex 8.476186752319336 -0.8921620845794674 -1.6477867364883425
		endloop
	endfacet
	facet normal 0.9875380061284704 -0.12375341980075336 -0.09723053810107103
		outer loop
			vertex 8.502653121948242 -0.8663943409919735 -1.4117734432220461
			vertex 8.476186752319336 -0.8921620845794674 -1.6477867364883425
			vertex 8.479720115661621 -0.8877124190330502 -1.6175630092620852
		endloop
	endfacet
	facet normal 0.3843833392167766 0.9128909074143916 -0.13740320117337018
		outer loop
			vertex 8.49345874786377 -0.8749409317970273 -1.4942771196365359
			vertex 8.502653121948242 -0.8663943409919735 -1.4117734432220461
			vertex 8.479720115661621 -0.8877124190330502 -1.6175630092620852
		endloop
	endfacet
	facet normal 0.4874768430154596 0.8612559620607587 -0.14354266034345978
		outer loop
			vertex 8.49345874786377 -0.8749409317970273 -1.4942771196365359
			vertex 8.479720115661621 -0.8877124190330502 -1.6175630092620852
			vertex 8.479720115661621 -0.8877122998237607 -1.6175622940063479
		endloop
	endfacet
	facet normal 0.987598612286152 -0.12322521523356472 -0.09728580236143712
		outer loop
			vertex 8.556927680969238 -0.8405988812446592 -0.8934552669525149
			vertex 8.471819877624512 -0.8976628780364987 -1.685149669647217
			vertex 8.476186752319336 -0.8921620845794674 -1.6477867364883425
		endloop
	endfacet
	facet normal 0.9875728065274141 -0.12344662413330217 -0.09726706944109101
		outer loop
			vertex 8.556927680969238 -0.8405988812446592 -0.8934552669525149
			vertex 7.355889797210693 -10 -1.4631774425506614
			vertex 8.471819877624512 -0.8976628780364987 -1.685149669647217
		endloop
	endfacet
	facet normal 0.9496209319029858 -0.12344662830242951 -0.2880642561173927
		outer loop
			vertex 8.471819877624512 -0.8976628780364987 -1.685149669647217
			vertex 7.355889797210693 -10 -1.4631774425506614
			vertex 8.218186378479004 -0.840792298316955 -2.5456387996673584
		endloop
	endfacet
	facet normal 0.949624590154793 -0.12341990322701966 -0.2880636479335339
		outer loop
			vertex 8.243271827697754 -0.8403249382972712 -2.4631426334381104
			vertex 8.471819877624512 -0.8976628780364987 -1.685149669647217
			vertex 8.218186378479004 -0.840792298316955 -2.5456385612487793
		endloop
	endfacet
	facet normal -0.02827015926889843 0.9995960148542606 0.0029334591171960383
		outer loop
			vertex 8.243271827697754 -0.8403249382972712 -2.4631426334381104
			vertex 8.218186378479004 -0.840792298316955 -2.5456385612487793
			vertex 8.219040870666504 -0.8407763838768 -2.5428266525268555
		endloop
	endfacet
	facet normal 0.9496190645106722 -0.12345940605607553 -0.2880649360372706
		outer loop
			vertex 8.31724739074707 -0.8472598195075984 -2.216306686401367
			vertex 8.471819877624512 -0.8976628780364987 -1.685149669647217
			vertex 8.243271827697754 -0.8403249382972712 -2.4631426334381104
		endloop
	endfacet
	facet normal 0.9496620799286364 -0.1231202238485452 -0.28806829819523744
		outer loop
			vertex 8.31724739074707 -0.8472598195075984 -2.216306686401367
			vertex 8.243271827697754 -0.8403249382972712 -2.4631426334381104
			vertex 8.262348175048828 -0.8399695754051203 -2.4004063606262207
		endloop
	endfacet
	facet normal 0.9875737836334941 -0.12343688731684904 -0.09726950564977845
		outer loop
			vertex 8.556927680969238 -0.8405988812446592 -0.8934552669525149
			vertex 8.522679328918457 -0.8524703979492185 -1.2261123657226565
			vertex 8.538313865661621 -0.8436256051063535 -1.0785996913909914
		endloop
	endfacet
	facet normal 0.9886471633632281 -0.11393875713312407 -0.09795277431906504
		outer loop
			vertex 8.538312911987305 -0.8436257839202879 -1.078609108924866
			vertex 8.538313865661621 -0.8436256051063535 -1.0785996913909914
			vertex 8.522679328918457 -0.8524703979492185 -1.2261123657226565
		endloop
	endfacet
	facet normal 0.24283427881230812 0.9692320364657238 -0.04025881918551707
		outer loop
			vertex 8.556927680969238 -0.8405988812446592 -0.8934552669525149
			vertex 8.538312911987305 -0.8436257839202879 -1.078609108924866
			vertex 8.550468444824219 -0.8416490554809568 -0.957699239253998
		endloop
	endfacet
	facet normal 0.11321512532756095 -0.9928511648507128 -0.03780079168017
		outer loop
			vertex 8.576859474182129 -0.8425232172012328 -0.6886418461799624
			vertex 8.583126068115234 -0.8443179130554198 -0.6227347850799563
			vertex 8.565354347229004 -0.8392286300659177 -0.8096337318420412
		endloop
	endfacet
	facet normal 0.9875973166358349 -0.12325267029403869 -0.09726417346118597
		outer loop
			vertex 8.583126068115234 -0.8443179130554198 -0.6227347850799563
			vertex 8.561332702636719 -0.8398826122283933 -0.8496398329734804
			vertex 8.565354347229004 -0.8392286300659177 -0.8096337318420412
		endloop
	endfacet
	facet normal 0.9875767223665849 -0.12341660913168367 -0.09726539996376153
		outer loop
			vertex 8.583126068115234 -0.8443179130554198 -0.6227347850799563
			vertex 8.637930870056152 -0.8965523838996887 3.84744109566846e-16
			vertex 8.561332702636719 -0.8398826122283933 -0.8496398329734804
		endloop
	endfacet
	facet normal 0.9875706691891838 -0.12346302767224679 -0.09726795029828562
		outer loop
			vertex 8.637930870056152 -0.8965523838996887 3.84744109566846e-16
			vertex 8.556927680969238 -0.8405988812446592 -0.8934552669525149
			vertex 8.561332702636719 -0.8398826122283933 -0.8496398329734804
		endloop
	endfacet
	facet normal 0.9875728060997082 -0.12344659187155732 -0.09726711472869654
		outer loop
			vertex 8.637930870056152 -0.8965523838996887 3.84744109566846e-16
			vertex 7.5 -10 -1.1488801260301851e-15
			vertex 8.556927680969238 -0.8405988812446592 -0.8934552669525149
		endloop
	endfacet
	facet normal 0.9875728285924142 -0.12344659468314541 0.09726688278706765
		outer loop
			vertex 8.566935539245605 -0.8396746516227724 0.7930183410644529
			vertex 7.5 -10 -1.1488801260301851e-15
			vertex 8.637930870056152 -0.8965523838996887 5.471894116802558e-16
		endloop
	endfacet
	facet normal 0.9434430994809659 -0.3138036329366841 0.10696914507224604
		outer loop
			vertex 8.566935539245605 -0.8396746516227724 0.7930183410644529
			vertex 8.637930870056152 -0.8965523838996887 5.471894116802558e-16
			vertex 8.637929916381836 -0.8965499401092529 0.0000155802663355472
		endloop
	endfacet
	facet normal 0.98757252403392 -0.12344866539491736 0.0972673469643653
		outer loop
			vertex 8.620641708374023 -0.8731102347373962 0.20529474318027477
			vertex 8.566935539245605 -0.8396746516227724 0.7930183410644529
			vertex 8.637929916381836 -0.8965499401092529 0.0000155802663355472
		endloop
	endfacet
	facet normal 0.8809404339445032 -0.4560707414993305 0.12626729818096716
		outer loop
			vertex 8.620641708374023 -0.8731102347373962 0.20529474318027477
			vertex 8.637929916381836 -0.8965499401092529 0.0000155802663355472
			vertex 8.63792896270752 -0.8965475559234619 0.000030845403671065575
		endloop
	endfacet
	facet normal 0.9875663598513995 -0.12349503835390076 -0.09727106657082032
		outer loop
			vertex 8.615132331848145 -0.8656421899795531 -0.27071076631546037
			vertex 8.637930870056152 -0.8965523838996887 3.84744109566846e-16
			vertex 8.583126068115234 -0.8443179130554198 -0.6227347850799563
		endloop
	endfacet
	facet normal 0.9875657283360068 -0.1234999015526378 -0.09727130374710362
		outer loop
			vertex 8.615132331848145 -0.8656421899795531 -0.27071076631546037
			vertex 8.583126068115234 -0.8443179130554198 -0.6227347850799563
			vertex 8.590949058532715 -0.8465580940246581 -0.5404661297798159
		endloop
	endfacet
	facet normal 0.18620070667792904 -0.9742787841615778 -0.12692575611465803
		outer loop
			vertex 8.6255521774292 -0.8797695636749268 -0.14698220789432545
			vertex 8.615131378173828 -0.8656418919563292 -0.27071321010589616
			vertex 8.615132331848145 -0.8656420707702636 -0.2707104384899141
		endloop
	endfacet
	facet normal 0.6544249384114323 -0.7430607597459282 -0.13995966315691433
		outer loop
			vertex 8.6255521774292 -0.8797695636749268 -0.14698220789432545
			vertex 8.637930870056152 -0.8965523838996887 3.84744109566846e-16
			vertex 8.615131378173828 -0.8656418919563292 -0.27071321010589616
		endloop
	endfacet
	facet normal 0.9875531668936052 -0.12359590910111867 0.09727689248675263
		outer loop
			vertex 8.604171752929688 -0.8569880723953248 0.3929800391197203
			vertex 8.620641708374023 -0.8731103539466858 0.20529307425022106
			vertex 8.615127563476562 -0.86563378572464 0.27077198028564436
		endloop
	endfacet
	facet normal 0.9875674851851379 -0.12348777673313938 0.0972688603953452
		outer loop
			vertex 8.604171752929688 -0.8569880723953248 0.3929800391197203
			vertex 8.566935539245605 -0.8396746516227724 0.7930183410644529
			vertex 8.620641708374023 -0.8731103539466858 0.20529307425022106
		endloop
	endfacet
	facet normal 0.9875811269945834 -0.12338126337813965 0.09726552036216601
		outer loop
			vertex 8.590944290161133 -0.8465499877929689 0.5405251979827879
			vertex 8.566935539245605 -0.8396746516227724 0.7930183410644529
			vertex 8.604171752929688 -0.8569880723953248 0.3929800391197203
		endloop
	endfacet
	facet normal 0.2135994180519614 0.9769010800542528 -0.006290341540642978
		outer loop
			vertex 8.579428672790527 -0.8432523012161256 0.6616290211677549
			vertex 8.566935539245605 -0.8396746516227724 0.7930183410644529
			vertex 8.590944290161133 -0.8465499877929689 0.5405251979827879
		endloop
	endfacet
	facet normal 0.314812506200082 -0.9475159935628905 0.055736234915464145
		outer loop
			vertex 8.579428672790527 -0.8432523012161256 0.6616290211677549
			vertex 8.590944290161133 -0.8465499877929689 0.5405251979827879
			vertex 8.590944290161133 -0.8465499281883241 0.540526211261749
		endloop
	endfacet
	facet normal 0.18804359918090927 -0.9811476225157518 0.044597619205261445
		outer loop
			vertex 8.579428672790527 -0.8432523012161256 0.6616290211677549
			vertex 8.590944290161133 -0.8465499281883241 0.540526211261749
			vertex 8.590944290161133 -0.8465498685836793 0.5405275225639341
		endloop
	endfacet
	facet normal 0.4428355781911377 -0.8961051409019156 0.029870171363397188
		outer loop
			vertex 8.553200721740723 -0.8411960601806643 0.930537939071655
			vertex 8.565349578857422 -0.8392205834388735 0.809691250324249
			vertex 8.565349578857422 -0.839220464229584 0.8096948266029356
		endloop
	endfacet
	facet normal 0.9875678123637075 -0.1234860894300628 0.09726768065720268
		outer loop
			vertex 8.525437355041504 -0.8508986830711367 1.2001048326492307
			vertex 8.547297477722168 -0.8421559333801272 0.9892563223838804
			vertex 8.538308143615723 -0.8436175584793093 1.078670263290405
		endloop
	endfacet
	facet normal 0.9875801889801251 -0.12338267632160493 0.09727325181003559
		outer loop
			vertex 8.525437355041504 -0.8508986830711367 1.2001048326492307
			vertex 8.471821784973145 -0.8976455330848697 1.6851500272750852
			vertex 8.547297477722168 -0.8421559333801272 0.9892563223838804
		endloop
	endfacet
	facet normal 0.9875737741342738 -0.12343803820049504 0.09726814158499969
		outer loop
			vertex 8.547297477722168 -0.8421559333801272 0.9892563223838804
			vertex 8.471821784973145 -0.8976455330848697 1.6851500272750852
			vertex 8.566195487976074 -0.8394626379013064 0.8008007407188413
		endloop
	endfacet
	facet normal 0.9877403927507814 -0.1220686955953738 0.09730441965386974
		outer loop
			vertex 8.547297477722168 -0.8421559333801272 0.9892563223838804
			vertex 8.566195487976074 -0.8394626379013064 0.8008007407188413
			vertex 8.565349578857422 -0.8392205834388735 0.809691250324249
		endloop
	endfacet
	facet normal 0.987579979146669 -0.12338511767736625 0.09727228548979264
		outer loop
			vertex 8.471821784973145 -0.8976455330848697 1.6851500272750852
			vertex 8.566935539245605 -0.8396745920181277 0.7930183410644529
			vertex 8.566195487976074 -0.8394626379013064 0.8008007407188413
		endloop
	endfacet
	facet normal 0.9875727644008758 -0.12344660550458093 0.09726752080221124
		outer loop
			vertex 8.471821784973145 -0.8976455330848697 1.6851500272750852
			vertex 7.355889797210693 -10 1.463177442550657
			vertex 8.566935539245605 -0.8396745920181277 0.7930183410644529
		endloop
	endfacet
	facet normal 0.9496206823532829 -0.12344659320893593 0.28806509381039713
		outer loop
			vertex 8.24753475189209 -0.8402205109596258 2.449131965637207
			vertex 7.355889797210693 -10 1.463177442550657
			vertex 8.471821784973145 -0.8976455330848697 1.6851500272750852
		endloop
	endfacet
	facet normal 0.2225351406298847 -0.9651261829217674 0.13787516898882393
		outer loop
			vertex 8.24753475189209 -0.8402205109596258 2.449131965637207
			vertex 8.471821784973145 -0.8976455330848697 1.6851500272750852
			vertex 8.471821784973145 -0.8976454138755802 1.685150861740112
		endloop
	endfacet
	facet normal 0.9496271926786722 -0.12339959686476018 0.2880637679730628
		outer loop
			vertex 8.433575630187988 -0.8803433775901799 1.8186444044113157
			vertex 8.24753475189209 -0.8402205109596258 2.449131965637207
			vertex 8.471821784973145 -0.8976454138755802 1.685150861740112
		endloop
	endfacet
	facet normal -0.034493145691914355 0.9898075762571323 -0.13817085396080359
		outer loop
			vertex 8.433575630187988 -0.8803433775901799 1.8186444044113157
			vertex 8.471821784973145 -0.8976454138755802 1.685150861740112
			vertex 8.456087112426758 -0.8905275464057926 1.7400687932968137
		endloop
	endfacet
	facet normal 0.9496139202144631 -0.12349645105553746 0.2880660151972234
		outer loop
			vertex 8.347628593444824 -0.8525282144546513 2.1138947010040283
			vertex 8.24753475189209 -0.8402205109596258 2.449131965637207
			vertex 8.433575630187988 -0.8803433775901799 1.8186444044113157
		endloop
	endfacet
	facet normal 0.9496239042464962 -0.12342793702313243 0.28806246691621423
		outer loop
			vertex 8.347628593444824 -0.8525282144546513 2.1138947010040283
			vertex 8.433575630187988 -0.8803433775901799 1.8186444044113157
			vertex 8.415667533874512 -0.8722419738769536 1.8811513185501096
		endloop
	endfacet
	facet normal 0.5213500096189034 0.8495421161948905 0.08045098061227379
		outer loop
			vertex 8.38112735748291 -0.8622341752052312 1.9993036985397337
			vertex 8.347628593444824 -0.8525282144546513 2.1138947010040283
			vertex 8.415667533874512 -0.8722419738769536 1.8811513185501096
		endloop
	endfacet
	facet normal 0.21569392668906093 -0.9656578030828119 0.14484867046242178
		outer loop
			vertex 8.38112735748291 -0.8622341752052312 1.9993036985397337
			vertex 8.415667533874512 -0.8722419738769536 1.8811513185501096
			vertex 8.415667533874512 -0.8722417950630192 1.8811525106430051
		endloop
	endfacet
	facet normal 0.5464855104631388 0.8327016428666023 0.08922757881453827
		outer loop
			vertex 8.38112735748291 -0.8622341752052312 1.9993036985397337
			vertex 8.415667533874512 -0.8722417950630192 1.8811525106430051
			vertex 8.415666580200195 -0.8722414374351506 1.8811550140380857
		endloop
	endfacet
	facet normal 0.9495372427255063 -0.12408242933623331 0.28806696340827065
		outer loop
			vertex 8.304807662963867 -0.8455848693847662 2.2580313682556152
			vertex 8.347628593444824 -0.8525283336639409 2.1138925552368164
			vertex 8.339622497558594 -0.8502084016799931 2.141281843185425
		endloop
	endfacet
	facet normal 0.9495843851025705 -0.12372825443816975 0.28806390718563984
		outer loop
			vertex 8.304807662963867 -0.8455848693847662 2.2580313682556152
			vertex 8.24753475189209 -0.8402205109596258 2.449131965637207
			vertex 8.347628593444824 -0.8525283336639409 2.1138925552368164
		endloop
	endfacet
	facet normal 0.9496228581175371 -0.12342554545418412 0.2880669402587134
		outer loop
			vertex 8.262334823608398 -0.8399446606636053 2.400461196899414
			vertex 8.24753475189209 -0.8402205109596258 2.449131965637207
			vertex 8.304807662963867 -0.8455848693847662 2.2580313682556152
		endloop
	endfacet
	facet normal 0.9549007238255502 -0.04286019745862183 0.29381560733093853
		outer loop
			vertex 8.147611618041992 -0.8473562598228461 2.775477647781372
			vertex 8.183695793151855 -0.8414102792739874 2.659071445465088
			vertex 8.183694839477539 -0.8414102792739874 2.659074544906616
		endloop
	endfacet
	facet normal 0.9496116273597431 -0.12355314285320951 0.28804926327674346
		outer loop
			vertex 8.06648063659668 -0.8659588098526008 3.0349597930908203
			vertex 8.122713088989258 -0.8514589667320258 2.85579776763916
			vertex 8.103586196899414 -0.8546108007431037 2.917501449584961
		endloop
	endfacet
	facet normal 0.9496112597291219 -0.12355695702202431 0.2880488392046182
		outer loop
			vertex 8.06648063659668 -0.8659588098526008 3.0349597930908203
			vertex 7.9802398681640625 -0.8980056047439583 3.305523633956909
			vertex 8.122713088989258 -0.8514589667320258 2.85579776763916
		endloop
	endfacet
	facet normal 0.9496224915339362 -0.12343216190716932 0.2880653137394391
		outer loop
			vertex 8.122713088989258 -0.8514589667320258 2.85579776763916
			vertex 7.9802398681640625 -0.8980056047439583 3.305523633956909
			vertex 8.207831382751465 -0.8409605026245123 2.5796992778778076
		endloop
	endfacet
	facet normal 0.9496147314817573 -0.12350378138464584 0.2880601981123457
		outer loop
			vertex 8.122713088989258 -0.8514589667320258 2.85579776763916
			vertex 8.207831382751465 -0.8409605026245123 2.5796992778778076
			vertex 8.183695793151855 -0.8414102792739874 2.659071445465088
		endloop
	endfacet
	facet normal 0.9496222352451226 -0.12343480619937658 0.2880650255525292
		outer loop
			vertex 7.9802398681640625 -0.8980056047439583 3.305523633956909
			vertex 8.24753475189209 -0.8402206301689154 2.449131965637207
			vertex 8.207831382751465 -0.8409605026245123 2.5796992778778076
		endloop
	endfacet
	facet normal 0.9496210573018877 -0.12344657992335922 0.2880638634644593
		outer loop
			vertex 7.9802398681640625 -0.8980056047439583 3.305523633956909
			vertex 6.929096698760986 -10 2.8701257705688454
			vertex 8.24753475189209 -0.8402206301689154 2.449131965637207
		endloop
	endfacet
	facet normal 0.8751754539529547 -0.12344658337590524 0.4677914768901367
		outer loop
			vertex 7.611177921295166 -0.8407599329948434 4.011096000671387
			vertex 6.929096698760986 -10 2.8701257705688454
			vertex 7.9802398681640625 -0.8980056047439583 3.305523633956909
		endloop
	endfacet
	facet normal 0.8751767574755007 -0.12343753873483844 0.46779142489549136
		outer loop
			vertex 7.611177921295166 -0.8407599329948434 4.011096000671387
			vertex 7.9802398681640625 -0.8980056047439583 3.305523633956909
			vertex 7.942357063293457 -0.8867676258087166 3.3793628215789795
		endloop
	endfacet
	facet normal 0.8751752184543838 -0.1234484861175416 0.4677914153536902
		outer loop
			vertex 7.817416191101074 -0.8594677448272713 3.620314836502075
			vertex 7.611177921295166 -0.8407599329948434 4.011096000671387
			vertex 7.942357063293457 -0.8867676258087166 3.3793628215789795
		endloop
	endfacet
	facet normal 0.8751715430076316 -0.12347176709954942 0.4677921472608918
		outer loop
			vertex 7.817416191101074 -0.8594677448272713 3.620314836502075
			vertex 7.942357063293457 -0.8867676258087166 3.3793628215789795
			vertex 7.918160915374756 -0.879589796066285 3.4265248775482178
		endloop
	endfacet
	facet normal -0.18624002962880418 -0.9824905333005798 0.005196473670154068
		outer loop
			vertex 7.861175537109375 -0.8682079315185555 3.5361406803131104
			vertex 7.817416191101074 -0.8594677448272713 3.620314836502075
			vertex 7.918160915374756 -0.879589796066285 3.4265248775482178
		endloop
	endfacet
	facet normal 0.8751634092333328 -0.12353447401993832 0.4677908088747654
		outer loop
			vertex 7.736173152923584 -0.8486472964286813 3.775165319442749
			vertex 7.817416191101074 -0.8594677448272713 3.620314836502075
			vertex 7.793059825897217 -0.8546029925346382 3.6671664714813232
		endloop
	endfacet
	facet normal 0.6843023260728078 -0.6439432491797557 0.3421511630364039
		outer loop
			vertex 7.481846809387207 -0.844554603099824 4.25205659866333
			vertex 7.539710521697998 -0.8399370908737191 4.14501953125
			vertex 7.539709568023682 -0.8399370908737191 4.145021438598633
		endloop
	endfacet
	facet normal 0.833392313405886 0.2713186498527051 0.48150123800265643
		outer loop
			vertex 7.3521270751953125 -0.8601815700531016 4.490621089935303
			vertex 7.411096572875977 -0.8502004146575938 4.382931232452393
			vertex 7.411092281341553 -0.8502007722854624 4.382938861846924
		endloop
	endfacet
	facet normal 0.8751715323826533 -0.12349546085846728 0.46778591262922103
		outer loop
			vertex 7.3521270751953125 -0.8601815700531016 4.490621089935303
			vertex 7.4483642578125 -0.8472264409065257 4.313992977142334
			vertex 7.411096572875977 -0.8502004146575938 4.382931232452393
		endloop
	endfacet
	facet normal 0.8751763850516411 -0.12343395173180419 0.4677930681485272
		outer loop
			vertex 7.3521270751953125 -0.8601815700531016 4.490621089935303
			vertex 7.182065963745117 -0.8976303339004528 4.798900604248047
			vertex 7.4483642578125 -0.8472264409065257 4.313992977142334
		endloop
	endfacet
	facet normal -0.20300819316158222 0.9791288855816684 -0.009710763557509702
		outer loop
			vertex 7.182065963745117 -0.8976303339004528 4.798900604248047
			vertex 7.182065010070801 -0.8976305127143871 4.79890251159668
			vertex 7.4483642578125 -0.8472264409065257 4.313992500305176
		endloop
	endfacet
	facet normal 0.8751770608244518 -0.12342762912304146 0.4677934721388694
		outer loop
			vertex 7.4483642578125 -0.8472264409065257 4.313992500305176
			vertex 7.182065010070801 -0.8976305127143871 4.79890251159668
			vertex 7.570581912994385 -0.8402925133705148 4.087169647216797
		endloop
	endfacet
	facet normal 0.875177255969459 -0.1234256133443016 0.46779363890967046
		outer loop
			vertex 7.4483642578125 -0.8472264409065257 4.313992500305176
			vertex 7.570581912994385 -0.8402925133705148 4.087169647216797
			vertex 7.539710521697998 -0.8399370908737191 4.14501953125
		endloop
	endfacet
	facet normal 0.8751728782516552 -0.12348275971108087 0.4677867475964329
		outer loop
			vertex 7.182065010070801 -0.8976305127143871 4.79890251159668
			vertex 7.611177921295166 -0.8407599329948434 4.011096000671387
			vertex 7.570581912994385 -0.8402925133705148 4.087169647216797
		endloop
	endfacet
	facet normal -0.029162188935941274 -0.9995302980924505 -0.00942071821475242
		outer loop
			vertex 7.611177921295166 -0.8407599329948434 4.011096000671387
			vertex 7.609795093536377 -0.8407440185546884 4.013688087463379
			vertex 7.570581912994385 -0.8402925133705148 4.087169647216797
		endloop
	endfacet
	facet normal 0.8751757479167288 -0.12344660801386165 0.46779092042093623
		outer loop
			vertex 7.182065010070801 -0.8976305127143871 4.79890251159668
			vertex 6.236021995544434 -10.000000000000002 4.16677665710449
			vertex 7.611177921295166 -0.8407599329948434 4.011096000671387
		endloop
	endfacet
	facet normal 0.7670978227490162 -0.12344661218008623 0.6295409949121492
		outer loop
			vertex 6.682434558868408 -0.8405677080154431 5.418893337249756
			vertex 6.236021995544434 -10.000000000000002 4.16677665710449
			vertex 7.182065010070801 -0.8976305127143871 4.79890251159668
		endloop
	endfacet
	facet normal 0.7670946316125354 -0.12346903150721636 0.6295404867122515
		outer loop
			vertex 6.682434558868408 -0.8405677080154431 5.418893337249756
			vertex 7.182065010070801 -0.8976305127143871 4.79890251159668
			vertex 7.158738136291504 -0.8921309113502514 4.828404903411865
		endloop
	endfacet
	facet normal 0.7670974749473829 -0.1234487158495034 0.6295410061977361
		outer loop
			vertex 7.010554790496826 -0.8663613200187694 5.014019966125488
			vertex 6.682434558868408 -0.8405677080154431 5.418893337249756
			vertex 7.158738136291504 -0.8921309113502514 4.828404903411865
		endloop
	endfacet
	facet normal 0.7671073036951657 -0.12338952120555675 0.6295406346489452
		outer loop
			vertex 7.010554790496826 -0.8663613200187694 5.014019966125488
			vertex 7.158738136291504 -0.8921309113502514 4.828404903411865
			vertex 7.139863014221191 -0.8876808881759655 4.852276802062988
		endloop
	endfacet
	facet normal 0.8751778346941835 -0.12340928361142328 0.4677968644385251
		outer loop
			vertex 7.182065963745117 -0.8976303339004528 4.798900604248047
			vertex 7.3521270751953125 -0.8601815700531016 4.490621089935303
			vertex 7.280921459197998 -0.8722343444824229 4.620656490325928
		endloop
	endfacet
	facet normal 0.7648015628124282 -0.5274949132771771 0.36990226545179583
		outer loop
			vertex 7.280926704406738 -0.8722330927848826 4.620647430419922
			vertex 7.280921459197998 -0.8722343444824229 4.620656490325928
			vertex 7.3521270751953125 -0.8601815700531016 4.490621089935303
		endloop
	endfacet
	facet normal 0.8074549309666695 0.3227553983688779 0.4938071357132843
		outer loop
			vertex 7.280926704406738 -0.8722330927848826 4.620647430419922
			vertex 7.220426082611084 -0.8877755403518687 4.729734420776367
			vertex 7.182065963745117 -0.8976303339004528 4.798900604248047
		endloop
	endfacet
	facet normal 0.7670847333424549 -0.12353955584150596 0.6295387120864123
		outer loop
			vertex 6.893444538116455 -0.8524385690689098 5.159449100494385
			vertex 7.010555267333984 -0.8663613796234142 5.014019012451172
			vertex 6.970361709594727 -0.8597343564033519 5.064294815063477
		endloop
	endfacet
	facet normal 0.7670985896407831 -0.12344348795895389 0.6295406730717638
		outer loop
			vertex 6.893444538116455 -0.8524385690689098 5.159449100494385
			vertex 6.682435512542725 -0.8405677676200879 5.4188923835754395
			vertex 7.010555267333984 -0.8663613796234142 5.014019012451172
		endloop
	endfacet
	facet normal -0.3035227753507421 0.9031876049231222 -0.3035227753507421
		outer loop
			vertex 6.682435512542725 -0.8405677676200879 5.4188923835754395
			vertex 7.010555744171143 -0.8663613796234142 5.014018535614014
			vertex 7.010555267333984 -0.8663613796234142 5.014019012451172
		endloop
	endfacet
	facet normal 0.006355805464753809 -0.9976166463470155 0.06870684586144228
		outer loop
			vertex 6.682435512542725 -0.8405677676200879 5.4188923835754395
			vertex 6.682434558868408 -0.8405677080154431 5.418893337249756
			vertex 7.010555744171143 -0.8663613796234142 5.014018535614014
		endloop
	endfacet
	facet normal 0.767089891764646 -0.12351654541024293 0.6295369416979619
		outer loop
			vertex 6.800198078155518 -0.8435941934585584 5.274805068969727
			vertex 6.682435512542725 -0.8405677676200879 5.4188923835754395
			vertex 6.893444538116455 -0.8524385690689098 5.159449100494385
		endloop
	endfacet
	facet normal 0.6604323526337833 -0.5598907384168655 0.5003513451861834
		outer loop
			vertex 6.378407955169678 -0.8551524281501783 5.7864909172058105
			vertex 6.456894874572754 -0.8465265631675732 5.692545413970947
			vertex 6.456892967224121 -0.8465266823768628 5.692547798156738
		endloop
	endfacet
	facet normal 0.3526385630193736 0.835086020003759 0.4222290646863535
		outer loop
			vertex 6.2832489013671875 -0.8656105995178236 5.900392055511475
			vertex 6.283247470855713 -0.8656107187271131 5.900393486022949
			vertex 6.203128337860107 -0.8797380924224867 5.995248794555664
		endloop
	endfacet
	facet normal -0.23451366822678657 0.8712134631560476 -0.4312660907496242
		outer loop
			vertex 6.0127339363098145 -0.8823412060737623 6.18835973739624
			vertex 5.950562477111816 -0.8730816245079054 6.240872859954834
			vertex 6.1079254150390625 -0.8965185880661024 6.107956409454346
		endloop
	endfacet
	facet normal 0.6258452122071166 0.3979565647990032 0.6707818892090082
		outer loop
			vertex 5.950562477111816 -0.8730816245079054 6.240872859954834
			vertex 6.107933044433594 -0.8965201377868666 6.107950210571289
			vertex 6.1079254150390625 -0.8965185880661024 6.107956409454346
		endloop
	endfacet
	facet normal 0.6295397665451942 -0.12345494727996995 0.7670974894564068
		outer loop
			vertex 5.950562477111816 -0.8730816245079054 6.240872859954834
			vertex 5.496993541717529 -0.8396458029747024 6.61848783493042
			vertex 6.107933044433594 -0.8965201377868666 6.107950210571289
		endloop
	endfacet
	facet normal 0.5760278591712674 -0.36735776181214025 0.7302329630295673
		outer loop
			vertex 5.496993541717529 -0.8396458029747024 6.61848783493042
			vertex 6.1079421043396 -0.8965220451354994 6.1079421043396
			vertex 6.107933044433594 -0.8965201377868666 6.107950210571289
		endloop
	endfacet
	facet normal 0.6295411670848711 -0.12344658096851321 0.7670976864732436
		outer loop
			vertex 5.496993541717529 -0.8396458029747024 6.61848783493042
			vertex 5.303300857543945 -10.000000000000002 5.3033008575439435
			vertex 6.1079421043396 -0.8965220451354994 6.1079421043396
		endloop
	endfacet
	facet normal 0.7670977599935276 -0.12344657957279828 0.6295410777738727
		outer loop
			vertex 6.1079421043396 -0.8965220451354994 6.1079421043396
			vertex 5.303300857543945 -10.000000000000002 5.3033008575439435
			vertex 6.682434558868408 -0.8405677080154431 5.418893337249756
		endloop
	endfacet
	facet normal 0.7670962420297811 -0.12347369065929654 0.6295376106149337
		outer loop
			vertex 6.1079421043396 -0.8965220451354994 6.1079421043396
			vertex 6.682434558868408 -0.8405677080154431 5.418893337249756
			vertex 6.654570579528809 -0.8398516774177563 5.452986240386963
		endloop
	endfacet
	facet normal 0.7670983533155135 -0.12343413192886446 0.6295427955394262
		outer loop
			vertex 6.50953483581543 -0.8442866802215588 5.628842830657959
			vertex 6.1079421043396 -0.8965220451354994 6.1079421043396
			vertex 6.654570579528809 -0.8398516774177563 5.452986240386963
		endloop
	endfacet
	facet normal 0.7670938606479035 -0.12348784726273437 0.6295377355923238
		outer loop
			vertex 6.50953483581543 -0.8442866802215588 5.628842830657959
			vertex 6.654570579528809 -0.8398516774177563 5.452986240386963
			vertex 6.629125118255615 -0.8391977548599255 5.484119892120361
		endloop
	endfacet
	facet normal 0.629542478957873 -0.12343296446259866 0.7670988009843003
		outer loop
			vertex 5.692514419555664 -0.8465206623077407 6.456921577453613
			vertex 5.496993541717529 -0.8396458029747024 6.61848783493042
			vertex 5.950562477111816 -0.8730816245079054 6.240872859954834
		endloop
	endfacet
	facet normal 0.6295648541894046 -0.12327406054585181 0.7671059903077354
		outer loop
			vertex 5.692514419555664 -0.8465206623077407 6.456921577453613
			vertex 5.950562477111816 -0.8730816245079054 6.240872859954834
			vertex 5.8062005043029785 -0.8569590449333205 6.361941814422607
		endloop
	endfacet
	facet normal 0.11930816600327704 0.963662173338312 0.23899953389455808
		outer loop
			vertex 5.179805278778076 -0.8508695960044876 6.876991271972656
			vertex 5.274774074554443 -0.8435882925987259 6.800224304199219
			vertex 5.274771690368652 -0.8435883522033707 6.800225734710693
		endloop
	endfacet
	facet normal 0.6295368983830961 -0.12354961432493684 0.7670846018362975
		outer loop
			vertex 5.179805278778076 -0.8508695960044876 6.876991271972656
			vertex 5.344362258911133 -0.8421266674995437 6.743349552154541
			vertex 5.274774074554443 -0.8435882925987259 6.800224304199219
		endloop
	endfacet
	facet normal 0.6295408181817248 -0.123465466288673 0.7670949334190685
		outer loop
			vertex 5.179805278778076 -0.8508695960044876 6.876991271972656
			vertex 4.798902988433838 -0.8976188898086563 7.182066440582275
			vertex 5.344362258911133 -0.8421266674995437 6.743349552154541
		endloop
	endfacet
	facet normal 0.6295413433228039 -0.12343399780275578 0.7670995667015782
		outer loop
			vertex 5.344362258911133 -0.8421266674995437 6.743349552154541
			vertex 4.798902988433838 -0.8976188898086563 7.182066440582275
			vertex 5.490970134735107 -0.8394339084625259 6.623465061187744
		endloop
	endfacet
	facet normal 0.6295200993064303 -0.12374710352750853 0.7670665544382537
		outer loop
			vertex 5.344362258911133 -0.8421266674995437 6.743349552154541
			vertex 5.490970134735107 -0.8394339084625259 6.623465061187744
			vertex 5.48408842086792 -0.8391919136047378 6.629151821136475
		endloop
	endfacet
	facet normal 0.6295449366137478 -0.12330338368297988 0.7671176235469502
		outer loop
			vertex 4.798902988433838 -0.8976188898086563 7.182066440582275
			vertex 5.496993541717529 -0.8396456837654128 6.61848783493042
			vertex 5.490970134735107 -0.8394339084625259 6.623465061187744
		endloop
	endfacet
	facet normal 0.6295409051830813 -0.12344660955089902 0.7670978968108664
		outer loop
			vertex 4.798902988433838 -0.8976188898086563 7.182066440582275
			vertex 4.166776657104492 -10.000000000000002 6.236021995544432
			vertex 5.496993541717529 -0.8396456837654128 6.61848783493042
		endloop
	endfacet
	facet normal 0.4677914159381106 -0.12344662154111656 0.8751754811491819
		outer loop
			vertex 4.100404739379883 -0.8401938676834123 7.563521862030029
			vertex 4.166776657104492 -10.000000000000002 6.236021995544432
			vertex 4.798902988433838 -0.8976190686225907 7.182066440582275
		endloop
	endfacet
	facet normal 0.4677896906845146 -0.12346061773952514 0.8751744289892508
		outer loop
			vertex 4.100404739379883 -0.8401938676834123 7.563521862030029
			vertex 4.798902988433838 -0.8976190686225907 7.182066440582275
			vertex 4.677406311035156 -0.8803079724311844 7.249449729919434
		endloop
	endfacet
	facet normal 0.46779442715235187 -0.1234188220153194 0.875177792392811
		outer loop
			vertex 4.407788276672363 -0.8524900078773515 7.397487163543701
			vertex 4.100404739379883 -0.8401938676834123 7.563521862030029
			vertex 4.677406311035156 -0.8803079724311844 7.249449729919434
		endloop
	endfacet
	facet normal 0.46780207823204956 -0.12336402016707702 0.8751814292648081
		outer loop
			vertex 4.407788276672363 -0.8524900078773515 7.397487163543701
			vertex 4.677406311035156 -0.8803079724311844 7.249449729919434
			vertex 4.512645721435547 -0.8622087240219133 7.340068817138672
		endloop
	endfacet
	facet normal 0.46779467716386813 -0.12341512531514313 0.8751781800642657
		outer loop
			vertex 4.677406311035156 -0.8803079724311844 7.249449729919434
			vertex 4.620611190795898 -0.8722157478332536 7.280948638916016
			vertex 4.512645721435547 -0.8622087240219133 7.340068817138672
		endloop
	endfacet
	facet normal 0.4677919620211952 -0.12345058102309528 0.8751746307528693
		outer loop
			vertex 4.275732040405273 -0.8455601930618303 7.469050407409668
			vertex 4.407788276672363 -0.8524900078773515 7.397487163543701
			vertex 4.3829026222229 -0.8501834869384782 7.41111421585083
		endloop
	endfacet
	facet normal 0.46778865164500677 -0.1235176835933979 0.8751669322088602
		outer loop
			vertex 3.97969913482666 -0.8409355878829973 7.627935409545898
			vertex 3.9065115451812744 -0.8413852453231828 7.666991710662842
			vertex 3.7986886501312256 -0.8473306894302385 7.723785400390625
		endloop
	endfacet
	facet normal 0.46779784637390204 -0.12321760080218574 0.8752043177341462
		outer loop
			vertex 3.724290370941162 -0.8514332771301287 7.762973785400391
			vertex 3.97969913482666 -0.8409355878829973 7.627935409545898
			vertex 3.7986886501312256 -0.8473306894302385 7.723785400390625
		endloop
	endfacet
	facet normal 0.4677915603256452 -0.12345892815483508 0.8751736679922207
		outer loop
			vertex 3.724290370941162 -0.8514332771301287 7.762973785400391
			vertex 3.3055248260498047 -0.897982597351076 7.980242729187012
			vertex 3.97969913482666 -0.8409355878829973 7.627935409545898
		endloop
	endfacet
	facet normal 0.4677913233830987 -0.12343113717755884 0.8751777146057503
		outer loop
			vertex 3.3055248260498047 -0.897982597351076 7.980242729187012
			vertex 4.100093364715576 -0.8401958942413347 7.563687801361084
			vertex 3.97969913482666 -0.8409355878829973 7.627935409545898
		endloop
	endfacet
	facet normal 0.46779130868841273 -0.12344660960570421 0.8751755401589097
		outer loop
			vertex 3.3055248260498047 -0.897982597351076 7.980242729187012
			vertex 2.8701257705688477 -10.000000000000002 6.9290966987609846
			vertex 4.100093364715576 -0.8401958942413347 7.563687801361084
		endloop
	endfacet
	facet normal 0.2880639393559443 -0.12344660470474014 0.9496210310590255
		outer loop
			vertex 2.546430826187134 -0.840744078159334 8.217951774597168
			vertex 2.8701257705688477 -10.000000000000002 6.9290966987609846
			vertex 3.3055248260498047 -0.897982597351076 7.980242729187012
		endloop
	endfacet
	facet normal 0.28805974363265485 -0.12348617025447056 0.9496171596249581
		outer loop
			vertex 2.546430826187134 -0.840744078159334 8.217951774597168
			vertex 3.3055248260498047 -0.897982597351076 7.980242729187012
			vertex 3.226473093032837 -0.8867371678352374 8.005684852600098
		endloop
	endfacet
	facet normal 0.2880619825968728 -0.12346352202649992 0.9496194253021423
		outer loop
			vertex 2.967547655105591 -0.859420835971834 8.087779998779297
			vertex 2.546430826187134 -0.840744078159334 8.217951774597168
			vertex 3.226473093032837 -0.8867371678352374 8.005684852600098
		endloop
	endfacet
	facet normal 0.28807739410277594 -0.12334836451548035 0.9496297151934066
		outer loop
			vertex 2.967547655105591 -0.859420835971834 8.087779998779297
			vertex 3.226473093032837 -0.8867371678352374 8.005684852600098
			vertex 3.176086187362671 -0.8795694112777728 8.02190113067627
		endloop
	endfacet
	facet normal 0.2880577550781191 -0.12351821176844152 0.9496135956803066
		outer loop
			vertex 2.659038543701172 -0.8413823246955889 8.183710098266602
			vertex 2.546430826187134 -0.840744078159334 8.217951774597168
			vertex 2.967547655105591 -0.859420835971834 8.087779998779297
		endloop
	endfacet
	facet normal 0.2880684255819777 -0.1234001382066793 0.9496257094630984
		outer loop
			vertex 2.659038543701172 -0.8413823246955889 8.183710098266602
			vertex 2.967547655105591 -0.859420835971834 8.087779998779297
			vertex 2.8008744716644287 -0.8486268520355242 8.139742851257324
		endloop
	endfacet
	facet normal 0.2825797605653841 -0.31610866204507704 0.9056621846466162
		outer loop
			vertex 2.400437593460083 -0.8399168252944965 8.262346267700195
			vertex 2.400425434112549 -0.8399167656898517 8.262350082397461
			vertex 2.2838258743286133 -0.8445343375206013 8.297119140625
		endloop
	endfacet
	facet normal 0.2880596480585353 -0.12363733680513628 0.9495975190090411
		outer loop
			vertex 2.463167667388916 -0.8402722477912921 8.243270874023438
			vertex 2.400437593460083 -0.8399168252944965 8.262346267700195
			vertex 2.2838258743286133 -0.8445343375206013 8.297119140625
		endloop
	endfacet
	facet normal 0.28806651913068126 -0.12314570331992099 0.9496593159179639
		outer loop
			vertex 2.463167667388916 -0.8402722477912921 8.243270874023438
			vertex 2.2838258743286133 -0.8445343375206013 8.297119140625
			vertex 2.216355800628662 -0.8472062945365925 8.317238807678223
		endloop
	endfacet
	facet normal 0.22830051201565696 -0.7044445023711045 0.6720392989197255
		outer loop
			vertex 2.2163281440734863 -0.8472070693969745 8.31724739074707
			vertex 2.216355800628662 -0.8472062945365925 8.317238807678223
			vertex 2.2838258743286133 -0.8445343375206013 8.297119140625
		endloop
	endfacet
	facet normal 0.2880668957633138 -0.12353409637792614 0.9496087565926178
		outer loop
			vertex 2.0234105587005615 -0.8601604104042072 8.37408447265625
			vertex 2.2163281440734863 -0.8472070693969745 8.31724739074707
			vertex 2.141246795654297 -0.8501800894737263 8.33963680267334
		endloop
	endfacet
	facet normal 0.2880653473477943 -0.12347558154594909 0.9496168366342734
		outer loop
			vertex 2.0234105587005615 -0.8601604104042072 8.37408447265625
			vertex 1.6851534843444824 -0.8976125717163105 8.471824645996094
			vertex 2.2163281440734863 -0.8472070693969745 8.31724739074707
		endloop
	endfacet
	facet normal 0.288064701876819 -0.12346598428803786 0.949618280287614
		outer loop
			vertex 1.8811237812042236 -0.8722122311592121 8.415679931640625
			vertex 1.6851534843444824 -0.8976125717163105 8.471824645996094
			vertex 2.0234105587005615 -0.8601604104042072 8.37408447265625
		endloop
	endfacet
	facet normal 0.28404448461995047 -0.6652513071485654 0.6904776818218761
		outer loop
			vertex 1.8811237812042236 -0.8722122311592121 8.415679931640625
			vertex 1.761205792427063 -0.8877550959587116 8.45003604888916
			vertex 1.6851534843444824 -0.8976125717163105 8.471824645996094
		endloop
	endfacet
	facet normal 0.2373494595770285 -0.8682615520304748 0.4356456258292097
		outer loop
			vertex 1.6851508617401123 -0.8976128101348896 8.47182559967041
			vertex 1.6851534843444824 -0.8976125717163105 8.471824645996094
			vertex 1.761205792427063 -0.8877550959587116 8.45003604888916
		endloop
	endfacet
	facet normal 0.09723122109791933 -0.12384399225729506 0.987526584566503
		outer loop
			vertex 1.2261416912078857 -0.8524235486984272 8.522682189941406
			vertex 1.4117929935455322 -0.8663472533226032 8.502656936645508
			vertex 1.3478130102157593 -0.8597193360328693 8.509787559509277
		endloop
	endfacet
	facet normal 0.09726932257551436 -0.12340890514348898 0.9875772987553865
		outer loop
			vertex 1.2261416912078857 -0.8524235486984272 8.522682189941406
			vertex 0.8934597969055176 -0.8405521512031574 8.55693244934082
			vertex 1.4117929935455322 -0.8663472533226032 8.502656936645508
		endloop
	endfacet
	facet normal 0.09726796982078281 -0.12343705055197532 0.9875739144985416
		outer loop
			vertex 1.0786362886428833 -0.843578815460207 8.538315773010254
			vertex 0.8934597969055176 -0.8405521512031574 8.55693244934082
			vertex 1.2261416912078857 -0.8524235486984272 8.522682189941406
		endloop
	endfacet
	facet normal 0 0.9613734461892204 0.27524733779323335
		outer loop
			vertex 0.6886729001998901 -0.8424765467643757 8.576862335205078
			vertex 0.8096625208854675 -0.8391825556755085 8.565357208251953
			vertex 0.8096617460250854 -0.8391825556755085 8.565357208251953
		endloop
	endfacet
	facet normal 0.0433433440915949 -0.983765350112831 0.17414674972659444
		outer loop
			vertex 0.6886729001998901 -0.8424765467643757 8.576862335205078
			vertex 0.6240357756614685 -0.8442364931106586 8.5830078125
			vertex 0.8096625208854675 -0.8391825556755085 8.565357208251953
		endloop
	endfacet
	facet normal 0.09726403086623384 -0.12332443095666394 0.9875883722628914
		outer loop
			vertex 0.6240357756614685 -0.8442364931106586 8.5830078125
			vertex 0.8498008251190186 -0.8398385643959064 8.561322212219238
			vertex 0.8096625208854675 -0.8391825556755085 8.565357208251953
		endloop
	endfacet
	facet normal 0.09726451478039616 -0.12338971791398796 0.9875801697470644
		outer loop
			vertex 0.6240357756614685 -0.8442364931106586 8.5830078125
			vertex 1.776080686807111e-17 -0.8967462182045002 8.637907028198242
			vertex 0.8498008251190186 -0.8398385643959064 8.561322212219238
		endloop
	endfacet
	facet normal 0.09727533900459477 -0.12358578441043912 0.9875545870042818
		outer loop
			vertex 1.776080686807111e-17 -0.8967462182045002 8.637907028198242
			vertex 0.8934597969055176 -0.8405521512031574 8.55693244934082
			vertex 0.8498008251190186 -0.8398385643959064 8.561322212219238
		endloop
	endfacet
	facet normal 0.09726822721467725 -0.12344661976976543 0.9875726930418504
		outer loop
			vertex 1.776080686807111e-17 -0.8967462182045002 8.637907028198242
			vertex 0 -10.000000000000002 7.499999999999998
			vertex 0.8934597969055176 -0.8405521512031574 8.55693244934082
		endloop
	endfacet
	facet normal -0.09726778626703292 -0.1234466251149746 0.9875727358035122
		outer loop
			vertex -0.7930155396461487 -0.8396359682083149 8.566940307617188
			vertex -1.8369700935892946e-15 -10.000000000000002 7.499999999999998
			vertex -2.1156769675209023e-15 -0.8967462182045002 8.637907028198242
		endloop
	endfacet
	facet normal -0.09726889314866678 -0.12346498196142378 0.9875703320042064
		outer loop
			vertex -0.7930155396461487 -0.8396359682083149 8.566940307617188
			vertex -2.1156769675209023e-15 -0.8967462182045002 8.637907028198242
			vertex -0.210412859916687 -0.8727788925170917 8.620179176330566
		endloop
	endfacet
	facet normal 0.09726783925149092 -0.12343555798231608 0.9875741139139587
		outer loop
			vertex 0.41857102513313293 -0.8551366925239582 8.601881980895996
			vertex 1.776080686807111e-17 -0.8967462182045002 8.637907028198242
			vertex 0.6240357756614685 -0.8442364931106586 8.5830078125
		endloop
	endfacet
	facet normal 0.09727797197905849 -0.1236815840366286 0.9875423342509586
		outer loop
			vertex 0.41857102513313293 -0.8551366925239582 8.601881980895996
			vertex 0.6240357756614685 -0.8442364931106586 8.5830078125
			vertex 0.5404971837997437 -0.8465110659599323 8.590951919555664
		endloop
	endfacet
	facet normal -0.023572267657893616 0.8957461709999573 0.4439404749922899
		outer loop
			vertex 0.4185710549354553 -0.8551366925239582 8.601881980895996
			vertex 0.5404971837997437 -0.8465110659599323 8.590951919555664
			vertex 0.5404949188232422 -0.8465111255645771 8.590951919555664
		endloop
	endfacet
	facet normal 0.0989973336197696 -0.1402790531753421 0.9851504023124621
		outer loop
			vertex 0.14404170215129852 -0.8801577687263508 8.62579345703125
			vertex 0.1477712243795395 -0.8797560334205646 8.625475883483887
			vertex 0.2707405388355255 -0.865594983100893 8.615135192871094
		endloop
	endfacet
	facet normal 0.09791740025317683 -0.12977176910205454 0.9866972538077637
		outer loop
			vertex 0.1477712243795395 -0.8797560334205646 8.625475883483887
			vertex 0.27124953269958496 -0.8655589818954487 8.615089416503906
			vertex 0.2707405388355255 -0.865594983100893 8.615135192871094
		endloop
	endfacet
	facet normal 0.09891450458120622 -0.13940551564798914 0.9852827122153179
		outer loop
			vertex 1.776080686807111e-17 -0.8967462182045002 8.637907028198242
			vertex 0.1477712243795395 -0.8797560334205646 8.625475883483887
			vertex 0.14404170215129852 -0.8801577687263508 8.62579345703125
		endloop
	endfacet
	facet normal 0.09775835991446305 -0.12816898034132485 0.9869224972332424
		outer loop
			vertex 0.0007525942637585104 -0.8966274857521076 8.637847900390625
			vertex 1.776080686807111e-17 -0.8967462182045002 8.637907028198242
			vertex 0.14404170215129852 -0.8801577687263508 8.62579345703125
		endloop
	endfacet
	facet normal 0.09721568650085653 -0.1229198750381748 0.9876435665860265
		outer loop
			vertex 0.0007525942637585104 -0.8966274857521076 8.637847900390625
			vertex 0.14404170215129852 -0.8801577687263508 8.62579345703125
			vertex 0.021424470469355583 -0.8933661580085773 8.636219024658203
		endloop
	endfacet
	facet normal -0.004169918958089378 0.9488978490771517 0.31555583308289264
		outer loop
			vertex -0.6615940928459167 -0.8432142138481159 8.579437255859375
			vertex -0.5404905676841736 -0.8465115427970905 8.59095287322998
			vertex -0.5404949188232422 -0.8465112447738666 8.590951919555664
		endloop
	endfacet
	facet normal -0.09720571783874543 -0.12402653430620998 0.9875061859084453
		outer loop
			vertex -1.4706952571868896 -0.8724489808082599 8.496092796325684
			vertex -1.3086819648742676 -0.8573730587959308 8.513934135437012
			vertex -1.3478130102157593 -0.8597193956375141 8.509787559509277
		endloop
	endfacet
	facet normal -0.09727118829477059 -0.12340715509956594 0.9875773336797252
		outer loop
			vertex -1.4706952571868896 -0.8724489808082599 8.496092796325684
			vertex -1.6851508617401123 -0.8976126909256 8.47182559967041
			vertex -1.3086819648742676 -0.8573730587959308 8.513934135437012
		endloop
	endfacet
	facet normal -0.09727985316373959 -0.12334051486160116 0.987584805250727
		outer loop
			vertex -1.617587924003601 -0.887666106224062 8.47972297668457
			vertex -1.6851508617401123 -0.8976126909256 8.47182559967041
			vertex -1.4706952571868896 -0.8724489808082599 8.496092796325684
		endloop
	endfacet
	facet normal -0.28806399792914333 -0.12399475298708369 0.9495495955076547
		outer loop
			vertex -2.2579944133758545 -0.845556616783144 8.30482292175293
			vertex -2.1138510704040527 -0.8525004982948322 8.347644805908203
			vertex -2.141246795654297 -0.8501800298690815 8.33963680267334
		endloop
	endfacet
	facet normal -0.2880618155987467 -0.12374221318197594 0.9495832007100694
		outer loop
			vertex -2.2579944133758545 -0.845556616783144 8.30482292175293
			vertex -2.4491307735443115 -0.8401927947998065 8.247539520263672
			vertex -2.1138510704040527 -0.8525004982948322 8.347644805908203
		endloop
	endfacet
	facet normal -0.28806452783952774 -0.12347195858100278 0.9496175563060958
		outer loop
			vertex -2.400425434112549 -0.839916706085207 8.262350082397461
			vertex -2.4491307735443115 -0.8401927947998065 8.247539520263672
			vertex -2.2579944133758545 -0.845556616783144 8.30482292175293
		endloop
	endfacet
	facet normal 0 -0.9866956674408829 0.16257816536481987
		outer loop
			vertex -2.775439739227295 -0.8473277688026446 8.147626876831055
			vertex -2.6590375900268555 -0.8413823246955889 8.183710098266602
			vertex -2.659038543701172 -0.8413823246955889 8.183710098266602
		endloop
	endfacet
	facet normal -0.28804672998800784 -0.12360119519655328 0.9496061425081449
		outer loop
			vertex -3.034921407699585 -0.8659301996231097 8.066495895385742
			vertex -2.855764389038086 -0.8514304757118243 8.122727394104004
			vertex -2.9174647331237793 -0.8545819520950335 8.103601455688477
		endloop
	endfacet
	facet normal -0.288064122235722 -0.12344475515632286 0.9496212160145532
		outer loop
			vertex -3.034921407699585 -0.8659301996231097 8.066495895385742
			vertex -3.3055248260498047 -0.897982597351076 7.980242729187012
			vertex -2.855764389038086 -0.8514304757118243 8.122727394104004
		endloop
	endfacet
	facet normal -0.2880632540135217 -0.12345133249362461 0.9496206243509511
		outer loop
			vertex -2.855764389038086 -0.8514304757118243 8.122727394104004
			vertex -3.3055248260498047 -0.897982597351076 7.980242729187012
			vertex -2.579664945602417 -0.8409325480461138 8.207845687866211
		endloop
	endfacet
	facet normal -0.28805738175077555 -0.12353353876927375 0.9496117151857534
		outer loop
			vertex -2.855764389038086 -0.8514304757118243 8.122727394104004
			vertex -2.579664945602417 -0.8409325480461138 8.207845687866211
			vertex -2.6590375900268555 -0.8413823246955889 8.183710098266602
		endloop
	endfacet
	facet normal -0.2880708821974981 -0.12338133758556621 0.9496274071263697
		outer loop
			vertex -3.3055248260498047 -0.897982597351076 7.980242729187012
			vertex -2.4491307735443115 -0.840192914009096 8.247539520263672
			vertex -2.579664945602417 -0.8409325480461138 8.207845687866211
		endloop
	endfacet
	facet normal -0.2880644398005084 -0.12344661101740799 0.9496208784303009
		outer loop
			vertex -3.3055248260498047 -0.897982597351076 7.980242729187012
			vertex -2.8701257705688477 -10.000000000000002 6.9290966987609846
			vertex -2.4491307735443115 -0.840192914009096 8.247539520263672
		endloop
	endfacet
	facet normal -0.2880597819478426 -0.12347452573711369 0.9496186621576875
		outer loop
			vertex -3.1760833263397217 -0.8795689940452593 8.021902084350586
			vertex -3.3055248260498047 -0.897982597351076 7.980242729187012
			vertex -3.034921407699585 -0.8659301996231097 8.066495895385742
		endloop
	endfacet
	facet normal -0.12997452143996488 -0.9901395478370518 0.05225226871142382
		outer loop
			vertex -3.536104440689087 -0.8681901097297686 7.861197471618652
			vertex -3.6202709674835205 -0.8594507575035113 7.817441940307617
			vertex -3.42648983001709 -0.8795718550682086 7.918182373046875
		endloop
	endfacet
	facet normal -0.4677944255443392 -0.12352445364815398 0.8751628904270147
		outer loop
			vertex -3.6202709674835205 -0.8594507575035113 7.817441940307617
			vertex -3.3793387413024902 -0.8867481946945208 7.942372798919678
			vertex -3.42648983001709 -0.8795718550682086 7.918182373046875
		endloop
	endfacet
	facet normal -0.4677914474330098 -0.12342969716634675 0.8751778513913351
		outer loop
			vertex -3.6202709674835205 -0.8594507575035113 7.817441940307617
			vertex -4.0110955238342285 -0.8407422304153459 7.611180782318115
			vertex -3.3793387413024902 -0.8867481946945208 7.942372798919678
		endloop
	endfacet
	facet normal -0.46779145684492385 -0.12341884160040305 0.8751793772941171
		outer loop
			vertex -4.0110955238342285 -0.8407422304153459 7.611180782318115
			vertex -3.3055248260498047 -0.897982597351076 7.980242729187012
			vertex -3.3793387413024902 -0.8867481946945208 7.942372798919678
		endloop
	endfacet
	facet normal -0.4677904034799133 -0.12348005637877267 0.8751713055675414
		outer loop
			vertex -3.9065113067626953 -0.8413850069046037 7.666991710662842
			vertex -4.0110955238342285 -0.8407422304153459 7.611180782318115
			vertex -3.6202709674835205 -0.8594507575035113 7.817441940307617
		endloop
	endfacet
	facet normal -0.4677903787311433 -0.12348292628576817 0.8751709138691008
		outer loop
			vertex -3.9065113067626953 -0.8413850069046037 7.666991710662842
			vertex -3.6202709674835205 -0.8594507575035113 7.817441940307617
			vertex -3.667126178741455 -0.8545855879783648 7.793083667755127
		endloop
	endfacet
	facet normal -0.44772706202825774 -0.3777484582860012 0.8104607209421653
		outer loop
			vertex -3.7751288414001465 -0.8486298918724077 7.736195087432861
			vertex -3.667126178741455 -0.8545855879783648 7.793083667755127
			vertex -3.667130947113037 -0.8545850515365618 7.793081283569336
		endloop
	endfacet
	facet normal -0.3736429173561694 0.6307829811706646 0.6800763199634435
		outer loop
			vertex -3.9719083309173584 1.4647898674011213 7.957330226898193
			vertex -3.901329278945923 1.4657740592956525 7.995194435119629
			vertex -3.790271759033203 1.4673229455947858 8.054774284362793
		endloop
	endfacet
	facet normal -0.4677882208474604 -0.12348762497536855 0.8751714043056427
		outer loop
			vertex -3.9719083309173584 1.4647898674011213 7.957330226898193
			vertex -3.790271759033203 1.4673229455947858 8.054774284362793
			vertex -3.5124611854553223 1.4750224351882917 8.204353332519531
		endloop
	endfacet
	facet normal -0.4677765281728439 -0.1236409404141849 0.8751560075461156
		outer loop
			vertex -3.9719083309173584 1.4647898674011213 7.957330226898193
			vertex -3.5124611854553223 1.4750224351882917 8.204353332519531
			vertex -3.4192111492156982 1.4786344766616804 8.254706382751465
		endloop
	endfacet
	facet normal -0.4677917773337735 -0.12344654342025457 0.8751752989981496
		outer loop
			vertex -3.8268344402313232 9.999999999999998 9.238795280456545
			vertex -3.9719083309173584 1.4647898674011213 7.957330226898193
			vertex -3.4192111492156982 1.4786344766616804 8.254706382751465
		endloop
	endfacet
	facet normal -0.2880639887588356 -0.12344654097253761 0.9496210243577514
		outer loop
			vertex -3.8268344402313232 9.999999999999998 9.238795280456545
			vertex -3.4192111492156982 1.4786344766616804 8.254706382751465
			vertex -2.7331221103668213 1.4638644456863386 8.460908889770508
		endloop
	endfacet
	facet normal -0.2880643244771498 -0.12344657431183798 0.9496209181848276
		outer loop
			vertex -1.9509031772613525 9.999999999999998 9.807852745056154
			vertex -3.8268344402313232 9.999999999999998 9.238795280456545
			vertex -2.7331221103668213 1.4638644456863386 8.460908889770508
		endloop
	endfacet
	facet normal -0.28806429349764906 -0.12344657854668009 0.949620927031844
		outer loop
			vertex -1.9509031772613525 9.999999999999998 9.807852745056154
			vertex -2.7331221103668213 1.4638644456863386 8.460908889770508
			vertex -2.343187093734741 1.4648746252059917 8.579325675964355
		endloop
	endfacet
	facet normal -0.28806357858454146 -0.12344664144324904 0.9496211357217412
		outer loop
			vertex -1.9509031772613525 9.999999999999998 9.807852745056154
			vertex -2.343187093734741 1.4648746252059917 8.579325675964355
			vertex -1.7430963516235352 1.4785380363464335 8.763136863708496
		endloop
	endfacet
	facet normal -0.09726796229582468 -0.12344664002352217 0.9875727166025402
		outer loop
			vertex -1.9509031772613525 9.999999999999998 9.807852745056154
			vertex -1.7430963516235352 1.4785380363464335 8.763136863708496
			vertex -1.0285171270370483 1.4641025066375712 8.83171272277832
		endloop
	endfacet
	facet normal -0.0972674602290457 -0.12344659211015652 0.987572772041119
		outer loop
			vertex -2.6658873354424304e-15 9.999999999999998 10.000000000000002
			vertex -1.9509031772613525 9.999999999999998 9.807852745056154
			vertex -1.0285171270370483 1.4641025066375712 8.83171272277832
		endloop
	endfacet
	facet normal -0.09726765524487455 -0.12344656642268798 0.9875727560446438
		outer loop
			vertex -2.6658873354424304e-15 9.999999999999998 10.000000000000002
			vertex -1.0285171270370483 1.4641025066375712 8.83171272277832
			vertex -0.6244279146194458 1.4647685289382915 8.87159538269043
		endloop
	endfacet
	facet normal -0.09726678323666717 -0.12344664035060254 0.9875728326887796
		outer loop
			vertex -2.4492935992912173e-15 9.999999999999998 10.000000000000002
			vertex -0.6244279146194458 1.4647685289382915 8.87159538269043
			vertex -2.188391357910895e-15 1.478289246559141 8.934785842895508
		endloop
	endfacet
	facet normal 0.0972675433984997 -0.12344663113592916 0.9875727589714142
		outer loop
			vertex 0 9.999999999999998 10.000000000000002
			vertex 8.880403930343922e-17 1.478289246559141 8.934785842895508
			vertex 0.7158074975013733 1.4641414880752543 8.862516403198242
		endloop
	endfacet
	facet normal 0.09726745965579202 -0.1234466391245448 0.9875727662207799
		outer loop
			vertex 1.9509031772613525 9.999999999999998 9.807852745056154
			vertex 0 9.999999999999998 10.000000000000002
			vertex 0.7158074975013733 1.4641414880752543 8.862516403198242
		endloop
	endfacet
	facet normal 0.09726540344604752 -0.1234463677861701 0.9875730026549325
		outer loop
			vertex 1.9509031772613525 9.999999999999998 9.807852745056154
			vertex 0.7158074975013733 1.4641414880752543 8.862516403198242
			vertex 1.1183077096939087 1.4645124673843364 8.822920799255371
		endloop
	endfacet
	facet normal 0.09726869209073088 -0.12344664717177348 0.9875726438298128
		outer loop
			vertex 1.9509031772613525 9.999999999999998 9.807852745056154
			vertex 1.1183077096939087 1.4645124673843364 8.822920799255371
			vertex 1.7430963516235352 1.478537917137144 8.763136863708496
		endloop
	endfacet
	facet normal 0.2880641931048357 -0.12344663199888305 0.9496209505371036
		outer loop
			vertex 1.9509031772613525 9.999999999999998 9.807852745056154
			vertex 1.7430963516235352 1.478537917137144 8.763136863708496
			vertex 2.42680287361145 1.4640389680862407 8.553852081298828
		endloop
	endfacet
	facet normal 0.2880643228552353 -0.1234466192267111 0.9496209128380915
		outer loop
			vertex 3.8268344402313232 9.999999999999998 9.238795280456545
			vertex 1.9509031772613525 9.999999999999998 9.807852745056154
			vertex 2.42680287361145 1.4640389680862407 8.553852081298828
		endloop
	endfacet
	facet normal 0.2880635886710012 -0.1234465177384842 0.9496211487431324
		outer loop
			vertex 3.8268344402313232 9.999999999999998 9.238795280456545
			vertex 2.42680287361145 1.4640389680862407 8.553852081298828
			vertex 2.8181190490722656 1.464789390563963 8.435245513916016
		endloop
	endfacet
	facet normal 0.28806382820900667 -0.12344653894733397 0.9496210733231947
		outer loop
			vertex 3.8268344402313232 9.999999999999998 9.238795280456545
			vertex 2.8181190490722656 1.464789390563963 8.435245513916016
			vertex 3.4192111492156982 1.4786344766616804 8.254706382751465
		endloop
	endfacet
	facet normal 0.46779141499517 -0.12344654837339282 0.8751754919737599
		outer loop
			vertex 3.8268344402313232 9.999999999999998 9.238795280456545
			vertex 3.4192111492156982 1.4786344766616804 8.254706382751465
			vertex 4.050157070159912 1.4638651609420759 7.915375232696533
		endloop
	endfacet
	facet normal 0.4677910841889101 -0.12344658366973899 0.8751756638147763
		outer loop
			vertex 5.555702209472656 9.999999999999998 8.314696311950685
			vertex 3.8268344402313232 9.999999999999998 9.238795280456545
			vertex 4.050157070159912 1.4638651609420759 7.915375232696533
		endloop
	endfacet
	facet normal 0.4677911732312016 -0.12344659705960136 0.8751756143319925
		outer loop
			vertex 5.555702209472656 9.999999999999998 8.314696311950685
			vertex 4.050157070159912 1.4638651609420759 7.915375232696533
			vertex 4.409615993499756 1.4648756980895978 7.723382949829102
		endloop
	endfacet
	facet normal 0.4677909367937505 -0.12344657428907943 0.8751757439222801
		outer loop
			vertex 5.555702209472656 9.999999999999998 8.314696311950685
			vertex 4.409615993499756 1.4648756980895978 7.723382949829102
			vertex 4.963918685913086 1.4785394668579086 7.42902946472168
		endloop
	endfacet
	facet normal 0.6295411914026828 -0.12344657042137416 0.7670976682134365
		outer loop
			vertex 5.555702209472656 9.999999999999998 8.314696311950685
			vertex 4.963918685913086 1.4785394668579086 7.42902946472168
			vertex 5.5176920890808105 1.4641047716140732 6.972236156463623
		endloop
	endfacet
	facet normal 0.6295409757373136 -0.12344659663356271 0.7670978409872509
		outer loop
			vertex 7.071067810058594 9.999999999999998 7.0710678100585955
			vertex 5.555702209472656 9.999999999999998 8.314696311950685
			vertex 5.5176920890808105 1.4641047716140732 6.972236156463623
		endloop
	endfacet
	facet normal 0.6295408916443553 -0.123446582156229 0.7670979123303462
		outer loop
			vertex 7.071067810058594 9.999999999999998 7.0710678100585955
			vertex 5.5176920890808105 1.4641047716140732 6.972236156463623
			vertex 5.831628322601318 1.4647710323333725 6.714702606201172
		endloop
	endfacet
	facet normal 0.6295407609803552 -0.12344656775589806 0.7670980218808833
		outer loop
			vertex 7.071067810058594 9.999999999999998 7.0710678100585955
			vertex 5.831628322601318 1.4647710323333725 6.714702606201172
			vertex 6.317844867706299 1.478253364562987 6.317844867706299
		endloop
	endfacet
	facet normal 0.7670979449569052 -0.12344656921623569 0.6295408544261715
		outer loop
			vertex 7.071067810058594 9.999999999999998 7.0710678100585955
			vertex 6.317844867706299 1.478253364562987 6.317844867706299
			vertex 6.769285678863525 1.4641841650009142 5.765003681182861
		endloop
	endfacet
	facet normal 0.767097842173915 -0.12344658429317744 0.6295409767111837
		outer loop
			vertex 8.314696311950684 9.999999999999998 5.555702209472658
			vertex 7.071067810058594 9.999999999999998 7.0710678100585955
			vertex 6.769285678863525 1.4641841650009142 5.765003681182861
		endloop
	endfacet
	facet normal 0.7670981270235517 -0.12344664466631963 0.6295406177821942
		outer loop
			vertex 8.314696311950684 9.999999999999998 5.555702209472658
			vertex 6.769285678863525 1.4641841650009142 5.765003681182861
			vertex 7.029510498046875 1.4645166397094715 5.447983741760254
		endloop
	endfacet
	facet normal 0.7670979143425469 -0.12344661770433266 0.6295408822218576
		outer loop
			vertex 8.314696311950684 9.999999999999998 5.555702209472658
			vertex 7.029510498046875 1.464516758918761 5.447983741760254
			vertex 7.42902946472168 1.4785424470901478 4.963918685913086
		endloop
	endfacet
	facet normal 0.7671218342167279 -0.12315365933142755 0.6295691126963282
		outer loop
			vertex 7.029510498046875 1.464516758918761 5.447983741760254
			vertex 7.397812366485596 1.4767417907714833 5.001604080200195
			vertex 7.42902946472168 1.4785424470901478 4.963918685913086
		endloop
	endfacet
	facet normal 0.7671118876731973 -0.12327441594028335 0.6295575987668214
		outer loop
			vertex 7.029510498046875 1.464516758918761 5.447983741760254
			vertex 7.205103397369385 1.4686642885208119 5.234837055206299
			vertex 7.397812366485596 1.4767417907714833 5.001604080200195
		endloop
	endfacet
	facet normal 0.7670274575135596 -0.12433983090581606 0.6294509400029504
		outer loop
			vertex 7.205103397369385 1.4686642885208119 5.234837055206299
			vertex 7.3840460777282715 1.475947618484496 5.018222332000732
			vertex 7.397812366485596 1.4767417907714833 5.001604080200195
		endloop
	endfacet
	facet normal 0.5287792581806194 -0.7421319689684265 0.41186482825436865
		outer loop
			vertex 7.205103397369385 1.4686642885208119 5.234837055206299
			vertex 7.3045854568481445 1.4727133512496937 5.114411354064941
			vertex 7.3840460777282715 1.475947618484496 5.018222332000732
		endloop
	endfacet
	facet normal 0.7665862835913898 -0.12920057767495588 0.6290092849378291
		outer loop
			vertex 7.029510498046875 1.464516758918761 5.447983741760254
			vertex 7.125079154968262 1.4667739868164051 5.331975936889648
			vertex 7.205103397369385 1.4686642885208119 5.234837055206299
		endloop
	endfacet
	facet normal 0.3574999432960354 -0.8918392461506257 0.27715798665890057
		outer loop
			vertex 7.205099105834961 1.4686640501022328 5.234841823577881
			vertex 7.205103397369385 1.4686642885208119 5.234837055206299
			vertex 7.125079154968262 1.4667739868164051 5.331975936889648
		endloop
	endfacet
	facet normal 0.7673947570740761 -0.12030426471707406 0.6297874011967086
		outer loop
			vertex 6.769285678863525 1.4641841650009142 5.765003681182861
			vertex 7.0277099609375 1.464474081993102 5.450169563293457
			vertex 7.029510498046875 1.4645166397094715 5.447983741760254
		endloop
	endfacet
	facet normal 0.767082292727213 -0.12360989812143963 0.6295278780727427
		outer loop
			vertex 6.769285678863525 1.4641841650009142 5.765003681182861
			vertex 6.946955680847168 1.4639433622360216 5.548464775085449
			vertex 7.0277099609375 1.464474081993102 5.450169563293457
		endloop
	endfacet
	facet normal 0.7669895711793073 -0.12459637510472941 0.6294463765984709
		outer loop
			vertex 6.946955680847168 1.4639433622360216 5.548464775085449
			vertex 7.0271525382995605 1.4644609689712513 5.450846195220947
			vertex 7.0277099609375 1.464474081993102 5.450169563293457
		endloop
	endfacet
	facet normal 0.7670822502352257 -0.12361033688768472 0.6295278436960321
		outer loop
			vertex 6.946955680847168 1.4639433622360216 5.548464775085449
			vertex 6.769285678863525 1.4641841650009142 5.765003681182861
			vertex 6.849822044372559 1.463316440582274 5.666699409484863
		endloop
	endfacet
	facet normal 0.03684945223399733 -0.9985593908379972 0.03900334395026602
		outer loop
			vertex 6.769285678863525 1.4641841650009142 5.765003681182861
			vertex 6.769826412200928 1.4641783237457262 5.76434326171875
			vertex 6.849822044372559 1.463316440582274 5.666699409484863
		endloop
	endfacet
	facet normal 0.767087964885144 -0.12353821701088433 0.6295350372029663
		outer loop
			vertex 6.317844867706299 1.478253364562987 6.317844867706299
			vertex 6.700023174285889 1.464930415153502 5.849546432495117
			vertex 6.769285678863525 1.4641841650009142 5.765003681182861
		endloop
	endfacet
	facet normal 0.76709581500561 -0.12346711395447191 0.6295394208249653
		outer loop
			vertex 6.317844867706299 1.478253364562987 6.317844867706299
			vertex 6.495536804199219 1.4701949357986437 6.099746227264404
			vertex 6.700023174285889 1.464930415153502 5.849546432495117
		endloop
	endfacet
	facet normal 0.7670756094868467 -0.12365639654143971 0.6295268897551312
		outer loop
			vertex 6.495536804199219 1.4701949357986437 6.099746227264404
			vertex 6.672743797302246 1.4652243852615343 5.882843971252441
			vertex 6.700023174285889 1.464930415153502 5.849546432495117
		endloop
	endfacet
	facet normal 0.5601314610003774 -0.4876170416180637 0.6696882611493427
		outer loop
			vertex 5.831628322601318 1.4647710323333725 6.714702606201172
			vertex 6.317835330963135 1.4782528877258287 6.31785249710083
			vertex 6.317844867706299 1.478253364562987 6.317844867706299
		endloop
	endfacet
	facet normal 0.6295337027471161 -0.12356207419014396 0.7670852175132403
		outer loop
			vertex 5.831628322601318 1.4647710323333725 6.714702606201172
			vertex 6.099711894989014 1.470193505287169 6.4955644607543945
			vertex 6.317835330963135 1.4782528877258287 6.31785249710083
		endloop
	endfacet
	facet normal 0.40046868048873024 -0.7950884794771202 0.45547683338494394
		outer loop
			vertex 6.099711894989014 1.470193505287169 6.4955644607543945
			vertex 6.31782865524292 1.47825253009796 6.31785774230957
			vertex 6.317835330963135 1.4782528877258287 6.31785249710083
		endloop
	endfacet
	facet normal -0.022613650815357784 -0.9992895014803729 -0.030151534420477046
		outer loop
			vertex 5.5176920890808105 1.4641047716140732 6.972236156463623
			vertex 5.8316264152526855 1.4647710323333725 6.7147040367126465
			vertex 5.831628322601318 1.4647710323333725 6.714702606201172
		endloop
	endfacet
	facet normal 0.629532903209705 -0.12355197658552684 0.7670875001316145
		outer loop
			vertex 5.5176920890808105 1.4641047716140732 6.972236156463623
			vertex 5.666664123535156 1.4633148908615097 6.849850654602051
			vertex 5.8316264152526855 1.4647710323333725 6.7147040367126465
		endloop
	endfacet
	facet normal -0.6302787051701342 0.11292563071693897 -0.7681123327588489
		outer loop
			vertex 5.666664123535156 1.4633148908615097 6.849850654602051
			vertex 5.785135746002197 1.4643607139587387 6.752791881561279
			vertex 5.8316264152526855 1.4647710323333725 6.7147040367126465
		endloop
	endfacet
	facet normal 0.02806434461902849 -0.9987809849709997 0.04060710062864044
		outer loop
			vertex 5.5176920890808105 1.4641047716140732 6.972236156463623
			vertex 5.569064617156982 1.4638323783874496 6.930031776428223
			vertex 5.666664123535156 1.4633148908615097 6.849850654602051
		endloop
	endfacet
	facet normal 0.6295461136639946 -0.12339458455196682 0.7671019927452989
		outer loop
			vertex 4.963918685913086 1.4785394668579086 7.42902946472168
			vertex 5.47556209564209 1.4643281698226913 7.006847381591797
			vertex 5.5176920890808105 1.4641047716140732 6.972236156463623
		endloop
	endfacet
	facet normal 0.6295275391912966 -0.12358854567595055 0.7670860113295339
		outer loop
			vertex 4.963918685913086 1.4785394668579086 7.42902946472168
			vertex 5.260049819946289 1.468171358108519 7.184331893920898
			vertex 5.47556209564209 1.4643281698226913 7.006847381591797
		endloop
	endfacet
	facet normal 0.6294745401179429 -0.12417737981885865 0.7670344071061136
		outer loop
			vertex 5.260049819946289 1.468171358108519 7.184331893920898
			vertex 5.450814723968506 1.4644594192504867 7.027177810668945
			vertex 5.47556209564209 1.4643281698226913 7.006847381591797
		endloop
	endfacet
	facet normal 0.11258277446733841 -0.9807043780278948 0.15982503499188336
		outer loop
			vertex 5.260049819946289 1.468171358108519 7.184331893920898
			vertex 5.353740215301514 1.4663482904434189 7.10714864730835
			vertex 5.450814723968506 1.4644594192504867 7.027177810668945
		endloop
	endfacet
	facet normal 0.6295389829213465 -0.12347429016111436 0.7670950193108843
		outer loop
			vertex 4.963918685913086 1.4785394668579086 7.42902946472168
			vertex 5.138706684112549 1.4718940258026108 7.284514904022217
			vertex 5.260049819946289 1.468171358108519 7.184331893920898
		endloop
	endfacet
	facet normal 0.6296328498015998 -0.1225084960354721 0.767172824629394
		outer loop
			vertex 5.138706684112549 1.4718940258026108 7.284514904022217
			vertex 5.234813213348389 1.4686625003814682 7.205122470855713
			vertex 5.260049819946289 1.468171358108519 7.184331893920898
		endloop
	endfacet
	facet normal 0.22171179819324077 -0.9258314219116547 0.3060719796762902
		outer loop
			vertex 5.138706684112549 1.4718940258026108 7.284514904022217
			vertex 5.234808444976807 1.4686626195907577 7.2051262855529785
			vertex 5.234813213348389 1.4686625003814682 7.205122470855713
		endloop
	endfacet
	facet normal 0.6295415331554949 -0.12345913056662525 0.7670953663736747
		outer loop
			vertex 4.967687606811523 -0.872458159923555 7.047597408294678
			vertex 5.0948638916015625 -0.8573821187019364 6.945652484893799
			vertex 5.0642619132995605 -0.8597283959388748 6.970389366149902
		endloop
	endfacet
	facet normal 0.6295414924893711 -0.12346556859567154 0.767094363560053
		outer loop
			vertex 4.967687606811523 -0.872458159923555 7.047597408294678
			vertex 4.798902988433838 -0.8976188898086563 7.182066440582275
			vertex 5.0948638916015625 -0.8573821187019364 6.945652484893799
		endloop
	endfacet
	facet normal 0.6295405750567353 -0.12339290141333907 0.7671068088851989
		outer loop
			vertex 4.798902988433838 -0.8976188898086563 7.182066440582275
			vertex 4.967687606811523 -0.872458159923555 7.047597408294678
			vertex 4.852243900299072 -0.8876754641532913 7.139890670776367
		endloop
	endfacet
	facet normal 0.3328570825661243 0.8683818350998256 0.36758556970347467
		outer loop
			vertex 5.018189907073975 1.475946187973021 7.384072780609131
			vertex 5.138706684112549 1.4718940258026108 7.284514904022217
			vertex 5.018183708190918 1.4759465456008896 7.384077548980713
		endloop
	endfacet
	facet normal 0.629484800949074 -0.12400491454426907 0.7670538876395671
		outer loop
			vertex 4.963918685913086 1.4785394668579086 7.42902946472168
			vertex 5.018183708190918 1.4759465456008896 7.384077548980713
			vertex 5.138706684112549 1.4718940258026108 7.284514904022217
		endloop
	endfacet
	facet normal 0.4677866950313603 -0.12355486748667348 0.8751627292521019
		outer loop
			vertex 4.963918685913086 1.4785394668579086 7.42902946472168
			vertex 4.409615993499756 1.4648756980895978 7.723382949829102
			vertex 4.810605049133301 1.4730982780456525 7.510209560394287
		endloop
	endfacet
	facet normal 0.0584861601864309 -0.997335340730201 0.04360719203550002
		outer loop
			vertex 4.963918685913086 1.4785394668579086 7.42902946472168
			vertex 4.810605049133301 1.4730982780456525 7.510209560394287
			vertex 4.916719913482666 1.476864337921141 7.454020977020264
		endloop
	endfacet
	facet normal 0.46779598821565593 -0.12333581726627416 0.8751886594264109
		outer loop
			vertex 4.409615993499756 1.4648756980895978 7.723382949829102
			vertex 4.666567802429199 1.46934926509857 7.586670398712158
			vertex 4.810605049133301 1.4730982780456525 7.510209560394287
		endloop
	endfacet
	facet normal 0.46780546426409614 -0.12308604575807976 0.8752187571940476
		outer loop
			vertex 4.666567802429199 1.46934926509857 7.586670398712158
			vertex 4.7773027420043945 1.471916437149046 7.527843475341797
			vertex 4.810605049133301 1.4730982780456525 7.510209560394287
		endloop
	endfacet
	facet normal 0.4677983239740043 -0.12328369155351201 0.8751947551739846
		outer loop
			vertex 4.409615993499756 1.4648756980895978 7.723382949829102
			vertex 4.529715061187744 1.4661766290664655 7.659372329711914
			vertex 4.666567802429199 1.46934926509857 7.586670398712158
		endloop
	endfacet
	facet normal 0.45638275255459876 -0.27190430449162395 0.8472206515245094
		outer loop
			vertex 4.529715061187744 1.4661766290664655 7.659372329711914
			vertex 4.529722213745117 1.466176748275755 7.659368515014648
			vertex 4.666567802429199 1.46934926509857 7.586670398712158
		endloop
	endfacet
	facet normal 0.46778125652114017 -0.12362223084343593 0.8751561232653267
		outer loop
			vertex 4.050157070159912 1.4638651609420759 7.915375232696533
			vertex 4.28303861618042 1.4635044336318952 7.790846347808838
			vertex 4.409615993499756 1.4648756980895978 7.723382949829102
		endloop
	endfacet
	facet normal -0.027339961219817004 0.9981655057402276 -0.05401990069275249
		outer loop
			vertex 4.050157070159912 1.4638651609420759 7.915375232696533
			vertex 4.171611785888672 1.4636770486831647 7.850430011749268
			vertex 4.28303861618042 1.4635044336318952 7.790846347808838
		endloop
	endfacet
	facet normal 0.46775232574534215 -0.12395271174534687 0.8751248408146112
		outer loop
			vertex 3.4192111492156982 1.4786344766616804 8.254706382751465
			vertex 4.042636871337891 1.4638767242431623 7.91939640045166
			vertex 4.050157070159912 1.4638651609420759 7.915375232696533
		endloop
	endfacet
	facet normal 0.4677824015263595 -0.12356445154566206 0.8751636710561356
		outer loop
			vertex 3.4192111492156982 1.4786344766616804 8.254706382751465
			vertex 3.832916021347046 1.4667283296585065 8.031896591186523
			vertex 4.042636871337891 1.4638767242431623 7.91939640045166
		endloop
	endfacet
	facet normal 0.4675930172539721 -0.12626675603825732 0.8748791210989675
		outer loop
			vertex 3.832916021347046 1.4667283296585065 8.031896591186523
			vertex 4.036733150482178 1.4638859033584577 7.922553062438965
			vertex 4.042636871337891 1.4638767242431623 7.91939640045166
		endloop
	endfacet
	facet normal -0.012011181201013018 0.9987581355654777 -0.04835202341089099
		outer loop
			vertex 3.832916021347046 1.4667283296585065 8.031896591186523
			vertex 3.9257307052612305 1.4654339551925641 7.9821038246154785
			vertex 4.036733150482178 1.4638859033584577 7.922553062438965
		endloop
	endfacet
	facet normal 0.013944749682676167 0.9999027672510402 0
		outer loop
			vertex 3.9257307052612305 1.4654339551925641 7.9821038246154785
			vertex 4.036733150482178 1.4638859033584577 7.922553539276123
			vertex 4.036733150482178 1.4638859033584577 7.922553062438965
		endloop
	endfacet
	facet normal 0.4695322884881593 0.141234597966975 0.8715458785423628
		outer loop
			vertex 3.8329195976257324 1.466728210449217 8.03189468383789
			vertex 3.9257307052612305 1.4654339551925641 7.9821038246154785
			vertex 3.832916021347046 1.4667283296585065 8.031896591186523
		endloop
	endfacet
	facet normal 0.28806016723891437 -0.12369540059707644 0.9495897998195946
		outer loop
			vertex 2.8181190490722656 1.464789390563963 8.435245513916016
			vertex 3.317652940750122 1.4750219583511335 8.285043716430664
			vertex 3.4192111492156982 1.4786344766616804 8.254706382751465
		endloop
	endfacet
	facet normal 0.28806607796809985 -0.12334915010211353 0.9496330459146645
		outer loop
			vertex 2.8181190490722656 1.464789390563963 8.435245513916016
			vertex 3.1644108295440674 1.4709306955337507 8.330997467041016
			vertex 3.317652940750122 1.4750219583511335 8.285043716430664
		endloop
	endfacet
	facet normal 0.2880806737983144 -0.12202673281852679 0.9497994534961289
		outer loop
			vertex 3.1644108295440674 1.4709306955337507 8.330997467041016
			vertex 3.2842226028442383 1.4738328456878644 8.29503059387207
			vertex 3.317652940750122 1.4750219583511335 8.285043716430664
		endloop
	endfacet
	facet normal 0.46777328719521244 -0.12366486001290196 0.8751543602042868
		outer loop
			vertex 3.4192111492156982 1.4786344766616804 8.254706382751465
			vertex 3.5431551933288574 1.4738335609436017 8.187779426574707
			vertex 3.68021559715271 1.4702224731445295 8.114009857177734
		endloop
	endfacet
	facet normal 0.46780131168268674 -0.12333152636878307 0.8751864186511946
		outer loop
			vertex 3.4192111492156982 1.4786344766616804 8.254706382751465
			vertex 3.68021559715271 1.4702224731445295 8.114009857177734
			vertex 3.8329195976257324 1.466728210449217 8.03189468383789
		endloop
	endfacet
	facet normal 0.46780534943289304 -0.12327882892365458 0.8751916849360379
		outer loop
			vertex 3.68021559715271 1.4702224731445295 8.114009857177734
			vertex 3.790273904800415 1.4673229455947858 8.054773330688477
			vertex 3.8329195976257324 1.466728210449217 8.03189468383789
		endloop
	endfacet
	facet normal 0.4677882807930408 -0.12324723218381514 0.8752052582747204
		outer loop
			vertex 3.724290370941162 -0.8514332771301287 7.762973785400391
			vertex 3.6671314239501953 -0.8545851707458514 7.793080806732178
			vertex 3.5578391551971436 -0.8659334182739276 7.849898338317871
		endloop
	endfacet
	facet normal 0.4677900092738009 -0.12341071745518206 0.8751812966699041
		outer loop
			vertex 3.724290370941162 -0.8514332771301287 7.762973785400391
			vertex 3.5578391551971436 -0.8659334182739276 7.849898338317871
			vertex 3.4264931678771973 -0.8795716166496295 7.918180465698242
		endloop
	endfacet
	facet normal -0.035054781549943445 0.990832171024074 0.1304713422718046
		outer loop
			vertex 3.426490068435669 -0.8795719146728533 7.918181896209717
			vertex 3.4264931678771973 -0.8795716166496295 7.918180465698242
			vertex 3.5578391551971436 -0.8659334182739276 7.849898338317871
		endloop
	endfacet
	facet normal 0.2566280219368293 -0.3226769566338556 0.9110552343377997
		outer loop
			vertex 3.176086187362671 -0.8795694112777728 8.02190113067627
			vertex 3.1760833263397217 -0.8795689940452593 8.021902084350586
			vertex 3.0582799911499023 -0.8681872487068194 8.05911636352539
		endloop
	endfacet
	facet normal 0.28806822878650695 -0.12323921198318093 0.949646667025989
		outer loop
			vertex 2.8181190490722656 1.464789390563963 8.435245513916016
			vertex 3.015434503555298 1.467322111129759 8.375720024108887
			vertex 3.1644108295440674 1.4709306955337507 8.330997467041016
		endloop
	endfacet
	facet normal 0.28808581471917855 -0.12279722164894552 0.9496985867699747
		outer loop
			vertex 2.42680287361145 1.4640389680862407 8.553852081298828
			vertex 2.756157159805298 1.4639941453933698 8.453938484191895
			vertex 2.8181190490722656 1.464789390563963 8.435245513916016
		endloop
	endfacet
	facet normal 0.2881018294009192 -0.12235209964088878 0.9497511777351528
		outer loop
			vertex 2.42680287361145 1.4640389680862407 8.553852081298828
			vertex 2.4803733825683594 1.4635037183761577 8.537532806396484
			vertex 2.756157159805298 1.4639941453933698 8.453938484191895
		endloop
	endfacet
	facet normal 0.28789536120864945 -0.12824985815286372 0.9490354234054236
		outer loop
			vertex 2.4803733825683594 1.4635037183761577 8.537532806396484
			vertex 2.7476770877838135 1.4638851881027204 8.456496238708496
			vertex 2.756157159805298 1.4639941453933698 8.453938484191895
		endloop
	endfacet
	facet normal 0.28807688310843776 -0.12321913766779907 0.9496466466696608
		outer loop
			vertex 2.42680287361145 1.4640389680862407 8.553852081298828
			vertex 1.7430963516235352 1.478537917137144 8.763136863708496
			vertex 2.2616987228393555 1.4656888246536235 8.604150772094727
		endloop
	endfacet
	facet normal 0.012323728140566679 -0.9972438453117424 0.07316309665785929
		outer loop
			vertex 2.42680287361145 1.4640389680862407 8.553852081298828
			vertex 2.2616987228393555 1.4656888246536235 8.604150772094727
			vertex 2.3597326278686523 1.4647091627120952 8.574284553527832
		endloop
	endfacet
	facet normal 0.28807064894054873 -0.12332466302250916 0.9496348396669932
		outer loop
			vertex 1.7430963516235352 1.478537917137144 8.763136863708496
			vertex 2.0931761264801025 1.4687408208847026 8.655668258666992
			vertex 2.2616987228393555 1.4656888246536235 8.604150772094727
		endloop
	endfacet
	facet normal 0.2880552703058576 -0.12361511263843503 0.9496017402976927
		outer loop
			vertex 2.0931761264801025 1.4687408208847026 8.655668258666992
			vertex 2.2129857540130615 1.4661756753921489 8.618990898132324
			vertex 2.2616987228393555 1.4656888246536235 8.604150772094727
		endloop
	endfacet
	facet normal 0.2880802122372543 -0.12317053652187247 0.9496519416345406
		outer loop
			vertex 1.7430963516235352 1.478537917137144 8.763136863708496
			vertex 1.9448963403701782 1.471915841102598 8.701061248779297
			vertex 2.0931761264801025 1.4687408208847026 8.655668258666992
		endloop
	endfacet
	facet normal 0.16638429735558977 -0.7837845456937191 0.59832938380559
		outer loop
			vertex 1.944911241531372 1.47191536426544 8.701056480407715
			vertex 2.0931761264801025 1.4687408208847026 8.655668258666992
			vertex 1.9448963403701782 1.471915841102598 8.701061248779297
		endloop
	endfacet
	facet normal 0.0972682087050357 -0.12340013121387024 0.9875785048246611
		outer loop
			vertex 1.1183077096939087 1.4645124673843364 8.822920799255371
			vertex 1.694393515586853 1.4767379760742168 8.767708778381348
			vertex 1.7430963516235352 1.478537917137144 8.763136863708496
		endloop
	endfacet
	facet normal 0.09726752025664466 -0.12332500158371308 0.9875879573422818
		outer loop
			vertex 1.1183077096939087 1.4645124673843364 8.822920799255371
			vertex 1.3932082653045654 1.4686604738235454 8.796363830566406
			vertex 1.694393515586853 1.4767379760742168 8.767708778381348
		endloop
	endfacet
	facet normal 0.09724994820570285 -0.1221422556251458 0.9877366637747076
		outer loop
			vertex 1.3932082653045654 1.4686604738235454 8.796363830566406
			vertex 1.6729099750518799 1.475943922996519 8.769725799560547
			vertex 1.694393515586853 1.4767379760742168 8.767708778381348
		endloop
	endfacet
	facet normal 0.046786089534664385 -0.9731969763635816 0.22516373380905957
		outer loop
			vertex 1.3932082653045654 1.4686604738235454 8.796363830566406
			vertex 1.548705816268921 1.4727095365524272 8.781554222106934
			vertex 1.6729099750518799 1.475943922996519 8.769725799560547
		endloop
	endfacet
	facet normal 0.08024242548057091 -0.6856134268344556 0.7235298073316051
		outer loop
			vertex 1.1183077096939087 1.4645124673843364 8.822920799255371
			vertex 1.2679345607757568 1.4667701721191386 8.808465957641602
			vertex 1.3932082653045654 1.4686604738235454 8.796363830566406
		endloop
	endfacet
	facet normal 0.04697185351935298 -0.9394370703870596 0.3394873131054167
		outer loop
			vertex 1.2679345607757568 1.4667701721191386 8.808465957641602
			vertex 1.3932058811187744 1.4686603546142558 8.796363830566406
			vertex 1.3932082653045654 1.4686604738235454 8.796363830566406
		endloop
	endfacet
	facet normal 0.033788928237595627 -0.9798789188902732 0.19671200431845617
		outer loop
			vertex 1.2679345607757568 1.4667701721191386 8.808465957641602
			vertex 1.3932024240493774 1.4686602354049663 8.796363830566406
			vertex 1.3932058811187744 1.4686603546142558 8.796363830566406
		endloop
	endfacet
	facet normal 0.09721073091945312 -0.12819880665945937 0.9869727148027935
		outer loop
			vertex 0.7158074975013733 1.4641414880752543 8.862516403198242
			vertex 1.115482211112976 1.4644697904586772 8.823193550109863
			vertex 1.1183077096939087 1.4645124673843364 8.822920799255371
		endloop
	endfacet
	facet normal 0.09726733320802564 -0.12331872292392522 0.9875887597917523
		outer loop
			vertex 0.7158074975013733 1.4641414880752543 8.862516403198242
			vertex 0.8366169929504395 1.4633126258850078 8.85051441192627
			vertex 1.115482211112976 1.4644697904586772 8.823193550109863
		endloop
	endfacet
	facet normal 0.09738468120277904 -0.10700835022976603 0.9894773553993729
		outer loop
			vertex 0.8366169929504395 1.4633126258850078 8.85051441192627
			vertex 1.1146348714828491 1.4644570350646953 8.823275566101074
			vertex 1.115482211112976 1.4644697904586772 8.823193550109863
		endloop
	endfacet
	facet normal 0.09727159467875388 -0.12332026422749781 0.9875881476098792
		outer loop
			vertex 8.880403930343922e-17 1.478289246559141 8.934785842895508
			vertex 0.6031529903411865 1.4649144411087016 8.873708724975586
			vertex 0.7158074975013733 1.4641414880752543 8.862516403198242
		endloop
	endfacet
	facet normal 0.09726710912858284 -0.12345034653320067 0.9875723373113492
		outer loop
			vertex 8.880403930343922e-17 1.478289246559141 8.934785842895508
			vertex 0.31027206778526306 1.46964907646179 8.903146743774414
			vertex 0.6031529903411865 1.4649144411087016 8.873708724975586
		endloop
	endfacet
	facet normal 0.09726387764389939 -0.12356391408274763 0.9875584525698842
		outer loop
			vertex 0.31027206778526306 1.46964907646179 8.903146743774414
			vertex 0.5585640668869019 1.4652204513549785 8.878138542175293
			vertex 0.6031529903411865 1.4649144411087016 8.873708724975586
		endloop
	endfacet
	facet normal 0.03699752338242609 0.9803593332665042 0.19371825143961624
		outer loop
			vertex 0.31027206778526306 1.46964907646179 8.903146743774414
			vertex 0.43364784121513367 1.4674484729766826 8.89072036743164
			vertex 0.5585640668869019 1.4652204513549785 8.878138542175293
		endloop
	endfacet
	facet normal 0 -0.9846802592291021 0.17436968510755627
		outer loop
			vertex 0.43364784121513367 1.4674484729766826 8.89072036743164
			vertex 0.5585631728172302 1.4652204513549785 8.878138542175293
			vertex 0.5585640668869019 1.4652204513549785 8.878138542175293
		endloop
	endfacet
	facet normal 0.0973204165300867 -0.12212169170138851 0.9877322658202483
		outer loop
			vertex 8.880403930343922e-17 1.478289246559141 8.934785842895508
			vertex 0.2392028421163559 1.4712955951690654 8.91035270690918
			vertex 0.31027206778526306 1.46964907646179 8.903146743774414
		endloop
	endfacet
	facet normal 0.09723681734367544 -0.12447842536675476 0.9874462633333959
		outer loop
			vertex 0.2392028421163559 1.4712955951690654 8.91035270690918
			vertex 0.279887855052948 1.4701910018920878 8.906207084655762
			vertex 0.31027206778526306 1.46964907646179 8.903146743774414
		endloop
	endfacet
	facet normal 0.09727045194022185 -0.12332531801158779 0.9875876290824454
		outer loop
			vertex 8.880403930343922e-17 1.478289246559141 8.934785842895508
			vertex 0.17669381201267242 1.4729927778243999 8.91672134399414
			vertex 0.2392028421163559 1.4712955951690654 8.91035270690918
		endloop
	endfacet
	facet normal 0.09736960848799847 -0.12097528683364696 0.9878684828044728
		outer loop
			vertex 8.880403930343922e-17 1.478289246559141 8.934785842895508
			vertex 0.016761433333158493 1.4776300191879252 8.933053016662598
			vertex 0.17669381201267242 1.4729927778243999 8.91672134399414
		endloop
	endfacet
	facet normal -0.09711809434010935 -0.1269826546828505 0.987139038414266
		outer loop
			vertex -2.188391357910895e-15 1.478289246559141 8.934785842895508
			vertex -0.25299760699272156 1.470963478088377 8.908952713012695
			vertex -0.12750864028930664 1.4745683670043925 8.921762466430664
		endloop
	endfacet
	facet normal -0.09727597206614925 -0.12317598401284852 0.9876057220475449
		outer loop
			vertex -2.188391357910895e-15 1.478289246559141 8.934785842895508
			vertex -0.6244279146194458 1.4647685289382915 8.87159538269043
			vertex -0.25299760699272156 1.470963478088377 8.908952713012695
		endloop
	endfacet
	facet normal -0.09724586445372412 -0.12421456036904684 0.9874785996865818
		outer loop
			vertex -0.6244279146194458 1.4647685289382915 8.87159538269043
			vertex -0.40489208698272705 1.4679614305496196 8.893616676330566
			vertex -0.25299760699272156 1.470963478088377 8.908952713012695
		endloop
	endfacet
	facet normal -0.09729510992041036 -0.1226787976556945 0.987665719862408
		outer loop
			vertex -0.40489208698272705 1.4679614305496196 8.893616676330566
			vertex -0.27988559007644653 1.4701911211013774 8.906208038330078
			vertex -0.25299760699272156 1.470963478088377 8.908952713012695
		endloop
	endfacet
	facet normal -0.09726120246517297 -0.12364366910609649 0.9875487337772304
		outer loop
			vertex -0.6244279146194458 1.4647685289382915 8.87159538269043
			vertex -0.5585659742355347 1.4652204513549785 8.878138542175293
			vertex -0.40489208698272705 1.4679614305496196 8.893616676330566
		endloop
	endfacet
	facet normal 0 -0.9846794746675077 0.1743741155347351
		outer loop
			vertex -0.5585659742355347 1.4652204513549785 8.878138542175293
			vertex -0.558563232421875 1.4652204513549785 8.878138542175293
			vertex -0.40489208698272705 1.4679614305496196 8.893616676330566
		endloop
	endfacet
	facet normal 0 0.9998605917445879 -0.016697217617399007
		outer loop
			vertex -1.0285171270370483 1.4641025066375712 8.83171272277832
			vertex -0.6244324445724487 1.4647685289382915 8.87159538269043
			vertex -0.6244279146194458 1.4647685289382915 8.87159538269043
		endloop
	endfacet
	facet normal -0.09726459408810853 -0.12374521700935669 0.9875356803701743
		outer loop
			vertex -1.0285171270370483 1.4641025066375712 8.83171272277832
			vertex -0.8366170525550842 1.4633126258850078 8.85051441192627
			vertex -0.6244324445724487 1.4647685289382915 8.87159538269043
		endloop
	endfacet
	facet normal -0.097263245345155 -0.12286837190898536 0.9876452927490535
		outer loop
			vertex -1.7430963516235352 1.4785380363464335 8.763136863708496
			vertex -1.0827679634094238 1.4643259048461894 8.826397895812988
			vertex -1.0285171270370483 1.4641025066375712 8.83171272277832
		endloop
	endfacet
	facet normal -0.09726823157363215 -0.12339384219360218 0.9875792883790337
		outer loop
			vertex -1.7430963516235352 1.4785380363464335 8.763136863708496
			vertex -1.3606401681900024 1.4681689739227275 8.79951000213623
			vertex -1.0827679634094238 1.4643259048461894 8.826397895812988
		endloop
	endfacet
	facet normal -0.09726916065602578 -0.12394141212344943 0.9875106261433938
		outer loop
			vertex -1.3606401681900024 1.4681689739227275 8.79951000213623
			vertex -1.1146340370178223 1.4644570350646953 8.823275566101074
			vertex -1.0827679634094238 1.4643259048461894 8.826397895812988
		endloop
	endfacet
	facet normal -0.01246106798971018 -0.9995542142526016 -0.02713106253762082
		outer loop
			vertex -1.3606401681900024 1.4681689739227275 8.79951000213623
			vertex -1.239824891090393 1.466346025466917 8.81118106842041
			vertex -1.1146340370178223 1.4644570350646953 8.823275566101074
		endloop
	endfacet
	facet normal 0 0.9880216866924647 0.15431508878064182
		outer loop
			vertex -1.239824891090393 1.466346025466917 8.81118106842041
			vertex -1.1146348714828491 1.4644570350646953 8.823275566101074
			vertex -1.1146340370178223 1.4644570350646953 8.823275566101074
		endloop
	endfacet
	facet normal -0.09726449994732919 -0.1231467076059065 0.9876105029088247
		outer loop
			vertex -1.7430963516235352 1.4785380363464335 8.763136863708496
			vertex -1.6729087829589844 1.475943922996519 8.769725799560547
			vertex -1.3606401681900024 1.4681689739227275 8.79951000213623
		endloop
	endfacet
	facet normal -0.09726641037059484 -0.12329506760448161 0.9875918041974758
		outer loop
			vertex -1.6729087829589844 1.475943922996519 8.769725799560547
			vertex -1.393197774887085 1.4686602354049663 8.796364784240723
			vertex -1.3606401681900024 1.4681689739227275 8.79951000213623
		endloop
	endfacet
	facet normal -0.2880597993572348 -0.12351262392496387 0.9496137023682001
		outer loop
			vertex -2.343187093734741 1.4648746252059917 8.579325675964355
			vertex -1.908894419670105 1.4730972051620463 8.712135314941406
			vertex -1.7430963516235352 1.4785380363464335 8.763136863708496
		endloop
	endfacet
	facet normal -0.28807662621166324 -0.1231991445963192 0.9496493185388178
		outer loop
			vertex -2.343187093734741 1.4648746252059917 8.579325675964355
			vertex -2.0648019313812256 1.4693481922149638 8.66435432434082
			vertex -1.908894419670105 1.4730972051620463 8.712135314941406
		endloop
	endfacet
	facet normal -0.28805890424146385 -0.1235464748397721 0.9496095704245365
		outer loop
			vertex -2.343187093734741 1.4648746252059917 8.579325675964355
			vertex -2.2129604816436768 1.4661760330200175 8.618998527526855
			vertex -2.0648019313812256 1.4693481922149638 8.66435432434082
		endloop
	endfacet
	facet normal -0.2880583439233111 -0.12360094206723458 0.9496026524901094
		outer loop
			vertex -2.7331221103668213 1.4638644456863386 8.460908889770508
			vertex -2.4803717136383057 1.4635037183761577 8.537532806396484
			vertex -2.343187093734741 1.4648746252059917 8.579325675964355
		endloop
	endfacet
	facet normal -0.2091014918873494 -0.6964547487138717 0.6864600127351793
		outer loop
			vertex -2.7331221103668213 1.4638644456863386 8.460908889770508
			vertex -2.601294994354248 1.4636762142181377 8.500873565673828
			vertex -2.4803717136383057 1.4635037183761577 8.537532806396484
		endloop
	endfacet
	facet normal -0.0692843273999808 0.9699805835997313 0.23310373102174345
		outer loop
			vertex -2.601294994354248 1.4636762142181377 8.500873565673828
			vertex -2.4803733825683594 1.4635035991668681 8.537532806396484
			vertex -2.4803717136383057 1.4635037183761577 8.537532806396484
		endloop
	endfacet
	facet normal -0.2880877840478698 -0.12194575931709542 0.9498076965717666
		outer loop
			vertex -3.4192111492156982 1.4786344766616804 8.254706382751465
			vertex -2.7412736415863037 1.463876008987425 8.4584379196167
			vertex -2.7331221103668213 1.4638644456863386 8.460908889770508
		endloop
	endfacet
	facet normal -0.2880624551896535 -0.12356447509357331 0.9496061512042551
		outer loop
			vertex -3.4192111492156982 1.4786344766616804 8.254706382751465
			vertex -2.969099760055542 1.4667273759841901 8.389698028564453
			vertex -2.7412736415863037 1.463876008987425 8.4584379196167
		endloop
	endfacet
	facet normal -0.28806556203273187 -0.12343757996110735 0.9496217119590894
		outer loop
			vertex -2.7412736415863037 1.463876008987425 8.4584379196167
			vertex -2.969099760055542 1.4667273759841901 8.389698028564453
			vertex -2.8682663440704346 1.4654331207275373 8.420117378234863
		endloop
	endfacet
	facet normal -0.2880651903820376 -0.12332637333798727 0.9496362733854788
		outer loop
			vertex -3.4192111492156982 1.4786344766616804 8.254706382751465
			vertex -3.2842226028442383 1.4738328456878644 8.29503059387207
			vertex -2.969099760055542 1.4667273759841901 8.389698028564453
		endloop
	endfacet
	facet normal -0.2880607850223199 -0.12361747610301597 0.9495997597589445
		outer loop
			vertex -3.2842226028442383 1.4738328456878644 8.29503059387207
			vertex -3.0154306888580322 1.467322111129759 8.375720977783203
			vertex -2.969099760055542 1.4667273759841901 8.389698028564453
		endloop
	endfacet
	facet normal -0.467791220800397 -0.12344659641960226 0.8751755889959971
		outer loop
			vertex -3.8268344402313232 9.999999999999998 9.238795280456545
			vertex -4.332479000091553 1.4640400409698469 7.764495372772217
			vertex -3.9719083309173584 1.4647898674011213 7.957330226898193
		endloop
	endfacet
	facet normal -0.4677951619354744 -0.1233812022344746 0.8751827040138185
		outer loop
			vertex -4.332479000091553 1.4640400409698469 7.764495372772217
			vertex -4.028918743133545 1.4639947414398176 7.926745414733887
			vertex -3.9719083309173584 1.4647898674011213 7.957330226898193
		endloop
	endfacet
	facet normal -0.4677708269421966 -0.12379653436276011 0.8751370587179952
		outer loop
			vertex -4.332479000091553 1.4640400409698469 7.764495372772217
			vertex -4.283037185668945 1.4635044336318952 7.790846824645996
			vertex -4.028918743133545 1.4639947414398176 7.926745414733887
		endloop
	endfacet
	facet normal -0.46779108223909005 -0.12344661691993916 0.8751756601669192
		outer loop
			vertex -3.8268344402313232 9.999999999999998 9.238795280456545
			vertex -5.555702209472656 9.999999999999998 8.314696311950685
			vertex -4.332479000091553 1.4640400409698469 7.764495372772217
		endloop
	endfacet
	facet normal -0.4677906687888401 -0.12344657232157273 0.8751758874512852
		outer loop
			vertex -5.555702209472656 9.999999999999998 8.314696311950685
			vertex -4.963918685913086 1.4785395860671982 7.42902946472168
			vertex -4.332479000091553 1.4640400409698469 7.764495372772217
		endloop
	endfacet
	facet normal -0.6295414280977907 -0.1234465684299948 0.767097474283062
		outer loop
			vertex -5.555702209472656 9.999999999999998 8.314696311950685
			vertex -5.447983741760254 1.4645144939422592 7.029510021209717
			vertex -4.963918685913086 1.4785395860671982 7.42902946472168
		endloop
	endfacet
	facet normal -0.6295502708477465 -0.12335486556149246 0.76710496909995
		outer loop
			vertex -4.963918685913086 1.4785395860671982 7.42902946472168
			vertex -5.447983741760254 1.4645144939422592 7.029510021209717
			vertex -5.234771728515625 1.4686638116836532 7.2051568031311035
		endloop
	endfacet
	facet normal -0.6293815166962787 -0.1250181008573751 0.7669741722503484
		outer loop
			vertex -4.963918685913086 1.4785395860671982 7.42902946472168
			vertex -5.234771728515625 1.4686638116836532 7.2051568031311035
			vertex -5.114377975463867 1.4727119207382187 7.304612159729004
		endloop
	endfacet
	facet normal -0.5671750209710928 -0.4359221962128535 0.6987734500075136
		outer loop
			vertex -5.447983741760254 1.4645144939422592 7.029510021209717
			vertex -5.234806060791016 1.4686626195907577 7.205128192901611
			vertex -5.234771728515625 1.4686638116836532 7.2051568031311035
		endloop
	endfacet
	facet normal -0.6295409089575473 -0.12344662466567971 0.7670978912808692
		outer loop
			vertex -5.555702209472656 9.999999999999998 8.314696311950685
			vertex -5.7697553634643555 1.4642249345779403 6.765392303466797
			vertex -5.447983741760254 1.4645144939422592 7.029510021209717
		endloop
	endfacet
	facet normal -0.6295638330436321 -0.1231577975545646 0.76712550278616
		outer loop
			vertex -5.7697553634643555 1.4642249345779403 6.765392303466797
			vertex -5.450127124786377 1.4644727706909164 7.027744293212891
			vertex -5.447983741760254 1.4645144939422592 7.029510021209717
		endloop
	endfacet
	facet normal -0.6295611212677797 -0.123192032218312 0.7671222313203929
		outer loop
			vertex -5.7697553634643555 1.4642249345779403 6.765392303466797
			vertex -5.666662216186523 1.4633150100707992 6.849852561950684
			vertex -5.450127124786377 1.4644727706909164 7.027744293212891
		endloop
	endfacet
	facet normal -0.6312366222682797 -0.10077224346067626 0.7690157876501859
		outer loop
			vertex -5.666662216186523 1.4633150100707992 6.849852561950684
			vertex -5.450812816619873 1.4644595384597763 7.027179718017578
			vertex -5.450127124786377 1.4644727706909164 7.027744293212891
		endloop
	endfacet
	facet normal -0.6295409743983812 -0.12344661359983036 0.7670978393557573
		outer loop
			vertex -5.555702209472656 9.999999999999998 8.314696311950685
			vertex -7.071067810058594 9.999999999999998 7.0710678100585955
			vertex -5.7697553634643555 1.4642249345779403 6.765392303466797
		endloop
	endfacet
	facet normal -0.6295405761221239 -0.12344656486699504 0.767098174054901
		outer loop
			vertex -5.7697553634643555 1.4642249345779403 6.765392303466797
			vertex -7.071067810058594 9.999999999999998 7.0710678100585955
			vertex -6.317844867706299 1.478253364562987 6.317844867706299
		endloop
	endfacet
	facet normal -0.5679652914822768 -0.46211831252146224 0.6810742198202546
		outer loop
			vertex -5.7697553634643555 1.4642249345779403 6.765392303466797
			vertex -6.317844867706299 1.478253364562987 6.317844867706299
			vertex -6.317835330963135 1.4782528877258287 6.31785249710083
		endloop
	endfacet
	facet normal -0.6295408556300427 -0.12344374649682414 0.7670983982146109
		outer loop
			vertex -6.137110233306885 1.4715752601623522 6.465095043182373
			vertex -5.7697553634643555 1.4642249345779403 6.765392303466797
			vertex -6.317835330963135 1.4782528877258287 6.31785249710083
		endloop
	endfacet
	facet normal -0.6261144823424749 -0.17107388163195245 0.7607327927888949
		outer loop
			vertex -6.137110233306885 1.4715752601623522 6.465095043182373
			vertex -6.317835330963135 1.4782528877258287 6.31785249710083
			vertex -6.3178277015686035 1.47825253009796 6.317858695983887
		endloop
	endfacet
	facet normal -0.6295482465334986 -0.12333297018310496 0.7671101509903325
		outer loop
			vertex -5.7697553634643555 1.4642249345779403 6.765392303466797
			vertex -6.137110233306885 1.4715752601623522 6.465095043182373
			vertex -5.882830619812012 1.4652233123779281 6.672754764556885
		endloop
	endfacet
	facet normal -0.5193389078273365 -0.5799337193745859 0.6276655000468548
		outer loop
			vertex -5.7697553634643555 1.4642249345779403 6.765392303466797
			vertex -5.882830619812012 1.4652233123779281 6.672754764556885
			vertex -5.882811069488525 1.46522283554077 6.6727705001831055
		endloop
	endfacet
	facet normal -0.6295309714986252 -0.12360397756534382 0.7670807080444815
		outer loop
			vertex -6.137110233306885 1.4715752601623522 6.465095043182373
			vertex -5.980035781860352 1.467450857162474 6.593338966369629
			vertex -5.882830619812012 1.4652233123779281 6.672754764556885
		endloop
	endfacet
	facet normal -0.7670981709413552 -0.12344656492610327 0.6295405799044037
		outer loop
			vertex -6.317844867706299 1.478253364562987 6.317844867706299
			vertex -7.071067810058594 9.999999999999998 7.0710678100585955
			vertex -6.714702606201172 1.4647722244262682 5.831628322601318
		endloop
	endfacet
	facet normal -0.767070118410653 -0.12370135700352608 0.6295247475015998
		outer loop
			vertex -6.317844867706299 1.478253364562987 6.317844867706299
			vertex -6.714702606201172 1.4647722244262682 5.831628322601318
			vertex -6.685723781585693 1.4650844335556017 5.867000102996826
		endloop
	endfacet
	facet normal -0.7670943727418991 -0.12348256522726227 0.6295381476865459
		outer loop
			vertex -6.317844867706299 1.478253364562987 6.317844867706299
			vertex -6.685723781585693 1.4650844335556017 5.867000102996826
			vertex -6.495535850524902 1.4701950550079332 6.099747180938721
		endloop
	endfacet
	facet normal -0.6615724008116112 -0.501477479609118 0.5575323272504005
		outer loop
			vertex -6.317844867706299 1.478253364562987 6.317844867706299
			vertex -6.495535850524902 1.4701950550079332 6.099747180938721
			vertex -6.396403789520264 1.4746906757354723 6.221421718597412
		endloop
	endfacet
	facet normal -0.23902104428242466 0.957850384110855 0.15934736285494977
		outer loop
			vertex -6.495534896850586 1.4701950550079332 6.099748611450195
			vertex -6.396403789520264 1.4746906757354723 6.221421718597412
			vertex -6.495535850524902 1.4701950550079332 6.099747180938721
		endloop
	endfacet
	facet normal -0.7670974996483042 -0.12344665316700486 0.629541380574133
		outer loop
			vertex -6.714702606201172 1.4647722244262682 5.831628322601318
			vertex -7.071067810058594 9.999999999999998 7.0710678100585955
			vertex -6.977471351623535 1.46414017677307 5.511320114135742
		endloop
	endfacet
	facet normal -0.7670831466321217 -0.12359431455405004 0.6295298972748453
		outer loop
			vertex -6.714702606201172 1.4647722244262682 5.831628322601318
			vertex -6.977471351623535 1.46414017677307 5.511320114135742
			vertex -6.849823474884033 1.4633163213729845 5.6666975021362305
		endloop
	endfacet
	facet normal -0.03271579991436602 -0.999231717677898 0.021578943960282496
		outer loop
			vertex -6.977471351623535 1.46414017677307 5.511320114135742
			vertex -6.930004119873047 1.4638338088989244 5.569098472595215
			vertex -6.849823474884033 1.4633163213729845 5.6666975021362305
		endloop
	endfacet
	facet normal -0.7670978422844961 -0.12344658314321894 0.6295409768019353
		outer loop
			vertex -7.071067810058594 9.999999999999998 7.0710678100585955
			vertex -8.314696311950684 9.999999999999998 5.555702209472658
			vertex -6.977471351623535 1.46414017677307 5.511320114135742
		endloop
	endfacet
	facet normal -0.7674873348900667 -0.12350507200772072 0.6290545985617706
		outer loop
			vertex -8.314696311950684 9.999999999999998 5.555702209472658
			vertex -6.977791786193848 1.4641423225402819 5.510929584503174
			vertex -6.977471351623535 1.46414017677307 5.511320114135742
		endloop
	endfacet
	facet normal -0.7670978145535999 -0.1234466158029818 0.6295410041878782
		outer loop
			vertex -6.977791786193848 1.4641423225402819 5.510929584503174
			vertex -8.314696311950684 9.999999999999998 5.555702209472658
			vertex -7.42902946472168 1.4785424470901478 4.963918685913086
		endloop
	endfacet
	facet normal -0.7670792949707886 -0.12366929600597078 0.6295198650181782
		outer loop
			vertex -6.977791786193848 1.4641423225402819 5.510929584503174
			vertex -7.42902946472168 1.4785424470901478 4.963918685913086
			vertex -7.401187896728516 1.4769364595413197 4.997528553009033
		endloop
	endfacet
	facet normal -0.7670986532727608 -0.12343845598430657 0.6295415822098864
		outer loop
			vertex -7.01079797744751 1.4643553495407093 5.470753192901611
			vertex -6.977791786193848 1.4641423225402819 5.510929584503174
			vertex -7.401187896728516 1.4769364595413197 4.997528553009033
		endloop
	endfacet
	facet normal -0.7675261764422946 -0.11815103568081725 0.6300348412932589
		outer loop
			vertex -7.01079797744751 1.4643553495407093 5.470753192901611
			vertex -7.401187896728516 1.4769364595413197 4.997528553009033
			vertex -7.399153232574463 1.4768190383911122 4.999985218048096
		endloop
	endfacet
	facet normal -0.7670972609121167 -0.12345173728268996 0.6295406745104035
		outer loop
			vertex -7.2050957679748535 1.4686639308929432 5.2348456382751465
			vertex -7.01079797744751 1.4643553495407093 5.470753192901611
			vertex -7.399153232574463 1.4768190383911122 4.999985218048096
		endloop
	endfacet
	facet normal -0.7670773646419076 -0.1237035244709101 0.6295154920154873
		outer loop
			vertex -7.2050957679748535 1.4686639308929432 5.2348456382751465
			vertex -7.399153232574463 1.4768190383911122 4.999985218048096
			vertex -7.3840484619140625 1.4759477376937855 5.018219470977783
		endloop
	endfacet
	facet normal -0.28528081145244333 0.9206125620746468 0.26662214680590635
		outer loop
			vertex -7.284487724304199 1.4718953371047963 5.138740062713623
			vertex -7.2050957679748535 1.4686639308929432 5.2348456382751465
			vertex -7.3840484619140625 1.4759477376937855 5.018219470977783
		endloop
	endfacet
	facet normal 0.10243490329381152 0.9934202852941874 -0.05121745164690576
		outer loop
			vertex -7.284487724304199 1.4718953371047963 5.138740062713623
			vertex -7.3840484619140625 1.4759477376937855 5.018219470977783
			vertex -7.384047985076904 1.4759477376937855 5.0182204246521
		endloop
	endfacet
	facet normal 0.3374806598757345 -0.8892789346828632 -0.3086904283244798
		outer loop
			vertex -7.284487724304199 1.4718953371047963 5.138740062713623
			vertex -7.205097198486328 1.4686640501022328 5.234843730926514
			vertex -7.2050957679748535 1.4686639308929432 5.2348456382751465
		endloop
	endfacet
	facet normal -0.18649269630839382 0.9645936701260539 0.18649269630839382
		outer loop
			vertex -7.284487724304199 1.4718953371047963 5.138740062713623
			vertex -7.205099105834961 1.4686640501022328 5.234841823577881
			vertex -7.205097198486328 1.4686640501022328 5.234843730926514
		endloop
	endfacet
	facet normal -0.7671709186566358 -0.12260263429897005 0.6296168482740013
		outer loop
			vertex -7.2050957679748535 1.4686639308929432 5.2348456382751465
			vertex -7.0271501541137695 1.4644608497619618 5.4508490562438965
			vertex -7.01079797744751 1.4643553495407093 5.470753192901611
		endloop
	endfacet
	facet normal -0.6522992764875928 0.524094176934534 0.5475682127343372
		outer loop
			vertex -7.2050957679748535 1.4686639308929432 5.2348456382751465
			vertex -7.107121467590332 1.466349720954894 5.353774070739746
			vertex -7.0271501541137695 1.4644608497619618 5.4508490562438965
		endloop
	endfacet
	facet normal -0.8751753450446359 -0.1234466268660893 0.4677916691662935
		outer loop
			vertex -7.42902946472168 1.4785424470901478 4.963918685913086
			vertex -8.314696311950684 9.999999999999998 5.555702209472658
			vertex -7.72338342666626 1.464879631996154 4.409616470336914
		endloop
	endfacet
	facet normal -0.8751515229619428 -0.12364478116911534 0.46778390304395234
		outer loop
			vertex -7.42902946472168 1.4785424470901478 4.963918685913086
			vertex -7.72338342666626 1.464879631996154 4.409616470336914
			vertex -7.675454139709473 1.4658536911010733 4.499542236328125
		endloop
	endfacet
	facet normal -0.8751758750382906 -0.12344653374006233 0.467790702193327
		outer loop
			vertex -8.314696311950684 9.999999999999998 5.555702209472658
			vertex -7.919732093811035 1.4638822078704825 4.042010307312012
			vertex -7.72338342666626 1.464879631996154 4.409616470336914
		endloop
	endfacet
	facet normal -0.875165542292898 -0.12353970800131005 0.46778543599617245
		outer loop
			vertex -7.919732093811035 1.4638822078704825 4.042010307312012
			vertex -7.79082727432251 1.4635088443756095 4.28307580947876
			vertex -7.72338342666626 1.464879631996154 4.409616470336914
		endloop
	endfacet
	facet normal -0.3175025433242744 -0.9331967989871962 0.16833261520771217
		outer loop
			vertex -7.919732093811035 1.4638822078704825 4.042010307312012
			vertex -7.850409984588623 1.4636813402175894 4.17164945602417
			vertex -7.79082727432251 1.4635088443756095 4.28307580947876
		endloop
	endfacet
	facet normal -0.8751756629466374 -0.12344659158282185 0.46779108372488015
		outer loop
			vertex -8.314696311950684 9.999999999999998 5.555702209472658
			vertex -9.238795280456543 10 3.8268344402313255
			vertex -7.919732093811035 1.4638822078704825 4.042010307312012
		endloop
	endfacet
	facet normal -0.875175832726933 -0.12344662605471429 0.467790756991229
		outer loop
			vertex -7.919732093811035 1.4638822078704825 4.042010307312012
			vertex -9.238795280456543 10 3.8268344402313255
			vertex -8.254706382751465 1.47864019870758 3.419211387634278
		endloop
	endfacet
	facet normal -0.8751841968466181 -0.12336271772260675 0.4677972439701124
		outer loop
			vertex -7.919732093811035 1.4638822078704825 4.042010307312012
			vertex -8.254706382751465 1.47864019870758 3.419211387634278
			vertex -8.20733642578125 1.4752422571182242 3.506937980651856
		endloop
	endfacet
	facet normal -0.8751633593314323 -0.12357034823467647 0.46778142707987386
		outer loop
			vertex -8.11398983001709 1.4702270030975333 3.6802532672882085
			vertex -7.919732093811035 1.4638822078704825 4.042010307312012
			vertex -8.20733642578125 1.4752422571182242 3.506937742233277
		endloop
	endfacet
	facet normal -0.8751782514098094 -0.12341769727544064 0.4677938651355916
		outer loop
			vertex -8.11398983001709 1.4702270030975333 3.6802532672882085
			vertex -8.20733642578125 1.4752422571182242 3.506937742233277
			vertex -8.187760353088379 1.4738380908966056 3.5431914329528813
		endloop
	endfacet
	facet normal -0.8751526412306566 -0.12367247430006874 0.46777449016326716
		outer loop
			vertex -7.982084274291992 1.4654382467269889 3.925768375396729
			vertex -8.056424140930176 1.4674092531204215 3.7872080802917485
			vertex -8.054754257202148 1.4673274755477896 3.790310621261597
		endloop
	endfacet
	facet normal -0.875387600808262 -0.121388723605322 0.4679330359491898
		outer loop
			vertex -7.982084274291992 1.4654382467269889 3.925768375396729
			vertex -7.919732093811035 1.4638822078704825 4.042010307312012
			vertex -8.056424140930176 1.4674092531204215 3.7872080802917485
		endloop
	endfacet
	facet normal -0.8751555076967026 -0.12363723728258315 0.467778442112564
		outer loop
			vertex -7.919732093811035 1.4638822078704825 4.042010307312012
			vertex -7.982084274291992 1.4654382467269889 3.925768375396729
			vertex -7.922536849975586 1.463890314102172 4.036765098571777
		endloop
	endfacet
	facet normal -0.6620444414429464 -0.6434933529866705 0.3842049742214035
		outer loop
			vertex -7.723764419555664 -0.8473486304283151 3.7987234592437744
			vertex -7.793059825897217 -0.8546031117439278 3.6671664714813232
			vertex -7.793062210083008 -0.8546036481857308 3.667161464691162
		endloop
	endfacet
	facet normal -0.7045275819812594 0.649785298326297 0.28534181661061375
		outer loop
			vertex -8.021886825561523 -0.8795970082283027 3.1761205196380615
			vertex -8.059102058410645 -0.8682155013084418 3.0583155155181885
			vertex -8.021885871887207 -0.8795975446701056 3.176124095916748
		endloop
	endfacet
	facet normal -0.9496153511377825 -0.12351363861327211 0.28805392890911274
		outer loop
			vertex -7.9802398681640625 -0.8980055451393135 3.305523633956909
			vertex -8.021885871887207 -0.8795975446701056 3.176124095916748
			vertex -8.059102058410645 -0.8682155013084418 3.0583155155181885
		endloop
	endfacet
	facet normal -0.4011154259994318 -0.9152268723240616 0.038290823981870295
		outer loop
			vertex -8.059102058410645 -0.8682155013084418 3.0583155155181885
			vertex -8.103586196899414 -0.8546108007431037 2.917501449584961
			vertex -8.10358715057373 -0.8546105623245246 2.917497158050537
		endloop
	endfacet
	facet normal -0.9496519810771948 -0.1231133465801014 0.28810452743753817
		outer loop
			vertex -8.059102058410645 -0.8682155013084418 3.0583155155181885
			vertex -8.10358715057373 -0.8546105623245246 2.917497158050537
			vertex -8.120213508605957 -0.8518709540367133 2.863863945007324
		endloop
	endfacet
	facet normal -0.9497212129354012 -0.12264367995807095 0.28807663124046146
		outer loop
			vertex -8.330986022949219 1.4709378480911248 3.164451122283936
			vertex -8.386609077453613 1.4668656587600701 2.979341268539429
			vertex -8.375709533691406 1.4673293828964227 3.0154719352722172
		endloop
	endfacet
	facet normal -0.9496368042375152 -0.12332005131369331 0.28806614688565424
		outer loop
			vertex -8.330986022949219 1.4709378480911248 3.164451122283936
			vertex -8.254706382751465 1.47864019870758 3.419211387634278
			vertex -8.386609077453613 1.4668656587600701 2.979341268539429
		endloop
	endfacet
	facet normal -0.9496176499857898 -0.12347024677777396 0.2880649527382699
		outer loop
			vertex -8.254706382751465 1.47864019870758 3.419211387634278
			vertex -8.330986022949219 1.4709378480911248 3.164451122283936
			vertex -8.295019149780273 1.473839879035949 3.284261226654053
		endloop
	endfacet
	facet normal -0.8751937172262593 -0.12327356685934521 0.4678029339812411
		outer loop
			vertex -7.919732093811035 1.4638822078704825 4.042010307312012
			vertex -8.11398983001709 1.4702270030975333 3.6802532672882085
			vertex -8.056424140930176 1.4674092531204215 3.7872080802917485
		endloop
	endfacet
	facet normal -0.9496206338842352 -0.12344663045299642 0.28806523763047936
		outer loop
			vertex -8.254706382751465 1.47864019870758 3.419211387634278
			vertex -9.238795280456543 10 3.8268344402313255
			vertex -8.435246467590332 1.464796066284179 2.8181197643280034
		endloop
	endfacet
	facet normal -0.9496385272740593 -0.12330402400418189 0.2880673275141284
		outer loop
			vertex -8.254706382751465 1.47864019870758 3.419211387634278
			vertex -8.435246467590332 1.464796066284179 2.8181197643280034
			vertex -8.386609077453613 1.4668656587600701 2.979342937469483
		endloop
	endfacet
	facet normal 0.01732593820887738 -0.9998209515440262 0.0076076749917806715
		outer loop
			vertex -8.435246467590332 1.464796066284179 2.8181197643280034
			vertex -8.412108421325684 1.465780615806579 2.894816637039185
			vertex -8.386609077453613 1.4668656587600701 2.979342937469483
		endloop
	endfacet
	facet normal 0.042513327847021075 -0.9990958997790812 0
		outer loop
			vertex -8.386609077453613 1.4668656587600701 2.979341268539429
			vertex -8.386609077453613 1.4668656587600701 2.979342937469483
			vertex -8.412108421325684 1.465780615806579 2.894816637039185
		endloop
	endfacet
	facet normal -0.9496212389773894 -0.12344646029510882 0.28806331582424066
		outer loop
			vertex -8.435246467590332 1.464796066284179 2.8181197643280034
			vertex -9.238795280456543 10 3.8268344402313255
			vertex -8.555874824523926 1.4641127586364742 2.420166969299317
		endloop
	endfacet
	facet normal -0.9496328196336791 -0.12334953350092132 0.2880666597502974
		outer loop
			vertex -8.435246467590332 1.464796066284179 2.8181197643280034
			vertex -8.555874824523926 1.4641127586364742 2.420166969299317
			vertex -8.540283203125 1.4636012315750118 2.4713468551635747
		endloop
	endfacet
	facet normal -0.9496623246810136 -0.12310324349739304 0.28807474815032796
		outer loop
			vertex -8.456486701965332 1.463892221450805 2.7477133274078374
			vertex -8.435246467590332 1.464796066284179 2.8181197643280034
			vertex -8.540283203125 1.4636012315750118 2.4713468551635747
		endloop
	endfacet
	facet normal -0.9498812685923663 -0.12124927874753447 0.28813918161291363
		outer loop
			vertex -8.456486701965332 1.463892221450805 2.7477133274078374
			vertex -8.540283203125 1.4636012315750118 2.4713468551635747
			vertex -8.537522315979004 1.4635107517242427 2.4804103374481206
		endloop
	endfacet
	facet normal -0.9496209150737888 -0.1234466004458985 0.2880643235334266
		outer loop
			vertex -9.238795280456543 10 3.8268344402313255
			vertex -9.807852745056152 10 1.9509031772613548
			vertex -8.555874824523926 1.4641127586364742 2.420166969299317
		endloop
	endfacet
	facet normal -0.9497044367644534 -0.1234746569799882 0.2877768091309419
		outer loop
			vertex -9.807852745056152 10 1.9509031772613548
			vertex -8.556171417236328 1.4641224145889278 2.4191923141479497
			vertex -8.555874824523926 1.4641127586364742 2.420166969299317
		endloop
	endfacet
	facet normal -0.9496205568259127 -0.12344651685760517 0.28806554033651544
		outer loop
			vertex -8.556171417236328 1.4641224145889278 2.4191923141479497
			vertex -9.807852745056152 10 1.9509031772613548
			vertex -8.763138771057129 1.478546261787414 1.7430965900421145
		endloop
	endfacet
	facet normal 0.06875821791689665 -0.9967356413310983 -0.042312749487321014
		outer loop
			vertex -8.556171417236328 1.4641224145889278 2.4191923141479497
			vertex -8.763138771057129 1.478546261787414 1.7430965900421145
			vertex -8.763137817382812 1.478546261787414 1.7430981397628786
		endloop
	endfacet
	facet normal -0.9496412914117986 -0.12326459519452918 0.2880750895465633
		outer loop
			vertex -8.715577125549316 1.4734725952148433 1.8977112770080569
			vertex -8.556171417236328 1.4641224145889278 2.4191923141479497
			vertex -8.763137817382812 1.478546261787414 1.7430981397628786
		endloop
	endfacet
	facet normal -0.012659612439206352 -0.9995020034559691 -0.028904658800841195
		outer loop
			vertex -8.715577125549316 1.4734725952148433 1.8977112770080569
			vertex -8.763137817382812 1.478546261787414 1.7430981397628786
			vertex -8.737466812133789 1.4758077859878536 1.826549291610718
		endloop
	endfacet
	facet normal -0.9496434319758428 -0.12324578525516976 0.2880760811347928
		outer loop
			vertex -8.618985176086426 1.466182947158813 2.2130081653594975
			vertex -8.556171417236328 1.4641224145889278 2.4191923141479497
			vertex -8.715577125549316 1.4734725952148433 1.8977112770080569
		endloop
	endfacet
	facet normal -0.9495052983627515 -0.12446899249926986 0.2880054830854424
		outer loop
			vertex -8.618985176086426 1.466182947158813 2.2130081653594975
			vertex -8.715577125549316 1.4734725952148433 1.8977112770080569
			vertex -8.701047897338867 1.4719227552413936 1.9449418783187868
		endloop
	endfacet
	facet normal -0.4976455965849341 0.8524719226251828 0.16012645420213817
		outer loop
			vertex -8.574274063110352 1.4647161960601802 2.3597712516784672
			vertex -8.556171417236328 1.4641224145889278 2.4191923141479497
			vertex -8.618985176086426 1.466182947158813 2.2130081653594975
		endloop
	endfacet
	facet normal 0.03742672944479358 -0.9990704924466226 -0.02138670253988205
		outer loop
			vertex -8.574274063110352 1.4647161960601802 2.3597712516784672
			vertex -8.618985176086426 1.466182947158813 2.2130081653594975
			vertex -8.61898422241211 1.466182947158813 2.2130098342895512
		endloop
	endfacet
	facet normal -0.987572813109182 -0.12344652685240855 0.09726712607913521
		outer loop
			vertex -8.763138771057129 1.478546261787414 1.7430965900421145
			vertex -9.807852745056152 10 1.9509031772613548
			vertex -8.822921752929688 1.4645216464996336 1.1183085441589358
		endloop
	endfacet
	facet normal -0.14387696425587101 -0.9889418029157497 0.03596567255399526
		outer loop
			vertex -8.763138771057129 1.478546261787414 1.7430965900421145
			vertex -8.822921752929688 1.4645216464996336 1.1183085441589358
			vertex -8.822919845581055 1.4645218849182127 1.1183227300643923
		endloop
	endfacet
	facet normal -0.9875833045518138 -0.12336390991716176 0.0972654219158597
		outer loop
			vertex -8.79903793334961 1.4682519435882566 1.3655383586883547
			vertex -8.763138771057129 1.478546261787414 1.7430965900421145
			vertex -8.822919845581055 1.4645218849182127 1.1183227300643923
		endloop
	endfacet
	facet normal -0.19529207364480164 -0.9801675112328864 0.03365495349934877
		outer loop
			vertex -8.79903793334961 1.4682519435882566 1.3655383586883547
			vertex -8.822919845581055 1.4645218849182127 1.1183227300643923
			vertex -8.808463096618652 1.466779828071594 1.2679723501205447
		endloop
	endfacet
	facet normal -0.9875832607913285 -0.12336425607800765 0.09726542719325779
		outer loop
			vertex -8.7815523147583 1.472719311714172 1.5487444400787356
			vertex -8.763138771057129 1.478546261787414 1.7430965900421145
			vertex -8.79903793334961 1.4682519435882566 1.3655383586883547
		endloop
	endfacet
	facet normal -0.987278743517311 -0.12575543579589352 0.09729467080300282
		outer loop
			vertex -8.7815523147583 1.472719311714172 1.5487444400787356
			vertex -8.79903793334961 1.4682519435882566 1.3655383586883547
			vertex -8.796361923217773 1.468669772148132 1.3932327032089236
		endloop
	endfacet
	facet normal -0.9874176797167361 -0.12466447126436223 0.09728872178826552
		outer loop
			vertex -8.769722938537598 1.4759535789489742 1.6729493141174319
			vertex -8.763138771057129 1.478546261787414 1.7430965900421145
			vertex -8.7815523147583 1.472719311714172 1.5487444400787356
		endloop
	endfacet
	facet normal -0.01897878562771833 0.9995264891685194 -0.024219891547050648
		outer loop
			vertex -8.769722938537598 1.4759535789489742 1.6729493141174319
			vertex -8.7815523147583 1.472719311714172 1.5487444400787356
			vertex -8.769723892211914 1.4759534597396846 1.6729451417922976
		endloop
	endfacet
	facet normal -0.9875729332695874 -0.12344643329357757 0.09726602480001678
		outer loop
			vertex -8.822921752929688 1.4645216464996336 1.1183085441589358
			vertex -9.807852745056152 10 1.9509031772613548
			vertex -8.863605499267578 1.4642264842987058 0.7048588991165164
		endloop
	endfacet
	facet normal -0.987533723212072 -0.12376254333401303 0.09726242021664748
		outer loop
			vertex -8.850625991821289 1.463330030441284 0.8355030417442325
			vertex -8.822921752929688 1.4645216464996336 1.1183085441589358
			vertex -8.863605499267578 1.4642264842987058 0.704859018325806
		endloop
	endfacet
	facet normal -0.2487968994296952 -0.9683870428039903 0.01807313374910448
		outer loop
			vertex -8.850625991821289 1.463330030441284 0.8355030417442325
			vertex -8.863605499267578 1.4642264842987058 0.704859018325806
			vertex -8.862991333007812 1.4641840457916258 0.7110397815704349
		endloop
	endfacet
	facet normal -0.011505750701446204 0.9999017720141238 0.008004000487962576
		outer loop
			vertex -8.850625991821289 1.463330030441284 0.8355030417442325
			vertex -8.862991333007812 1.4641840457916258 0.7110397815704349
			vertex -8.850626945495605 1.463330030441284 0.8355016708374027
		endloop
	endfacet
	facet normal -0.9875727680313501 -0.12344662449948024 0.09726745983411755
		outer loop
			vertex -9.807852745056152 10 1.9509031772613548
			vertex -10 10 -2.288473382826674e-16
			vertex -8.863605499267578 1.4642264842987058 0.7048588991165164
		endloop
	endfacet
	facet normal -0.987559926713153 -0.1234326984568079 0.09741539971679535
		outer loop
			vertex -10 10 -2.288473382826674e-16
			vertex -8.863740921020508 1.4642357826232908 0.7034978270530704
			vertex -8.863605499267578 1.4642264842987058 0.7048588991165164
		endloop
	endfacet
	facet normal -0.9875727227552523 -0.12344654889940011 0.09726801547582699
		outer loop
			vertex -8.863740921020508 1.4642357826232908 0.7034978270530704
			vertex -10 10 -2.288473382826674e-16
			vertex -8.934782981872559 1.4782609939575195 -1.4568528353223762e-15
		endloop
	endfacet
	facet normal -0.8061045600281929 -0.5876555326036468 0.06968797099986657
		outer loop
			vertex -8.863740921020508 1.4642357826232908 0.7034978270530704
			vertex -8.934782981872559 1.4782609939575195 -1.4568528353223762e-15
			vertex -8.934781074523926 1.4782603979110718 0.0000170366911337268
		endloop
	endfacet
	facet normal -0.987590744780389 -0.12329869752375355 0.09727256557253268
		outer loop
			vertex -8.911092758178711 1.4715790748596191 0.23205125331878695
			vertex -8.863740921020508 1.4642357826232908 0.7034978270530704
			vertex -8.934781074523926 1.4782603979110718 0.0000170366911337268
		endloop
	endfacet
	facet normal -0.37037401462376757 -0.9288167856883923 0.01106652226115263
		outer loop
			vertex -8.911092758178711 1.4715790748596191 0.23205125331878695
			vertex -8.934781074523926 1.4782603979110718 0.0000170366911337268
			vertex -8.934779167175293 1.478259801864624 0.00003084540367159289
		endloop
	endfacet
	facet normal -0.987572797821593 -0.12344655828268952 -0.09726724140731931
		outer loop
			vertex -8.934782981872559 1.4782609939575195 -1.7284609378812824e-15
			vertex -10 10 -3.91292587456518e-16
			vertex -8.871597290039062 1.46478009223938 -0.6244270801544186
		endloop
	endfacet
	facet normal -0.9875048398219626 -0.12400384259375223 -0.09724833340569032
		outer loop
			vertex -8.934782981872559 1.4782609939575195 -1.7284609378812824e-15
			vertex -8.871597290039062 1.46478009223938 -0.6244270801544186
			vertex -8.876117706298828 1.4650924205780032 -0.5789229273796078
		endloop
	endfacet
	facet normal -0.9875762354224153 -0.12341774717717467 -0.09726890001743231
		outer loop
			vertex -8.906211853027344 1.470202922821045 -0.27985984086990323
			vertex -8.934782981872559 1.4782609939575195 -1.7284609378812824e-15
			vertex -8.876117706298828 1.4650924205780032 -0.5789229273796078
		endloop
	endfacet
	facet normal -0.9877512594813652 -0.12197535586926572 -0.09731116047783532
		outer loop
			vertex -8.906211853027344 1.470202922821045 -0.27985984086990323
			vertex -8.876117706298828 1.4650924205780032 -0.5789229273796078
			vertex -8.878143310546875 1.4652322530746462 -0.5585374236106869
		endloop
	endfacet
	facet normal -0.047223909855677385 -0.9985976039640885 0.02393172988157182
		outer loop
			vertex -8.922151565551758 1.4746986627578735 -0.1237198710441586
			vertex -8.934782981872559 1.4782609939575195 -1.7284609378812824e-15
			vertex -8.906211853027344 1.470202922821045 -0.27985984086990323
		endloop
	endfacet
	facet normal -0.2714558909685958 -0.9624508814783465 0
		outer loop
			vertex -8.922151565551758 1.4746986627578735 -0.1237198710441586
			vertex -8.906211853027344 1.470202922821045 -0.27985984086990323
			vertex -8.906211853027344 1.470202922821045 -0.2798580229282376
		endloop
	endfacet
	facet normal -0.9875726565493793 -0.12344642201820259 -0.09726884869733746
		outer loop
			vertex -8.871597290039062 1.46478009223938 -0.6244270801544186
			vertex -10 10 -4.454410744338805e-16
			vertex -8.83072566986084 1.4641559123992922 -1.0386053323745725
		endloop
	endfacet
	facet normal -0.012820882722349956 0.9999139665608451 -0.002772082750778369
		outer loop
			vertex -8.871597290039062 1.46478009223938 -0.6244270801544186
			vertex -8.83072566986084 1.4641559123992922 -1.0386053323745725
			vertex -8.830726623535156 1.4641559123992922 -1.0386009216308592
		endloop
	endfacet
	facet normal -0.9874848054362617 -0.12415581056754903 -0.09725787235398235
		outer loop
			vertex -8.850518226623535 1.4633241891860964 -0.8365898132324215
			vertex -8.871597290039062 1.46478009223938 -0.6244270801544186
			vertex -8.830726623535156 1.4641559123992922 -1.0386009216308592
		endloop
	endfacet
	facet normal 0.30147516767469507 0.9528867598583792 0.03345961987402168
		outer loop
			vertex -8.850518226623535 1.4633241891860964 -0.8365898132324215
			vertex -8.830726623535156 1.4641559123992922 -1.0386009216308592
			vertex -8.838202476501465 1.463841795921326 -0.9622969627380368
		endloop
	endfacet
	facet normal -0.9875727702524788 -0.12344660655808375 -0.09726746005287995
		outer loop
			vertex -10 10 -4.454410744338805e-16
			vertex -9.807852745056152 10 -1.9509031772613503
			vertex -8.83072566986084 1.4641559123992922 -1.0386053323745725
		endloop
	endfacet
	facet normal -0.9875987714927297 -0.12342435471847543 -0.09703141351325067
		outer loop
			vertex -9.807852745056152 10 -1.9509031772613503
			vertex -8.830676078796387 1.4641580581665041 -1.0391128063201902
			vertex -8.83072566986084 1.4641559123992922 -1.0386053323745725
		endloop
	endfacet
	facet normal -0.987572772114311 -0.12344659248139787 -0.09726745901475323
		outer loop
			vertex -8.830676078796387 1.4641580581665041 -1.0391128063201902
			vertex -9.807852745056152 10 -1.9509031772613503
			vertex -8.763138771057129 1.4785506725311284 -1.7430967092514036
		endloop
	endfacet
	facet normal -0.9875599904137894 -0.1235481341202693 -0.09726830876146789
		outer loop
			vertex -8.830676078796387 1.4641580581665041 -1.0391128063201902
			vertex -8.763138771057129 1.4785506725311284 -1.7430967092514036
			vertex -8.767228126525879 1.476940512657166 -1.6995325088500974
		endloop
	endfacet
	facet normal -0.9875781223243342 -0.1234039402402688 -0.09726725985406635
		outer loop
			vertex -8.793134689331055 1.4695560932159426 -1.427128195762634
			vertex -8.830676078796387 1.4641580581665041 -1.0391128063201902
			vertex -8.767228126525879 1.476940512657166 -1.6995325088500974
		endloop
	endfacet
	facet normal -0.9876041156221186 -0.12319819422365005 -0.09726415447781907
		outer loop
			vertex -8.793134689331055 1.4695560932159426 -1.427128195762634
			vertex -8.767228126525879 1.476940512657166 -1.6995325088500974
			vertex -8.769729614257812 1.4759556055068974 -1.6728852987289426
		endloop
	endfacet
	facet normal -0.17808201560920542 0.9839775154973975 0.008662835109346389
		outer loop
			vertex -8.784550666809082 1.4719032049179082 -1.5172655582427976
			vertex -8.793134689331055 1.4695560932159426 -1.427128195762634
			vertex -8.769729614257812 1.4759556055068974 -1.6728852987289426
		endloop
	endfacet
	facet normal -0.8243919565700283 -0.5583180453182349 -0.09305300755303915
		outer loop
			vertex -8.784550666809082 1.4719032049179082 -1.5172655582427976
			vertex -8.769729614257812 1.4759556055068974 -1.6728852987289426
			vertex -8.769729614257812 1.4759554862976079 -1.6728845834732053
		endloop
	endfacet
	facet normal -0.9876404489856931 -0.12290484659197853 -0.09726634675745235
		outer loop
			vertex -8.811185836791992 1.4663578271865847 -1.239795923233032
			vertex -8.830676078796387 1.4641580581665041 -1.0391128063201902
			vertex -8.793134689331055 1.4695560932159426 -1.427128195762634
		endloop
	endfacet
	facet normal -0.9873707909521243 -0.12504450155655103 -0.09727689245165166
		outer loop
			vertex -8.811185836791992 1.4663578271865847 -1.239795923233032
			vertex -8.793134689331055 1.4695560932159426 -1.427128195762634
			vertex -8.796366691589355 1.4686722755432131 -1.3931869268417356
		endloop
	endfacet
	facet normal -0.9876183358509806 -0.12308257102431053 -0.09726614725065134
		outer loop
			vertex -8.830676078796387 1.4641580581665041 -1.0391128063201902
			vertex -8.811185836791992 1.4663578271865847 -1.239795923233032
			vertex -8.823280334472656 1.464468836784363 -1.1146007776260374
		endloop
	endfacet
	facet normal -0.5507124648135647 -0.8321008568060959 -0.06575671221654504
		outer loop
			vertex -8.82327938079834 1.464468836784363 -1.1146087646484373
			vertex -8.823280334472656 1.464468836784363 -1.1146007776260374
			vertex -8.811185836791992 1.4663578271865847 -1.239795923233032
		endloop
	endfacet
	facet normal -0.9496210025761527 -0.12344659472453794 -0.28806403752842635
		outer loop
			vertex -8.763138771057129 1.4785506725311284 -1.7430967092514036
			vertex -9.807852745056152 10 -1.9509031772613503
			vertex -8.579327583312988 1.4648877382278447 -2.3431866168975826
		endloop
	endfacet
	facet normal -0.9496207472791296 -0.12344886150415019 -0.28806390771902785
		outer loop
			vertex -8.763138771057129 1.4785506725311284 -1.7430967092514036
			vertex -8.579327583312988 1.4648877382278447 -2.3431866168975826
			vertex -8.609025955200195 1.4658619165420537 -2.2457015514373775
		endloop
	endfacet
	facet normal -0.06701082803693337 -0.9976975807078103 -0.010444442330111022
		outer loop
			vertex -8.579327583312988 1.4648877382278447 -2.3431866168975826
			vertex -8.582235336303711 1.4649831056594853 -2.333640575408935
			vertex -8.609025955200195 1.4658619165420537 -2.2457015514373775
		endloop
	endfacet
	facet normal -0.25894607761012395 -0.9634053940861629 -0.0692602016746768
		outer loop
			vertex -8.609025001525879 1.4658617973327641 -2.2457034587860103
			vertex -8.609025955200195 1.4658619165420537 -2.2457015514373775
			vertex -8.582235336303711 1.4649831056594853 -2.333640575408935
		endloop
	endfacet
	facet normal -0.9496209661508352 -0.12344658374639704 -0.2880641623112774
		outer loop
			vertex -8.579327583312988 1.4648877382278447 -2.3431866168975826
			vertex -9.807852745056152 10 -1.9509031772613503
			vertex -8.458427429199219 1.4638893604278571 -2.7413134574890132
		endloop
	endfacet
	facet normal -0.08075209074777058 -0.9964908801429736 -0.022023297476664705
		outer loop
			vertex -8.579327583312988 1.4648877382278447 -2.3431866168975826
			vertex -8.458427429199219 1.4638893604278571 -2.7413134574890132
			vertex -8.458433151245117 1.4638893604278571 -2.7412924766540523
		endloop
	endfacet
	facet normal -0.9496501465402857 -0.1231961341814708 -0.28807518410782085
		outer loop
			vertex -8.579327583312988 1.4648877382278447 -2.3431866168975826
			vertex -8.458433151245117 1.4638893604278571 -2.7412924766540523
			vertex -8.500882148742676 1.4636894464492805 -2.601272344589233
		endloop
	endfacet
	facet normal -0.9496209197280141 -0.12344656134840833 -0.2880643249452703
		outer loop
			vertex -9.807852745056152 10 -1.9509031772613503
			vertex -9.238795280456543 10 -3.826834440231321
			vertex -8.458427429199219 1.4638893604278571 -2.7413134574890132
		endloop
	endfacet
	facet normal -0.9493595070871209 -0.12352766488491654 -0.2888900176734714
		outer loop
			vertex -9.238795280456543 10 -3.826834440231321
			vertex -8.45822811126709 1.4638903141021735 -2.7419688701629634
			vertex -8.458427429199219 1.4638893604278571 -2.7413134574890132
		endloop
	endfacet
	facet normal -0.9496209635290855 -0.12344661364686019 -0.28806415814053304
		outer loop
			vertex -8.45822811126709 1.4638903141021735 -2.7419688701629634
			vertex -9.238795280456543 10 -3.826834440231321
			vertex -8.254707336425781 1.4786484241485602 -3.419211864471435
		endloop
	endfacet
	facet normal 0.0311233184871645 0.9990308694393247 0.0311233184871645
		outer loop
			vertex -8.45822811126709 1.4638903141021735 -2.7419688701629634
			vertex -8.254707336425781 1.4786484241485602 -3.419211864471435
			vertex -8.254708290100098 1.4786484241485602 -3.4192109107971187
		endloop
	endfacet
	facet normal -0.9495554758836424 -0.1239706983541072 -0.28805496727011043
		outer loop
			vertex -8.283244132995605 1.4752503633499152 -3.323681831359863
			vertex -8.45822811126709 1.4638903141021735 -2.7419688701629634
			vertex -8.254708290100098 1.4786484241485602 -3.4192109107971187
		endloop
	endfacet
	facet normal -0.16115799544533693 -0.9834220557392874 -0.08312136181244212
		outer loop
			vertex -8.283244132995605 1.4752503633499152 -3.323681831359863
			vertex -8.254708290100098 1.4786484241485602 -3.4192109107971187
			vertex -8.259709358215332 1.478052735328675 -3.402467012405395
		endloop
	endfacet
	facet normal -0.9496274864347274 -0.12339362172618736 -0.28806535912003767
		outer loop
			vertex -8.374714851379395 1.467417240142823 -3.0187869071960445
			vertex -8.45822811126709 1.4638903141021735 -2.7419688701629634
			vertex -8.283244132995605 1.4752503633499152 -3.323681831359863
		endloop
	endfacet
	facet normal -0.9502378051534097 -0.11831175024496077 -0.2881847383384566
		outer loop
			vertex -8.456504821777344 1.463898420333863 -2.7476544380187984
			vertex -8.45822811126709 1.4638903141021735 -2.7419688701629634
			vertex -8.374714851379395 1.467417240142823 -3.0187869071960445
		endloop
	endfacet
	facet normal -0.9516838665924876 -0.10532347748336346 -0.28845239322699995
		outer loop
			vertex -8.456504821777344 1.463898420333863 -2.7476544380187984
			vertex -8.374714851379395 1.467417240142823 -3.0187869071960445
			vertex -8.375726699829102 1.4673357009887702 -3.0154187679290767
		endloop
	endfacet
	facet normal -0.8751758522787162 -0.12344662165561393 -0.4677907215732677
		outer loop
			vertex -8.254707336425781 1.4786484241485602 -3.419211864471435
			vertex -9.238795280456543 10 -3.826834440231321
			vertex -7.957332611083984 1.4648042917251596 -3.971908092498779
		endloop
	endfacet
	facet normal -0.8751779449369061 -0.12342551370377643 -0.4677923762343428
		outer loop
			vertex -8.254707336425781 1.4786484241485602 -3.419211864471435
			vertex -7.957332611083984 1.4648042917251596 -3.971908092498779
			vertex -8.036947250366211 1.4668738842010507 -3.823505640029907
		endloop
	endfacet
	facet normal -0.8752077636854492 -0.12311898255644545 -0.4678173644906532
		outer loop
			vertex -8.187788963317871 1.4738482236862191 -3.543141603469848
			vertex -8.254707336425781 1.4786484241485602 -3.419211864471435
			vertex -8.036947250366211 1.4668738842010507 -3.823505640029907
		endloop
	endfacet
	facet normal -0.8748523474987903 -0.12665469672368795 -0.46753818867947716
		outer loop
			vertex -8.187788963317871 1.4738482236862191 -3.543141603469848
			vertex -8.036947250366211 1.4668738842010507 -3.823505640029907
			vertex -8.12850284576416 1.470946192741395 -3.65329098701477
		endloop
	endfacet
	facet normal -0.8752047104073784 -0.12316397817273445 -0.4678112326156816
		outer loop
			vertex -8.036947250366211 1.4668738842010507 -3.823505640029907
			vertex -8.054781913757324 1.4673376083374032 -3.7902617454528804
			vertex -8.12850284576416 1.470946192741395 -3.65329098701477
		endloop
	endfacet
	facet normal -0.8751753552584928 -0.12344652908940572 -0.467791675860045
		outer loop
			vertex -7.957332611083984 1.46480417251587 -3.971908092498779
			vertex -9.238795280456543 10 -3.826834440231321
			vertex -7.761231899261475 1.4641209840774545 -4.338605880737305
		endloop
	endfacet
	facet normal -0.8751749360540718 -0.123450377666895 -0.46779144450989313
		outer loop
			vertex -7.957332611083984 1.46480417251587 -3.971908092498779
			vertex -7.761231899261475 1.4641209840774545 -4.338605880737305
			vertex -7.786393165588379 1.4636095762252816 -4.291397571563721
		endloop
	endfacet
	facet normal -0.8752257466309555 -0.1229795699080212 -0.4678203905555257
		outer loop
			vertex -7.862979412078857 1.463727831840516 -4.148146629333496
			vertex -7.957332611083984 1.46480417251587 -3.971908092498779
			vertex -7.786393165588379 1.4636095762252816 -4.291397571563721
		endloop
	endfacet
	facet normal -0.8751915874242909 -0.12329272561162578 -0.4678018695056769
		outer loop
			vertex -7.862979412078857 1.463727831840516 -4.148146629333496
			vertex -7.786393165588379 1.4636095762252816 -4.291397571563721
			vertex -7.7908501625061035 1.463518977165223 -4.2830352783203125
		endloop
	endfacet
	facet normal -0.5061683291099451 0.8184417290851633 -0.27193153310738843
		outer loop
			vertex -7.862979412078857 1.463727831840516 -4.148146629333496
			vertex -7.7908501625061035 1.463518977165223 -4.2830352783203125
			vertex -7.790854454040527 1.4635188579559335 -4.283027648925781
		endloop
	endfacet
	facet normal -0.8751176707930043 -0.12398806408095336 -0.467756370594014
		outer loop
			vertex -7.957332611083984 1.46480417251587 -3.971908092498779
			vertex -7.862979412078857 1.463727831840516 -4.148146629333496
			vertex -7.922567367553711 1.4639004468917856 -4.036710262298584
		endloop
	endfacet
	facet normal -0.875175660108584 -0.1234466174516633 -0.4677910822079092
		outer loop
			vertex -9.238795280456543 10 -3.826834440231321
			vertex -8.314696311950684 10.000000000000002 -5.5557022094726545
			vertex -7.761231899261475 1.4641209840774545 -4.338605880737305
		endloop
	endfacet
	facet normal -0.8751158131620732 -0.12345826123651146 -0.46789995863019784
		outer loop
			vertex -8.314696311950684 10.000000000000002 -5.5557022094726545
			vertex -7.7607526779174805 1.4641306400299081 -4.339504718780518
			vertex -7.761231899261475 1.4641209840774545 -4.338605880737305
		endloop
	endfacet
	facet normal -0.8751759011478161 -0.12344658487832845 -0.4677906398507625
		outer loop
			vertex -7.7607526779174805 1.4641306400299081 -4.339504718780518
			vertex -8.314696311950684 10.000000000000002 -5.5557022094726545
			vertex -7.429030895233154 1.4785542488098156 -4.963919639587402
		endloop
	endfacet
	facet normal -0.8189391205180826 0.384323561017091 -0.4261855433167718
		outer loop
			vertex -7.7607526779174805 1.4641306400299081 -4.339504718780518
			vertex -7.429030895233154 1.4785542488098156 -4.963919639587402
			vertex -7.429034233093262 1.4785540103912365 -4.963913440704346
		endloop
	endfacet
	facet normal -0.8751546170798462 -0.12362489605077423 -0.46778337003388987
		outer loop
			vertex -7.504724025726318 1.4734809398651134 -4.820968151092529
			vertex -7.7607526779174805 1.4641306400299081 -4.339504718780518
			vertex -7.429034233093262 1.4785540103912365 -4.963913440704346
		endloop
	endfacet
	facet normal -0.8823279812900542 0.07569511843709541 -0.46450789280421484
		outer loop
			vertex -7.504724025726318 1.4734809398651134 -4.820968151092529
			vertex -7.429034233093262 1.4785540103912365 -4.963913440704346
			vertex -7.4698872566223145 1.475815773010255 -4.8867597579956055
		endloop
	endfacet
	facet normal -0.8751921362439585 -0.123306761267625 -0.46779714330297656
		outer loop
			vertex -7.600600242614746 1.4687560796737682 -4.640349864959717
			vertex -7.7607526779174805 1.4641306400299081 -4.339504718780518
			vertex -7.504724025726318 1.4734809398651134 -4.820968151092529
		endloop
	endfacet
	facet normal -0.8752846168553874 -0.12253798506391882 -0.46782612337576107
		outer loop
			vertex -7.600600242614746 1.4687560796737682 -4.640349864959717
			vertex -7.504724025726318 1.4734809398651134 -4.820968151092529
			vertex -7.527846813201904 1.4719310998916637 -4.7773003578186035
		endloop
	endfacet
	facet normal -0.8751775423223573 -0.12343242317811817 -0.46779130637815036
		outer loop
			vertex -7.7607526779174805 1.4641306400299081 -4.339504718780518
			vertex -7.600600242614746 1.4687560796737682 -4.640349864959717
			vertex -7.659379005432129 1.466191053390504 -4.52970552444458
		endloop
	endfacet
	facet normal -0.28278681813292567 0.9505780870139477 -0.12819093563571357
		outer loop
			vertex -7.659374713897705 1.4661911725997936 -4.529714107513428
			vertex -7.659379005432129 1.466191053390504 -4.52970552444458
			vertex -7.600600242614746 1.4687560796737682 -4.640349864959717
		endloop
	endfacet
	facet normal -0.767097849152992 -0.12344658857947517 -0.6295409673666548
		outer loop
			vertex -7.429030895233154 1.4785542488098156 -4.963919639587402
			vertex -8.314696311950684 10.000000000000002 -5.5557022094726545
			vertex -7.029512405395508 1.4645296335220348 -5.447984218597412
		endloop
	endfacet
	facet normal -0.7515321485697823 0.20730849326220777 -0.6262767904748187
		outer loop
			vertex -7.429030895233154 1.4785542488098156 -4.963919639587402
			vertex -7.029512405395508 1.4645296335220348 -5.447984218597412
			vertex -7.029514789581299 1.4645296335220348 -5.447981357574463
		endloop
	endfacet
	facet normal -0.7670964477890966 -0.12346406912747591 -0.6295392469289233
		outer loop
			vertex -7.187439918518066 1.4682598114013683 -5.256280422210693
			vertex -7.429030895233154 1.4785542488098156 -4.963919639587402
			vertex -7.029514789581299 1.4645296335220348 -5.447981357574463
		endloop
	endfacet
	facet normal 0.021275280753956554 -0.9990899728826873 0.03696739798946629
		outer loop
			vertex -7.187439918518066 1.4682598114013683 -5.256280422210693
			vertex -7.029514789581299 1.4645296335220348 -5.447981357574463
			vertex -7.125114440917969 1.4667876958847057 -5.331935405731201
		endloop
	endfacet
	facet normal -0.7670865015421129 -0.12359038891166431 -0.6295265799952737
		outer loop
			vertex -7.384085655212402 1.4759616851806652 -5.018177032470703
			vertex -7.429030895233154 1.4785542488098156 -4.963919639587402
			vertex -7.187439918518066 1.4682598114013683 -5.256280422210693
		endloop
	endfacet
	facet normal -0.7671412989808967 -0.12290488027032881 -0.6295940102984136
		outer loop
			vertex -7.384085655212402 1.4759616851806652 -5.018177032470703
			vertex -7.187439918518066 1.4682598114013683 -5.256280422210693
			vertex -7.205132484436035 1.4686777591705333 -5.234804153442383
		endloop
	endfacet
	facet normal -0.767097378867945 -0.12344652515753925 -0.6295415528465594
		outer loop
			vertex -7.029512405395508 1.4645296335220348 -5.447984218597412
			vertex -8.314696311950684 10.000000000000002 -5.5557022094726545
			vertex -6.766252517700195 1.4642308950424208 -5.768708229064941
		endloop
	endfacet
	facet normal -0.7671162908709744 -0.12324873991152292 -0.6295572606130282
		outer loop
			vertex -7.029512405395508 1.4645296335220348 -5.447984218597412
			vertex -6.766252517700195 1.4642308950424208 -5.768708229064941
			vertex -6.849124431610107 1.4633380174636854 -5.667553901672363
		endloop
	endfacet
	facet normal -0.7671965747275986 -0.12238511785359865 -0.6296279049202006
		outer loop
			vertex -6.946990489959717 1.463956952095033 -5.548425197601318
			vertex -7.029512405395508 1.4645296335220348 -5.447984218597412
			vertex -6.849124431610107 1.4633380174636854 -5.667553901672363
		endloop
	endfacet
	facet normal -0.766720256280121 -0.12742672573439834 -0.6292078179571167
		outer loop
			vertex -7.027183532714844 1.4644745588302623 -5.45081090927124
			vertex -7.029512405395508 1.4645296335220348 -5.447984218597412
			vertex -6.946990489959717 1.463956952095033 -5.548425197601318
		endloop
	endfacet
	facet normal -0.7670978384534898 -0.12344662298270805 -0.6295409736579095
		outer loop
			vertex -8.314696311950684 10.000000000000002 -5.5557022094726545
			vertex -7.071067810058594 10.000000000000002 -7.071067810058592
			vertex -6.766252517700195 1.4642308950424208 -5.768708229064941
		endloop
	endfacet
	facet normal -0.7672126432888889 -0.12342987589270824 -0.6294043419891434
		outer loop
			vertex -7.071067810058594 10.000000000000002 -7.071067810058592
			vertex -6.765387535095215 1.4642401933670057 -5.769764423370361
			vertex -6.766252517700195 1.4642308950424208 -5.768708229064941
		endloop
	endfacet
	facet normal -0.7670975257935814 -0.12344664081183114 -0.62954135113878
		outer loop
			vertex -6.765387535095215 1.4642401933670057 -5.769764423370361
			vertex -7.071067810058594 10.000000000000002 -7.071067810058592
			vertex -6.317845821380615 1.4782686233520521 -6.317845821380615
		endloop
	endfacet
	facet normal -0.3676612286853887 0.887591881315311 -0.277499320980606
		outer loop
			vertex -6.765387535095215 1.4642401933670057 -5.769764423370361
			vertex -6.317845821380615 1.4782686233520521 -6.317845821380615
			vertex -6.3178534507751465 1.478268146514894 -6.317837238311768
		endloop
	endfacet
	facet normal -0.7671000120975247 -0.12342799606558544 -0.6295419773352781
		outer loop
			vertex -6.4651007652282715 1.4715903997421278 -6.137106418609619
			vertex -6.765387535095215 1.4642401933670057 -5.769764423370361
			vertex -6.3178534507751465 1.478268146514894 -6.317837238311768
		endloop
	endfacet
	facet normal -0.1496690098096772 -0.9760298103042823 -0.15800315471527113
		outer loop
			vertex -6.4651007652282715 1.4715903997421278 -6.137106418609619
			vertex -6.3178534507751465 1.478268146514894 -6.317837238311768
			vertex -6.317859172821045 1.4782677888870253 -6.317829608917236
		endloop
	endfacet
	facet normal -0.7671154067149898 -0.12328285795784254 -0.6295516577011312
		outer loop
			vertex -6.672773838043213 1.4652379751205458 -5.882810592651367
			vertex -6.765387535095215 1.4642401933670057 -5.769764423370361
			vertex -6.4651007652282715 1.4715903997421278 -6.137106418609619
		endloop
	endfacet
	facet normal -0.7668530087969759 -0.12568036281751196 -0.6293972587333726
		outer loop
			vertex -6.672773838043213 1.4652379751205458 -5.882810592651367
			vertex -6.4651007652282715 1.4715903997421278 -6.137106418609619
			vertex -6.593344211578369 1.4674659967422499 -5.980031967163086
		endloop
	endfacet
	facet normal -0.6295412158774317 -0.12344663869802662 -0.7670976371399694
		outer loop
			vertex -6.317845821380615 1.4782686233520521 -6.317845821380615
			vertex -7.071067810058594 10.000000000000002 -7.071067810058592
			vertex -5.831630706787109 1.4647876024246231 -6.71470308303833
		endloop
	endfacet
	facet normal -0.6295339242424135 -0.12356406709565024 -0.7670847147158707
		outer loop
			vertex -6.317845821380615 1.4782686233520521 -6.317845821380615
			vertex -5.831630706787109 1.4647876024246231 -6.71470308303833
			vertex -5.866996765136719 1.4650998115539566 -6.685729026794434
		endloop
	endfacet
	facet normal -0.6295524022813835 -0.1232617968797628 -0.7671181800816035
		outer loop
			vertex -6.099746227264404 1.4702100753784193 -6.49553918838501
			vertex -6.317845821380615 1.4782686233520521 -6.317845821380615
			vertex -5.866996765136719 1.4650998115539566 -6.685729026794434
		endloop
	endfacet
	facet normal -0.6295380707906134 -0.12348052326726233 -0.7670947645492542
		outer loop
			vertex -6.099746227264404 1.4702100753784193 -6.49553918838501
			vertex -5.866996765136719 1.4650998115539566 -6.685729026794434
			vertex -5.8828444480896 1.4652397632598892 -6.672745704650879
		endloop
	endfacet
	facet normal -0.6295407859512939 -0.12344659131637058 -0.7670979975962631
		outer loop
			vertex -5.831630706787109 1.4647876024246231 -6.71470308303833
			vertex -7.071067810058594 10.000000000000002 -7.071067810058592
			vertex -5.509858131408691 1.4641631841659561 -6.978674411773682
		endloop
	endfacet
	facet normal -0.4237770350080419 0.7427983892007851 -0.5183276739674545
		outer loop
			vertex -5.831630706787109 1.4647876024246231 -6.71470308303833
			vertex -5.509858131408691 1.4641631841659561 -6.978674411773682
			vertex -5.509862422943115 1.4641630649566666 -6.978671073913574
		endloop
	endfacet
	facet normal -0.6295525108699855 -0.12329940335617713 -0.7671120473498692
		outer loop
			vertex -5.666695594787598 1.4633314609527603 -6.849827766418457
			vertex -5.831630706787109 1.4647876024246231 -6.71470308303833
			vertex -5.509862422943115 1.4641630649566666 -6.978671073913574
		endloop
	endfacet
	facet normal -0.49621860212483176 -0.619743858699292 -0.6080169804452751
		outer loop
			vertex -5.666695594787598 1.4633314609527603 -6.849827766418457
			vertex -5.509862422943115 1.4641630649566666 -6.978671073913574
			vertex -5.569099426269531 1.4638489484787003 -6.93000602722168
		endloop
	endfacet
	facet normal -0.4031956583168603 0.7579318322992706 -0.5128085400048483
		outer loop
			vertex -5.39007043838501 -0.8412330150604234 -6.705981731414795
			vertex -5.274796009063721 -0.8436545133590683 -6.800195217132568
			vertex -5.274791717529297 -0.8436548113822921 -6.800199031829834
		endloop
	endfacet
	facet normal 0.13629807872082136 0.9693421530322984 0.20444711808123206
		outer loop
			vertex -5.138738632202148 1.4719104766845719 -7.284491062164307
			vertex -5.018216609954834 1.4759629964828507 -7.3840532302856445
			vertex -5.018218040466309 1.4759629964828507 -7.384052276611328
		endloop
	endfacet
	facet normal -0.07084412721778947 -0.9894930731833557 -0.12603399446541372
		outer loop
			vertex -5.138738632202148 1.4719104766845719 -7.284491062164307
			vertex -5.2085394859313965 1.469563484191896 -7.226829528808594
			vertex -5.018216609954834 1.4759629964828507 -7.3840532302856445
		endloop
	endfacet
	facet normal -0.629483548617265 -0.12402134212620379 -0.7670522594435341
		outer loop
			vertex -5.2085394859313965 1.469563484191896 -7.226829528808594
			vertex -4.997603416442871 1.4769480228424088 -7.401128768920898
			vertex -5.018216609954834 1.4759629964828507 -7.3840532302856445
		endloop
	endfacet
	facet normal -0.6295393574710838 -0.12346489553903889 -0.767096224058253
		outer loop
			vertex -5.2085394859313965 1.469563484191896 -7.226829528808594
			vertex -5.509464263916016 1.4641652107238785 -6.978998184204102
			vertex -4.997603416442871 1.4769480228424088 -7.401128768920898
		endloop
	endfacet
	facet normal -0.6295401245442863 -0.1234567395529695 -0.7670969072077627
		outer loop
			vertex -5.509464263916016 1.4641652107238785 -6.978998184204102
			vertex -4.963919639587402 1.4785575866699234 -7.4290313720703125
			vertex -4.997603416442871 1.4769480228424088 -7.401128768920898
		endloop
	endfacet
	facet normal -0.6295410874975149 -0.12344659204686137 -0.7670977500061268
		outer loop
			vertex -5.509464263916016 1.4641652107238785 -6.978998184204102
			vertex -5.555702209472656 10.000000000000002 -8.314696311950682
			vertex -4.963919639587402 1.4785575866699234 -7.4290313720703125
		endloop
	endfacet
	facet normal -0.46779122797306405 -0.12344659232144477 -0.875175585740185
		outer loop
			vertex -4.963919639587402 1.4785575866699234 -7.4290313720703125
			vertex -5.555702209472656 10.000000000000002 -8.314696311950682
			vertex -4.409618377685547 1.4648941755294818 -7.723384380340576
		endloop
	endfacet
	facet normal -0.11836913279784475 -0.9769664437954 -0.17755369919676714
		outer loop
			vertex -4.963919639587402 1.4785575866699234 -7.4290313720703125
			vertex -4.409618377685547 1.4648941755294818 -7.723384380340576
			vertex -4.4096198081970215 1.4648941755294818 -7.72338342666626
		endloop
	endfacet
	facet normal -0.4677868333935162 -0.12355285147665951 -0.8751629399121362
		outer loop
			vertex -4.499516487121582 1.465867996215822 -7.675469875335693
			vertex -4.963919639587402 1.4785575866699234 -7.4290313720703125
			vertex -4.4096198081970215 1.4648941755294818 -7.72338342666626
		endloop
	endfacet
	facet normal 0.0003201724132380926 0.9998054932613006 -0.019719866484169832
		outer loop
			vertex -4.499516487121582 1.465867996215822 -7.675469875335693
			vertex -4.4096198081970215 1.4648941755294818 -7.72338342666626
			vertex -4.418413162231445 1.4649894237518328 -7.7186970710754395
		endloop
	endfacet
	facet normal -0.46779264643361984 -0.12339590354161444 -0.8751819758951729
		outer loop
			vertex -4.777322769165039 1.4719352722167987 -7.527835369110107
			vertex -4.963919639587402 1.4785575866699234 -7.4290313720703125
			vertex -4.499516487121582 1.465867996215822 -7.675469875335693
		endloop
	endfacet
	facet normal -0.467826367926632 -0.1225763826685705 -0.8752791097041354
		outer loop
			vertex -4.777322769165039 1.4719352722167987 -7.527835369110107
			vertex -4.499516487121582 1.465867996215822 -7.675469875335693
			vertex -4.529727935791016 1.466195225715639 -7.65936803817749
		endloop
	endfacet
	facet normal -0.46779043821879124 -0.1234465162627448 -0.8751760186006374
		outer loop
			vertex -5.555702209472656 10.000000000000002 -8.314696311950682
			vertex -4.043203353881836 1.4638950824737567 -7.919095993041992
			vertex -4.409618377685547 1.4648941755294818 -7.723384380340576
		endloop
	endfacet
	facet normal -0.4677937128163414 -0.12338853089178933 -0.8751824453757449
		outer loop
			vertex -4.043203353881836 1.4638950824737567 -7.919095993041992
			vertex -4.2830681800842285 1.4635235071182269 -7.790833473205566
			vertex -4.409618377685547 1.4648941755294818 -7.723384380340576
		endloop
	endfacet
	facet normal -0.4677910824213196 -0.12344661381238517 -0.8751756605078468
		outer loop
			vertex -5.555702209472656 10.000000000000002 -8.314696311950682
			vertex -3.8268344402313232 10.000000000000002 -9.238795280456541
			vertex -4.043203353881836 1.4638950824737567 -7.919095993041992
		endloop
	endfacet
	facet normal -0.46779133326194355 -0.12344658730368246 -0.8751755301698555
		outer loop
			vertex -4.043203353881836 1.4638950824737567 -7.919095993041992
			vertex -3.8268344402313232 10.000000000000002 -9.238795280456541
			vertex -3.4192121028900146 1.4786542654037493 -8.254708290100098
		endloop
	endfacet
	facet normal -0.2880642987578243 -0.12344658614350312 -0.9496209244486339
		outer loop
			vertex -3.4192121028900146 1.4786542654037493 -8.254708290100098
			vertex -3.8268344402313232 10.000000000000002 -9.238795280456541
			vertex -2.8181214332580566 1.464810013771059 -8.435247421264648
		endloop
	endfacet
	facet normal -0.2880668576389558 -0.12327191633427195 -0.9496428382151334
		outer loop
			vertex -3.4192121028900146 1.4786542654037493 -8.254708290100098
			vertex -2.8181214332580566 1.464810013771059 -8.435247421264648
			vertex -2.9793262481689453 1.4668790102005023 -8.386615753173828
		endloop
	endfacet
	facet normal -0.2880631724376997 -0.12360120619645852 -0.9496011533859408
		outer loop
			vertex -3.164438247680664 1.470951199531557 -8.330991744995117
			vertex -3.4192121028900146 1.4786542654037493 -8.254708290100098
			vertex -2.9793262481689453 1.4668790102005023 -8.386615753173828
		endloop
	endfacet
	facet normal -0.2880486699729308 -0.12451799009804856 -0.9494857733893478
		outer loop
			vertex -3.164438247680664 1.470951199531557 -8.330991744995117
			vertex -2.9793262481689453 1.4668790102005023 -8.386615753173828
			vertex -3.0154545307159424 1.4673427343368548 -8.375716209411621
		endloop
	endfacet
	facet normal -0.280309087125554 -0.18103051210548352 -0.9426848727765101
		outer loop
			vertex -2.917465925216675 -0.8546627163887006 -8.10359001159668
			vertex -3.058292865753174 -0.8682684302329999 -8.059102058410645
			vertex -2.9174814224243164 -0.8546635508537275 -8.103585243225098
		endloop
	endfacet
	facet normal -0.28808590448509575 -0.12326934278246653 -0.9496373943600701
		outer loop
			vertex -2.917465925216675 -0.8546627163887006 -8.10359001159668
			vertex -2.863459348678589 -0.8519040346145612 -8.120331764221191
			vertex -3.058292865753174 -0.8682684302329999 -8.059102058410645
		endloop
	endfacet
	facet normal -0.2881048562848499 -0.12310295108044557 -0.9496532289316829
		outer loop
			vertex -2.863459348678589 -0.8519040346145612 -8.120331764221191
			vertex -3.1760261058807373 -0.8796435594558698 -8.021909713745117
			vertex -3.058292865753174 -0.8682684302329999 -8.059102058410645
		endloop
	endfacet
	facet normal -0.3063297241435754 0.06546489433217596 -0.949671757880689
		outer loop
			vertex -3.1761014461517334 -0.8796502351760846 -8.021885871887207
			vertex -3.058292865753174 -0.8682684302329999 -8.059102058410645
			vertex -3.1760261058807373 -0.8796435594558698 -8.021909713745117
		endloop
	endfacet
	facet normal -0.28806331196439 -0.12358378143169425 -0.9496033789257229
		outer loop
			vertex -3.4192121028900146 1.4786542654037493 -8.254708290100098
			vertex -3.164438247680664 1.470951199531557 -8.330991744995117
			vertex -3.284245252609253 1.4738532304763812 -8.295025825500488
		endloop
	endfacet
	facet normal 0 -0.9974371189273648 -0.07154854146576338
		outer loop
			vertex -3.4192121028900146 1.4786542654037493 -8.254708290100098
			vertex -3.4345762729644775 1.4780591726303118 -8.24641227722168
			vertex -3.419212579727173 1.4786542654037493 -8.254708290100098
		endloop
	endfacet
	facet normal -0.0016983430499130578 0.9976552316060705 0.06841896286792605
		outer loop
			vertex -3.5067312717437744 1.4752643108367938 -8.207449913024902
			vertex -3.419212579727173 1.4786542654037493 -8.254708290100098
			vertex -3.4345762729644775 1.4780591726303118 -8.24641227722168
		endloop
	endfacet
	facet normal -0.11706237108133606 0.9822853598989655 -0.14632796385167007
		outer loop
			vertex -3.5067312717437744 1.4752643108367938 -8.207449913024902
			vertex -3.4345762729644775 1.4780591726303118 -8.24641227722168
			vertex -3.506730079650879 1.4752643108367938 -8.207450866699219
		endloop
	endfacet
	facet normal -0.4677696499844902 -0.12373044712450512 -0.8751470339364453
		outer loop
			vertex -3.5067312717437744 1.4752643108367938 -8.207449913024902
			vertex -4.043203353881836 1.4638950824737567 -7.919095993041992
			vertex -3.419212579727173 1.4786542654037493 -8.254708290100098
		endloop
	endfacet
	facet normal -0.2880653339655967 -0.12344667609803968 -0.9496205987275312
		outer loop
			vertex -2.8181214332580566 1.4648098945617694 -8.435247421264648
			vertex -3.8268344402313232 10.000000000000002 -9.238795280456541
			vertex -2.420158863067627 1.4641259908676167 -8.555879592895508
		endloop
	endfacet
	facet normal -0.2880199985191057 -0.12475291846218564 -0.9494636326833281
		outer loop
			vertex -2.8181214332580566 1.4648098945617694 -8.435247421264648
			vertex -2.420158863067627 1.4641259908676167 -8.555879592895508
			vertex -2.4713261127471924 1.463614821434023 -8.540290832519531
		endloop
	endfacet
	facet normal -0.28807721013054655 -0.12302114868945264 -0.9496722160716974
		outer loop
			vertex -2.7476961612701416 1.4639058113098162 -8.456493377685547
			vertex -2.8181214332580566 1.4648098945617694 -8.435247421264648
			vertex -2.4713261127471924 1.463614821434023 -8.540290832519531
		endloop
	endfacet
	facet normal -0.2882570824308388 -0.11776564906884296 -0.9502836978123189
		outer loop
			vertex -2.7476961612701416 1.4639058113098162 -8.456493377685547
			vertex -2.4713261127471924 1.463614821434023 -8.540290832519531
			vertex -2.480390787124634 1.4635242223739644 -8.537529945373535
		endloop
	endfacet
	facet normal -0.2880643258645406 -0.12344653589150181 -0.9496209227584427
		outer loop
			vertex -3.8268344402313232 10.000000000000002 -9.238795280456541
			vertex -1.9509031772613525 10.000000000000002 -9.80785274505615
			vertex -2.420158863067627 1.4641259908676167 -8.555879592895508
		endloop
	endfacet
	facet normal -0.28782767363999145 -0.12346962991370658 -0.9496896760394751
		outer loop
			vertex -1.9509031772613525 10.000000000000002 -9.80785274505615
			vertex -2.419184446334839 1.46413576602936 -8.55617618560791
			vertex -2.420158863067627 1.4641259908676167 -8.555879592895508
		endloop
	endfacet
	facet normal -0.28806393255621343 -0.12344660306095678 -0.9496210333353827
		outer loop
			vertex -2.419184446334839 1.46413576602936 -8.55617618560791
			vertex -1.9509031772613525 10.000000000000002 -9.80785274505615
			vertex -1.7430968284606934 1.4785587787628194 -8.763139724731445
		endloop
	endfacet
	facet normal -0.288067496256049 -0.123382878766107 -0.9496282340095832
		outer loop
			vertex -2.419184446334839 1.46413576602936 -8.55617618560791
			vertex -1.7430968284606934 1.4785587787628194 -8.763139724731445
			vertex -1.8977129459381104 1.4734851121902486 -8.715578079223633
		endloop
	endfacet
	facet normal -0.2880420999424019 -0.1238636420600476 -0.9495733498979382
		outer loop
			vertex -2.093195676803589 1.4687610864639302 -8.655664443969727
			vertex -2.419184446334839 1.46413576602936 -8.55617618560791
			vertex -1.8977129459381104 1.4734851121902486 -8.715578079223633
		endloop
	endfacet
	facet normal -0.2880858308196234 -0.12297642650059824 -0.9496753932824155
		outer loop
			vertex -2.2129857540130615 1.4661961793899556 -8.618993759155273
			vertex -2.419184446334839 1.46413576602936 -8.55617618560791
			vertex -2.093195676803589 1.4687610864639302 -8.655664443969727
		endloop
	endfacet
	facet normal -0.027651123072623063 -0.9919839071233172 -0.12330183859610928
		outer loop
			vertex -2.3597545623779297 1.4647295475006123 -8.574280738830566
			vertex -2.419184446334839 1.46413576602936 -8.55617618560791
			vertex -2.2129857540130615 1.4661961793899556 -8.618993759155273
		endloop
	endfacet
	facet normal 0.28236916773601656 -0.27945435961584475 0.9176997951420539
		outer loop
			vertex -2.3597545623779297 1.4647295475006123 -8.574280738830566
			vertex -2.2129857540130615 1.4661961793899556 -8.618993759155273
			vertex -2.21298885345459 1.4661961793899556 -8.618992805480957
		endloop
	endfacet
	facet normal -0.09726736722318673 -0.12344659683167737 -0.987572780611205
		outer loop
			vertex -1.7430968284606934 1.4785587787628194 -8.763139724731445
			vertex -1.9509031772613525 10.000000000000002 -9.80785274505615
			vertex -1.118309736251831 1.4645336866378804 -8.822922706604004
		endloop
	endfacet
	facet normal -0.09726529160503174 -0.12324699793249627 -0.9875979144113334
		outer loop
			vertex -1.7430968284606934 1.4785587787628194 -8.763139724731445
			vertex -1.118309736251831 1.4645336866378804 -8.822922706604004
			vertex -1.3655049800872803 1.4682633876800557 -8.799042701721191
		endloop
	endfacet
	facet normal -0.09727968580031589 -0.12419328770754193 -0.9874779440670984
		outer loop
			vertex -1.5487228631973267 1.4727308750152608 -8.78155517578125
			vertex -1.7430968284606934 1.4785587787628194 -8.763139724731445
			vertex -1.3655049800872803 1.4682633876800557 -8.799042701721191
		endloop
	endfacet
	facet normal -0.09727981051158162 -0.12420345700171567 -0.9874766527547139
		outer loop
			vertex -1.5487228631973267 1.4727308750152608 -8.78155517578125
			vertex -1.3655049800872803 1.4682633876800557 -8.799042701721191
			vertex -1.3932123184204102 1.4686814546585103 -8.796365737915039
		endloop
	endfacet
	facet normal 0.06315668092590644 -0.9473502138885966 -0.313908913380384
		outer loop
			vertex -1.3478155136108398 -0.8598029613494854 -8.50977611541748
			vertex -1.494309663772583 -0.8749786019325237 -8.493451118469238
			vertex -1.3478208780288696 -0.8598033189773541 -8.50977611541748
		endloop
	endfacet
	facet normal -0.09729820444880963 -0.1231604369825539 -0.9876054709109828
		outer loop
			vertex -1.3478155136108398 -0.8598029613494854 -8.50977611541748
			vertex -1.3121955394744873 -0.8576672077178936 -8.513551712036133
			vertex -1.494309663772583 -0.8749786019325237 -8.493451118469238
		endloop
	endfacet
	facet normal -0.09727628445991592 -0.12336403487348367 -0.987582219048828
		outer loop
			vertex -1.3121955394744873 -0.8576672077178936 -8.513551712036133
			vertex -1.6175583600997925 -0.8877463936805706 -8.479716300964355
			vertex -1.494309663772583 -0.8749786019325237 -8.493451118469238
		endloop
	endfacet
	facet normal -0.1421378247624095 0.875740428013693 -0.4613843750217433
		outer loop
			vertex -1.6175973415374756 -0.8877502083778362 -8.479711532592773
			vertex -1.494309663772583 -0.8749786019325237 -8.493451118469238
			vertex -1.6175583600997925 -0.8877463936805706 -8.479716300964355
		endloop
	endfacet
	facet normal -0.09724703372433648 -0.12237807175724866 -0.9877077614278404
		outer loop
			vertex -1.7430968284606934 1.4785587787628194 -8.763139724731445
			vertex -1.5487228631973267 1.4727308750152608 -8.78155517578125
			vertex -1.6729207038879395 1.4759650230407735 -8.76972770690918
		endloop
	endfacet
	facet normal -0.09726870377759496 -0.12344671037800874 -0.9875726347779563
		outer loop
			vertex -1.118309736251831 1.4645336866378804 -8.822922706604004
			vertex -1.9509031772613525 10.000000000000002 -9.80785274505615
			vertex -0.7048513293266296 1.4642378091812154 -8.863608360290527
		endloop
	endfacet
	facet normal -0.09726396086774004 -0.12385934261893314 -0.9875214352925838
		outer loop
			vertex -1.118309736251831 1.4645336866378804 -8.822922706604004
			vertex -0.7048513293266296 1.4642378091812154 -8.863608360290527
			vertex -0.8354716897010803 1.4633415937423726 -8.850630760192871
		endloop
	endfacet
	facet normal -0.09724697399179316 -0.12595651540669978 -0.9872578094277308
		outer loop
			vertex -1.1146659851074219 1.4644787311553975 -8.823274612426758
			vertex -1.118309736251831 1.4645336866378804 -8.822922706604004
			vertex -0.8354716897010803 1.4633415937423726 -8.850630760192871
		endloop
	endfacet
	facet normal -0.09723786847614396 -0.1270403163647545 -0.9871198280614969
		outer loop
			vertex -1.1146659851074219 1.4644787311553975 -8.823274612426758
			vertex -0.8354716897010803 1.4633415937423726 -8.850630760192871
			vertex -0.8366230130195618 1.4633336067199727 -8.850516319274902
		endloop
	endfacet
	facet normal 0.0032902373158693273 -0.9993500674154756 -0.035897313201547425
		outer loop
			vertex -0.7048513293266296 1.4642378091812154 -8.863608360290527
			vertex -0.7110147476196289 1.4641954898834248 -8.862995147705078
			vertex -0.8354716897010803 1.4633415937423726 -8.850630760192871
		endloop
	endfacet
	facet normal -0.0972674608063726 -0.12344654476166304 -0.9875727779028174
		outer loop
			vertex -1.9509031772613525 10.000000000000002 -9.80785274505615
			vertex 1.2246467996456087e-15 10.000000000000002 -9.999999999999998
			vertex -0.7048513293266296 1.4642378091812154 -8.863608360290527
		endloop
	endfacet
	facet normal -0.096733069643498 -0.12349682368322151 -0.9876189790488545
		outer loop
			vertex 1.2246467996456087e-15 10.000000000000002 -9.999999999999998
			vertex -0.7034903168678284 1.4642471075058003 -8.86374282836914
			vertex -0.7048513293266296 1.4642378091812154 -8.863608360290527
		endloop
	endfacet
	facet normal -0.09726784087991767 -0.1234465935235669 -0.9875727343735177
		outer loop
			vertex -0.7034903168678284 1.4642471075058003 -8.86374282836914
			vertex 1.2246467996456087e-15 10.000000000000002 -9.999999999999998
			vertex 1.0764346686009457e-15 1.4782716035842915 -8.934783935546875
		endloop
	endfacet
	facet normal -0.0972749853289948 -0.12322489882762136 -0.9875997172631058
		outer loop
			vertex -0.7034903168678284 1.4642471075058003 -8.86374282836914
			vertex 1.0764346686009457e-15 1.4782716035842915 -8.934783935546875
			vertex -0.2320355474948883 1.4715901613235494 -8.91109561920166
		endloop
	endfacet
	facet normal -0.09727550881360453 -0.12320608947689105 -0.9876020124021957
		outer loop
			vertex -0.5585764646530151 1.465241789817812 -8.878140449523926
			vertex -0.7034903168678284 1.4642471075058003 -8.86374282836914
			vertex -0.2320355474948883 1.4715901613235494 -8.91109561920166
		endloop
	endfacet
	facet normal -0.09725624920269096 -0.12381273955284791 -0.9875280388502612
		outer loop
			vertex -0.5585764646530151 1.465241789817812 -8.878140449523926
			vertex -0.2320355474948883 1.4715901613235494 -8.91109561920166
			vertex -0.27988988161087036 1.4702122211456319 -8.906209945678711
		endloop
	endfacet
	facet normal 0.09726721026199574 -0.12344660116793711 -0.9875727955284781
		outer loop
			vertex 1.5815314264769993e-15 1.4782716035842915 -8.934783935546875
			vertex 1.3870921546985777e-15 10.000000000000002 -9.999999999999998
			vertex 0.6244263648986816 1.4647899866104146 -8.871598243713379
		endloop
	endfacet
	facet normal 0.09728065751462714 -0.12304970256928509 -0.9876210023947104
		outer loop
			vertex 1.5815314264769993e-15 1.4782716035842915 -8.934783935546875
			vertex 0.6244263648986816 1.4647899866104146 -8.871598243713379
			vertex 0.5789477825164795 1.465101957321169 -8.876116752624512
		endloop
	endfacet
	facet normal 0.09726645847332677 -0.12345487653396989 -0.9875718351168379
		outer loop
			vertex 0.27988988161087036 1.4702122211456319 -8.906209945678711
			vertex 1.5815314264769993e-15 1.4782716035842915 -8.934783935546875
			vertex 0.5789477825164795 1.465101957321169 -8.876116752624512
		endloop
	endfacet
	facet normal 0.09727318247743556 -0.12322588999161059 -0.9875997711656717
		outer loop
			vertex 0.27988988161087036 1.4702122211456319 -8.906209945678711
			vertex 0.5789477825164795 1.465101957321169 -8.876116752624512
			vertex 0.5585689544677734 1.465241789817812 -8.878141403198242
		endloop
	endfacet
	facet normal 0.09726701397105623 -0.12344661780926866 -0.9875728127812182
		outer loop
			vertex 0.6244263648986816 1.4647899866104146 -8.871598243713379
			vertex 1.4412405357968217e-15 10.000000000000002 -9.999999999999998
			vertex 1.038611888885498 1.4641653299331685 -8.830726623535156
		endloop
	endfacet
	facet normal 0.06923587223061917 0.719894924490611 -0.6906212360542666
		outer loop
			vertex 0.6244263648986816 1.4647899866104146 -8.871598243713379
			vertex 1.038611888885498 1.4641653299331685 -8.830726623535156
			vertex 1.038584589958191 1.464165210723879 -8.830729484558105
		endloop
	endfacet
	facet normal 0.09726384693020343 -0.12364522274459297 -0.9875482788060431
		outer loop
			vertex 0.8366454243659973 1.4633337259292623 -8.85051441192627
			vertex 0.6244263648986816 1.4647899866104146 -8.871598243713379
			vertex 1.038584589958191 1.464165210723879 -8.830729484558105
		endloop
	endfacet
	facet normal 0.07521976843855287 -0.6687854742740842 -0.7396404368583689
		outer loop
			vertex 0.8366454243659973 1.4633337259292623 -8.85051441192627
			vertex 1.038584589958191 1.464165210723879 -8.830729484558105
			vertex 0.9623281359672546 1.4638510942459126 -8.838200569152832
		endloop
	endfacet
	facet normal 0.09726746063946612 -0.12344655845022388 -0.9875727762081868
		outer loop
			vertex 1.4412405357968217e-15 10.000000000000002 -9.999999999999998
			vertex 1.9509031772613525 10.000000000000002 -9.80785274505615
			vertex 1.038611888885498 1.4641653299331685 -8.830726623535156
		endloop
	endfacet
	facet normal 0.09702527625251042 -0.1234237280714907 -0.987599452772762
		outer loop
			vertex 1.9509031772613525 10.000000000000002 -9.80785274505615
			vertex 1.0391192436218262 1.4641673564910909 -8.830677032470703
			vertex 1.038611888885498 1.4641653299331685 -8.830726623535156
		endloop
	endfacet
	facet normal 0.09726811683288376 -0.12344660592111897 -0.9875727056446734
		outer loop
			vertex 1.0391192436218262 1.4641673564910909 -8.830677032470703
			vertex 1.9509031772613525 10.000000000000002 -9.80785274505615
			vertex 1.7430968284606934 1.4785587787628194 -8.763139724731445
		endloop
	endfacet
	facet normal 0.09726579041306921 -0.12316916814501634 -0.9876075749171762
		outer loop
			vertex 1.0391192436218262 1.4641673564910909 -8.830677032470703
			vertex 1.7430968284606934 1.4785587787628194 -8.763139724731445
			vertex 1.6995664834976196 1.476949930191042 -8.767226219177246
		endloop
	endfacet
	facet normal 0.09726722644760291 -0.1233660462763685 -0.9875828599592683
		outer loop
			vertex 1.4271537065505981 1.4695652723312398 -8.793133735656738
			vertex 1.0391192436218262 1.4641673564910909 -8.830677032470703
			vertex 1.6995664834976196 1.476949930191042 -8.767226219177246
		endloop
	endfacet
	facet normal 0.09728040697347488 -0.124242152435684 -0.9874717261659817
		outer loop
			vertex 1.4271537065505981 1.4695652723312398 -8.793133735656738
			vertex 1.6995664834976196 1.476949930191042 -8.767226219177246
			vertex 1.6729265451431274 1.4759652614593526 -8.769726753234863
		endloop
	endfacet
	facet normal 0.09726741470770424 -0.12347049010749005 -0.987569788981364
		outer loop
			vertex 1.2398279905319214 1.466367244720461 -8.81118392944336
			vertex 1.0391192436218262 1.4641673564910909 -8.830677032470703
			vertex 1.4271537065505981 1.4695652723312398 -8.793133735656738
		endloop
	endfacet
	facet normal 0.09726745034735979 -0.12344000926803167 -0.9875735958473334
		outer loop
			vertex 1.1146429777145386 1.4644783735275289 -8.823277473449707
			vertex 1.0391192436218262 1.4641673564910909 -8.830677032470703
			vertex 1.2398279905319214 1.466367244720461 -8.81118392944336
		endloop
	endfacet
	facet normal 0.28806418684188867 -0.12344659985630557 -0.9496209566153427
		outer loop
			vertex 1.7430968284606934 1.4785587787628194 -8.763139724731445
			vertex 1.9509031772613525 10.000000000000002 -9.80785274505615
			vertex 2.343186140060425 1.464895248413088 -8.579328536987305
		endloop
	endfacet
	facet normal 0.2880450106823749 -0.12378116434391517 -0.9495832218266366
		outer loop
			vertex 1.7430968284606934 1.4785587787628194 -8.763139724731445
			vertex 2.343186140060425 1.464895248413088 -8.579328536987305
			vertex 2.2457528114318848 1.4658687114715596 -8.609010696411133
		endloop
	endfacet
	facet normal 0.28808058798779773 -0.12318399695399175 -0.9496500817243391
		outer loop
			vertex 2.0648107528686523 1.4693690538406392 -8.66435432434082
			vertex 1.7430968284606934 1.4785587787628194 -8.763139724731445
			vertex 2.2457528114318848 1.4658687114715596 -8.609010696411133
		endloop
	endfacet
	facet normal 0.2881231863151578 -0.12239353941013988 -0.9497393595183151
		outer loop
			vertex 2.0648107528686523 1.4693690538406392 -8.66435432434082
			vertex 2.2457528114318848 1.4658687114715596 -8.609010696411133
			vertex 2.213009834289551 1.4661959409713765 -8.618986129760742
		endloop
	endfacet
	facet normal 0.20783607358785405 0.7513116100955681 -0.6263665309155567
		outer loop
			vertex 2.0648107528686523 1.4693690538406392 -8.66435432434082
			vertex 2.213009834289551 1.4661959409713765 -8.618986129760742
			vertex 2.21298885345459 1.4661961793899556 -8.618992805480957
		endloop
	endfacet
	facet normal 0.2880538875438686 -0.12332793056926554 -0.9496394997115309
		outer loop
			vertex 1.68514883518219 -0.8976954221725445 -8.47181510925293
			vertex 1.8811314105987549 -0.8722941875457745 -8.415666580200195
			vertex 1.9992831945419312 -0.862286150455473 -8.38112735748291
		endloop
	endfacet
	facet normal 0.2880692628590092 -0.12353399531768106 -0.9496080516701185
		outer loop
			vertex 1.9992831945419312 -0.862286150455473 -8.38112735748291
			vertex 2.141258955001831 -0.8502610921859722 -8.339622497558594
			vertex 2.2032628059387207 -0.8478058576583843 -8.32113265991211
		endloop
	endfacet
	facet normal 0.11042275324539148 0.9493096908322115 -0.29430923610678383
		outer loop
			vertex 1.9449231624603271 1.4719359874725362 -8.701055526733398
			vertex 1.9449063539505005 1.4719364643096944 -8.70106029510498
			vertex 2.0648107528686523 1.4693690538406392 -8.66435432434082
		endloop
	endfacet
	facet normal 0.2880398596685401 -0.12383393550653325 -0.9495779039442165
		outer loop
			vertex 1.7430968284606934 1.4785587787628194 -8.763139724731445
			vertex 2.0648107528686523 1.4693690538406392 -8.66435432434082
			vertex 1.9449063539505005 1.4719364643096944 -8.70106029510498
		endloop
	endfacet
	facet normal 0.2880646281944854 -0.12344656102698656 -0.9496208277801113
		outer loop
			vertex 2.343186140060425 1.464895248413088 -8.579328536987305
			vertex 1.9509031772613525 10.000000000000002 -9.80785274505615
			vertex 2.741318464279175 1.4638966321945208 -8.458426475524902
		endloop
	endfacet
	facet normal 0.056729933183517385 0.9822669080260993 -0.17869928952807976
		outer loop
			vertex 2.343186140060425 1.464895248413088 -8.579328536987305
			vertex 2.741318464279175 1.4638966321945208 -8.458426475524902
			vertex 2.7413034439086914 1.4638966321945208 -8.458431243896484
		endloop
	endfacet
	facet normal 0.2880663128266489 -0.1233906838376314 -0.9496275788731818
		outer loop
			vertex 2.343186140060425 1.464895248413088 -8.579328536987305
			vertex 2.7413034439086914 1.4638966321945208 -8.458431243896484
			vertex 2.6013073921203613 1.463696837425234 -8.500872611999512
		endloop
	endfacet
	facet normal 0.28806432344127175 -0.12344660299789736 -0.9496209147699949
		outer loop
			vertex 1.9509031772613525 10.000000000000002 -9.80785274505615
			vertex 3.8268344402313232 10.000000000000002 -9.238795280456541
			vertex 2.741318464279175 1.4638966321945208 -8.458426475524902
		endloop
	endfacet
	facet normal 0.2877247160322003 -0.12341322440338878 -0.9497282052390298
		outer loop
			vertex 3.8268344402313232 10.000000000000002 -9.238795280456541
			vertex 2.741973638534546 1.4638975858688372 -8.45822811126709
			vertex 2.741318464279175 1.4638966321945208 -8.458426475524902
		endloop
	endfacet
	facet normal 0.2880644599017953 -0.12344658817618909 -0.9496208753018994
		outer loop
			vertex 2.741973638534546 1.4638975858688372 -8.45822811126709
			vertex 3.8268344402313232 10.000000000000002 -9.238795280456541
			vertex 3.4192121028900146 1.4786542654037493 -8.254708290100098
		endloop
	endfacet
	facet normal 0.28806641292743573 -0.12332897603119806 -0.9496355645268434
		outer loop
			vertex 3.323730945587158 1.475257873535158 -8.283230781555176
			vertex 2.741973638534546 1.4638975858688372 -8.45822811126709
			vertex 3.4192118644714355 1.4786542654037493 -8.254708290100098
		endloop
	endfacet
	facet normal 0.0798775891789901 -0.985446251353755 -0.15005084618150094
		outer loop
			vertex 3.323730945587158 1.475257873535158 -8.283230781555176
			vertex 3.4192118644714355 1.4786542654037493 -8.254708290100098
			vertex 3.4025042057037354 1.4780598878860491 -8.259698867797852
		endloop
	endfacet
	facet normal 0.2880582422243087 -0.12378362078538892 -0.9495788878823606
		outer loop
			vertex 3.135159492492676 1.4702422618865985 -8.339780807495117
			vertex 2.741973638534546 1.4638975858688372 -8.45822811126709
			vertex 3.323730945587158 1.475257873535158 -8.283230781555176
		endloop
	endfacet
	facet normal 0.28806312246547167 -0.12335512737326558 -0.9496331660310566
		outer loop
			vertex 3.135159492492676 1.4702422618865985 -8.339780807495117
			vertex 3.323730945587158 1.475257873535158 -8.283230781555176
			vertex 3.284261703491211 1.473853826522829 -8.295021057128906
		endloop
	endfacet
	facet normal 0.2364027089769004 -0.6339650577121608 -0.7363437137562863
		outer loop
			vertex 3.135159492492676 1.4702422618865985 -8.339780807495117
			vertex 3.284261703491211 1.473853826522829 -8.295021057128906
			vertex 3.284245252609253 1.4738532304763812 -8.295025825500488
		endloop
	endfacet
	facet normal 0.2880771399737559 -0.12288645429407284 -0.9496896760392691
		outer loop
			vertex 2.741973638534546 1.4638975858688372 -8.45822811126709
			vertex 3.135159492492676 1.4702422618865985 -8.339780807495117
			vertex 3.0187950134277344 1.4674237966537493 -8.374713897705078
		endloop
	endfacet
	facet normal 0.27349832821957365 0.24307186341505585 -0.9306528534727816
		outer loop
			vertex 3.018807888031006 1.4674239158630389 -8.374710083007812
			vertex 3.0187950134277344 1.4674237966537493 -8.374713897705078
			vertex 3.135159492492676 1.4702422618865985 -8.339780807495117
		endloop
	endfacet
	facet normal 0.4677913019333804 -0.12344658773194059 -0.8751755468549228
		outer loop
			vertex 3.4192121028900146 1.4786542654037493 -8.254708290100098
			vertex 3.8268344402313232 10.000000000000002 -9.238795280456541
			vertex 3.9719080924987793 1.464809179306032 -7.957333087921143
		endloop
	endfacet
	facet normal 0.2651261872976935 -0.8053201376129507 -0.530252374595387
		outer loop
			vertex 3.4192121028900146 1.4786542654037493 -8.254708290100098
			vertex 3.9719080924987793 1.464809179306032 -7.957333087921143
			vertex 3.971907138824463 1.464809179306032 -7.957333564758301
		endloop
	endfacet
	facet normal 0.4678039631775383 -0.12328552208303839 -0.8751914830939005
		outer loop
			vertex 3.823544502258301 1.4668780565261859 -8.036927223205566
			vertex 3.4192121028900146 1.4786542654037493 -8.254708290100098
			vertex 3.971907138824463 1.464809179306032 -7.957333564758301
		endloop
	endfacet
	facet normal -0.46917469058884714 -0.1474457233514551 0.8707094052416258
		outer loop
			vertex 3.823544502258301 1.4668780565261859 -8.036927223205566
			vertex 3.971907138824463 1.464809179306032 -7.957333564758301
			vertex 3.9013495445251465 1.4657931327819842 -7.9951863288879395
		endloop
	endfacet
	facet normal 0.4677849329822548 -0.12351878208207233 -0.8751687648378162
		outer loop
			vertex 3.543177843093872 1.4738526344299334 -8.187769889831543
			vertex 3.4192121028900146 1.4786542654037493 -8.254708290100098
			vertex 3.823544502258301 1.4668780565261859 -8.036927223205566
		endloop
	endfacet
	facet normal 0.46779154717390065 -0.12344656437738959 -0.875175419065268
		outer loop
			vertex 3.8268344402313232 10.000000000000002 -9.238795280456541
			vertex 4.338676452636719 1.464125871658327 -7.761194705963135
			vertex 3.9719080924987793 1.464809179306032 -7.957333087921143
		endloop
	endfacet
	facet normal 0.46778393239284377 -0.12357317615274642 -0.8751616209195933
		outer loop
			vertex 4.338676452636719 1.464125871658327 -7.761194705963135
			vertex 4.028224945068359 1.464023947715761 -7.927120208740234
			vertex 3.9719080924987793 1.464809179306032 -7.957333087921143
		endloop
	endfacet
	facet normal 0.4677739351620488 -0.12374411616287229 -0.8751428108018033
		outer loop
			vertex 4.338676452636719 1.464125871658327 -7.761194705963135
			vertex 4.148182392120361 1.4637323617935198 -7.862960338592529
			vertex 4.028224945068359 1.464023947715761 -7.927120208740234
		endloop
	endfacet
	facet normal 0.46780823587559583 -0.12314242810933426 -0.8752093445835119
		outer loop
			vertex 4.338676452636719 1.464125871658327 -7.761194705963135
			vertex 4.283064842224121 1.4635233879089373 -7.790834903717041
			vertex 4.148182392120361 1.4637323617935198 -7.862960338592529
		endloop
	endfacet
	facet normal 0.4677910812532018 -0.12344663373224787 -0.8751756583224518
		outer loop
			vertex 3.8268344402313232 10.000000000000002 -9.238795280456541
			vertex 5.555702209472656 10.000000000000002 -8.314696311950682
			vertex 4.338676452636719 1.464125871658327 -7.761194705963135
		endloop
	endfacet
	facet normal 0.46779061561591584 -0.1234465839371226 -0.875175914234354
		outer loop
			vertex 4.338676452636719 1.464125871658327 -7.761194705963135
			vertex 5.555702209472656 10.000000000000002 -8.314696311950682
			vertex 4.963919639587402 1.4785575866699234 -7.4290313720703125
		endloop
	endfacet
	facet normal 0.6295407853333446 -0.12344659675734107 -0.7670979972278028
		outer loop
			vertex 4.963919639587402 1.4785575866699234 -7.4290313720703125
			vertex 5.555702209472656 10.000000000000002 -8.314696311950682
			vertex 5.447984218597412 1.4645317792892472 -7.029512882232666
		endloop
	endfacet
	facet normal 0.6295223731626085 -0.12363735455746569 -0.7670823855660805
		outer loop
			vertex 4.963919639587402 1.4785575866699234 -7.4290313720703125
			vertex 5.447984218597412 1.4645317792892472 -7.029512882232666
			vertex 5.2563347816467285 1.4682608842849747 -7.187395095825195
		endloop
	endfacet
	facet normal 0.6295463193240649 -0.12339854115516193 -0.7671011875015581
		outer loop
			vertex 5.114403247833252 1.472728848457338 -7.30459451675415
			vertex 4.963919639587402 1.4785575866699234 -7.4290313720703125
			vertex 5.2563347816467285 1.4682608842849747 -7.187395095825195
		endloop
	endfacet
	facet normal 0.6296172440787945 -0.1226726246689325 -0.7671594052838425
		outer loop
			vertex 5.114403247833252 1.472728848457338 -7.30459451675415
			vertex 5.2563347816467285 1.4682608842849747 -7.187395095825195
			vertex 5.234847068786621 1.4686790704727188 -7.205097198486328
		endloop
	endfacet
	facet normal 0.4426907358256574 -0.6968818895566418 -0.5642521993063943
		outer loop
			vertex 5.114403247833252 1.472728848457338 -7.30459451675415
			vertex 5.234847068786621 1.4686790704727188 -7.205097198486328
			vertex 5.234837532043457 1.4686791896820084 -7.205104827880859
		endloop
	endfacet
	facet normal 0.5149716980899285 0.6137753228058205 -0.598401205948807
		outer loop
			vertex 5.018218040466309 1.4759629964828507 -7.384052276611328
			vertex 5.018210411071777 1.4759633541107193 -7.384058475494385
			vertex 5.114403247833252 1.472728848457338 -7.30459451675415
		endloop
	endfacet
	facet normal 0.6295293429053941 -0.12356437251161162 -0.7670884253245611
		outer loop
			vertex 4.963919639587402 1.4785575866699234 -7.4290313720703125
			vertex 5.114403247833252 1.472728848457338 -7.30459451675415
			vertex 5.018210411071777 1.4759633541107193 -7.384058475494385
		endloop
	endfacet
	facet normal 0.6323541358915967 0.12414595150964466 -0.7646672672114044
		outer loop
			vertex 5.447984218597412 1.4645317792892472 -7.029512882232666
			vertex 5.331968784332275 1.4667891263961808 -7.125087261199951
			vertex 5.2563347816467285 1.4682608842849747 -7.187395095825195
		endloop
	endfacet
	facet normal 0.6295410611350938 -0.12344656688123318 -0.7670977756910375
		outer loop
			vertex 5.447984218597412 1.4645317792892472 -7.029512882232666
			vertex 5.555702209472656 10.000000000000002 -8.314696311950682
			vertex 5.770168781280518 1.464244961738588 -6.765056610107422
		endloop
	endfacet
	facet normal 0.628651402200852 -0.13417256790919965 -0.7660255456129084
		outer loop
			vertex 5.4501471519470215 1.4644896984100357 -7.027730464935303
			vertex 5.447984218597412 1.4645317792892472 -7.029512882232666
			vertex 5.770168781280518 1.464244961738588 -6.765056610107422
		endloop
	endfacet
	facet normal 0.6295557602684617 -0.12325093111260359 -0.7671171701198426
		outer loop
			vertex 5.6666998863220215 1.4633314609527603 -6.84982442855835
			vertex 5.4501471519470215 1.4644896984100357 -7.027730464935303
			vertex 5.770168781280518 1.464244961738588 -6.765056610107422
		endloop
	endfacet
	facet normal 0.6312815186662466 -0.1000973237673063 -0.7690670776759727
		outer loop
			vertex 5.6666998863220215 1.4633314609527603 -6.84982442855835
			vertex 5.450840950012207 1.4644762277603165 -7.027159214019775
			vertex 5.4501471519470215 1.4644896984100357 -7.027730464935303
		endloop
	endfacet
	facet normal 0.04446185545052657 -0.9971739493925853 -0.06055789017700464
		outer loop
			vertex 5.6666998863220215 1.4633314609527603 -6.84982442855835
			vertex 5.548458576202393 1.4639585018157975 -6.946962833404541
			vertex 5.450840950012207 1.4644762277603165 -7.027159214019775
		endloop
	endfacet
	facet normal 0.629540976961501 -0.12344658112128423 -0.7670978424789274
		outer loop
			vertex 5.555702209472656 10.000000000000002 -8.314696311950682
			vertex 7.071067810058594 10.000000000000002 -7.071067810058592
			vertex 5.770168781280518 1.464244961738588 -6.765056610107422
		endloop
	endfacet
	facet normal 0.6295414818141438 -0.12344664285396452 -0.7670974182223127
		outer loop
			vertex 5.770168781280518 1.464244961738588 -6.765056610107422
			vertex 7.071067810058594 10.000000000000002 -7.071067810058592
			vertex 6.317845821380615 1.4782686233520521 -6.317845821380615
		endloop
	endfacet
	facet normal 0.6295488045546618 -0.1233309801752582 -0.7671100129791074
		outer loop
			vertex 5.770168781280518 1.464244961738588 -6.765056610107422
			vertex 6.317845821380615 1.4782686233520521 -6.317845821380615
			vertex 6.137040138244629 1.4715880155563368 -6.465154647827148
		endloop
	endfacet
	facet normal -0.42981398748940214 0.7562818889961842 0.49325210646770046
		outer loop
			vertex 6.317845821380615 1.4782686233520521 -6.317845821380615
			vertex 6.196093559265137 1.4737700223922743 -6.417041778564453
			vertex 6.137040138244629 1.4715880155563368 -6.465154647827148
		endloop
	endfacet
	facet normal -0.31635617263410615 0.8823962550257037 0.34827520892666625
		outer loop
			vertex 6.137042045593262 1.4715881347656263 -6.465153217315674
			vertex 6.137040138244629 1.4715880155563368 -6.465154647827148
			vertex 6.196093559265137 1.4737700223922743 -6.417041778564453
		endloop
	endfacet
	facet normal 0.7670974582667098 -0.12344664209376204 -0.6295414331690395
		outer loop
			vertex 7.071067810058594 10.000000000000002 -7.071067810058592
			vertex 6.71470308303833 1.4647861719131483 -5.831630706787109
			vertex 6.317845821380615 1.4782686233520521 -6.317845821380615
		endloop
	endfacet
	facet normal 0.5533336261113495 0.7122447196619277 -0.4318904462108039
		outer loop
			vertex 6.71470308303833 1.4647861719131483 -5.831630706787109
			vertex 6.317854404449463 1.4782680273056044 -6.317835807800293
			vertex 6.317845821380615 1.4782686233520521 -6.317845821380615
		endloop
	endfacet
	facet normal 0.7670853549700876 -0.12355987606380338 -0.6295339666908469
		outer loop
			vertex 6.71470308303833 1.4647861719131483 -5.831630706787109
			vertex 6.4955668449401855 1.4702087640762342 -6.099711894989014
			vertex 6.317854404449463 1.4782680273056044 -6.317835807800293
		endloop
	endfacet
	facet normal 0.4554838648962704 -0.795081847555627 -0.40047384996612106
		outer loop
			vertex 6.4955668449401855 1.4702087640762342 -6.099711894989014
			vertex 6.317859649658203 1.4782676696777357 -6.317829132080078
			vertex 6.317854404449463 1.4782680273056044 -6.317835807800293
		endloop
	endfacet
	facet normal 0.7670792949805411 -0.12361685103681481 -0.6295301655615068
		outer loop
			vertex 6.71470308303833 1.4647861719131483 -5.831630706787109
			vertex 6.6727776527404785 1.4652379751205458 -5.882805347442627
			vertex 6.4955668449401855 1.4702087640762342 -6.099711894989014
		endloop
	endfacet
	facet normal 0.7670979020366857 -0.12344658376064031 -0.6295409038726101
		outer loop
			vertex 6.71470308303833 1.4647861719131483 -5.831630706787109
			vertex 7.071067810058594 10.000000000000002 -7.071067810058592
			vertex 6.975263595581055 1.4641394615173353 -5.514009952545166
		endloop
	endfacet
	facet normal 0.7670643355658595 -0.12379152184911316 -0.6295140699151902
		outer loop
			vertex 6.71470308303833 1.4647861719131483 -5.831630706787109
			vertex 6.975263595581055 1.4641394615173353 -5.514009952545166
			vertex 6.849853992462158 1.463330149650575 -5.666662693023682
		endloop
	endfacet
	facet normal -0.7408331856297791 -0.2931456171299076 0.6043441389036208
		outer loop
			vertex 6.71470308303833 1.4647861719131483 -5.831630706787109
			vertex 6.849853992462158 1.463330149650575 -5.666662693023682
			vertex 6.7527923583984375 1.4643758535385145 -5.785138130187988
		endloop
	endfacet
	facet normal 0.767097841029771 -0.1234465961913865 -0.6295409757722089
		outer loop
			vertex 7.071067810058594 10.000000000000002 -7.071067810058592
			vertex 8.314696311950684 10.000000000000002 -5.5557022094726545
			vertex 6.975263595581055 1.4641394615173353 -5.514009952545166
		endloop
	endfacet
	facet normal 0.7673329403744472 -0.12348205384581606 -0.6292474401968786
		outer loop
			vertex 8.314696311950684 10.000000000000002 -5.5557022094726545
			vertex 6.975578308105469 1.4641414880752577 -5.513626575469971
			vertex 6.975263595581055 1.4641394615173353 -5.514009952545166
		endloop
	endfacet
	facet normal 0.7670976292579184 -0.12344658609338259 -0.6295412357969656
		outer loop
			vertex 8.314696311950684 10.000000000000002 -5.5557022094726545
			vertex 7.429030895233154 1.4785543680191051 -4.963919639587402
			vertex 6.975578308105469 1.4641414880752577 -5.513626575469971
		endloop
	endfacet
	facet normal 0.7671196349371706 -0.12318154242075162 -0.6295663374901066
		outer loop
			vertex 7.429030895233154 1.4785543680191051 -4.963919639587402
			vertex 7.007997989654541 1.464350700378419 -5.4741644859313965
			vertex 6.975578308105469 1.4641414880752577 -5.513626575469971
		endloop
	endfacet
	facet normal 0.7670977171275747 -0.12344810116552447 -0.6295408316354786
		outer loop
			vertex 7.429030895233154 1.4785543680191051 -4.963919639587402
			vertex 7.184496879577637 1.4681903123855602 -5.259852886199951
			vertex 7.007997989654541 1.464350700378419 -5.4741644859313965
		endloop
	endfacet
	facet normal 0.7670888116425045 -0.12355011917898205 -0.6295316696590807
		outer loop
			vertex 7.184496879577637 1.4681903123855602 -5.259852886199951
			vertex 7.027182102203369 1.4644745588302623 -5.450812816619873
			vertex 7.007997989654541 1.464350700378419 -5.4741644859313965
		endloop
	endfacet
	facet normal 0.06753485376436454 0.9948943737196121 -0.07499485761095126
		outer loop
			vertex 7.184496879577637 1.4681903123855602 -5.259852886199951
			vertex 7.107151985168457 1.4663634300231945 -5.3537397384643555
			vertex 7.027182102203369 1.4644745588302623 -5.450812816619873
		endloop
	endfacet
	facet normal 0.023613195971216267 -0.9997211696148207 0
		outer loop
			vertex 7.107151985168457 1.4663634300231945 -5.3537397384643555
			vertex 7.027182102203369 1.4644745588302623 -5.450812339782715
			vertex 7.027182102203369 1.4644745588302623 -5.450812816619873
		endloop
	endfacet
	facet normal -0.10911644981880535 -0.9880218624898339 0.10911644981880535
		outer loop
			vertex 7.184495449066162 1.4681903123855602 -5.259854316711426
			vertex 7.107151985168457 1.4663634300231945 -5.3537397384643555
			vertex 7.184496879577637 1.4681903123855602 -5.259852886199951
		endloop
	endfacet
	facet normal 0.8751756980828302 -0.12344659175710765 -0.4677910179436805
		outer loop
			vertex 8.314696311950684 10.000000000000002 -5.5557022094726545
			vertex 7.723383903503418 1.4648903608322152 -4.409617900848389
			vertex 7.429030895233154 1.4785543680191051 -4.963919639587402
		endloop
	endfacet
	facet normal 0.8751758758796346 -0.12344511172689522 -0.467791075875811
		outer loop
			vertex 7.429030895233154 1.4785543680191051 -4.963919639587402
			vertex 7.723383903503418 1.4648903608322152 -4.409617900848389
			vertex 7.5102152824401855 1.4731130599975597 -4.810598373413086
		endloop
	endfacet
	facet normal 0.2658279462002737 0.9580912673386447 -0.10675498334211103
		outer loop
			vertex 7.429030895233154 1.4785543680191051 -4.963919639587402
			vertex 7.5102152824401855 1.4731130599975597 -4.810598373413086
			vertex 7.4540252685546875 1.476879119873048 -4.916716575622559
		endloop
	endfacet
	facet normal 0.1501641603595329 0.9761366663189216 -0.1568691608038327
		outer loop
			vertex 7.284518718719482 1.4719089269638073 -5.138704776763916
			vertex 7.205132484436035 1.4686777591705333 -5.234804153442383
			vertex 7.2051262855529785 1.4686776399612438 -5.234810829162598
		endloop
	endfacet
	facet normal 0.5549079259916088 0.6786040814931504 -0.4812210451056032
		outer loop
			vertex 7.384081840515137 1.475961446762086 -5.018181324005127
			vertex 7.284518718719482 1.4719089269638073 -5.138704776763916
			vertex 7.2051262855529785 1.4686776399612438 -5.234810829162598
		endloop
	endfacet
	facet normal 0.7670525877050917 -0.12401142453021899 -0.6294851025091129
		outer loop
			vertex 7.384081840515137 1.475961446762086 -5.018181324005127
			vertex 7.2051262855529785 1.4686776399612438 -5.234810829162598
			vertex 7.184495449066162 1.4681903123855602 -5.259854316711426
		endloop
	endfacet
	facet normal 0.7670699421882534 -0.12379597368277856 -0.6295063627091012
		outer loop
			vertex 7.429030895233154 1.4785543680191051 -4.963919639587402
			vertex 7.384081840515137 1.475961446762086 -5.018181324005127
			vertex 7.184495449066162 1.4681903123855602 -5.259854316711426
		endloop
	endfacet
	facet normal 0.639575010931997 -0.5760973287499626 -0.5089751204120824
		outer loop
			vertex 7.284518718719482 1.4719089269638073 -5.138704776763916
			vertex 7.384081840515137 1.475961446762086 -5.018181324005127
			vertex 7.384079456329346 1.4759613275527965 -5.018184185028076
		endloop
	endfacet
	facet normal 0.7670960406263311 -0.12346126077763028 -0.629540293819708
		outer loop
			vertex 6.750234603881836 -0.8423637151718127 -5.335926532745361
			vertex 6.8002238273620605 -0.8436483740806567 -5.2747626304626465
			vertex 6.876991271972656 -0.8509298563003529 -5.179793357849121
		endloop
	endfacet
	facet normal 0.7670919522952382 -0.1234943309125538 -0.6295387890800223
		outer loop
			vertex 6.970381736755371 -0.8597881793975819 -5.0642595291137695
			vertex 6.750234603881836 -0.8423637151718127 -5.335926532745361
			vertex 6.876991271972656 -0.8509298563003529 -5.179793357849121
		endloop
	endfacet
	facet normal 0.7670985246973852 -0.12344309658576941 -0.6295408289479019
		outer loop
			vertex 6.970381736755371 -0.8597881793975819 -5.0642595291137695
			vertex 7.156087398529053 -0.8915538787841786 -4.831747531890869
			vertex 6.750234603881836 -0.8423637151718127 -5.335926532745361
		endloop
	endfacet
	facet normal 0.767094093036241 -0.12347363176629737 -0.6295402407212329
		outer loop
			vertex 7.156087398529053 -0.8915538787841786 -4.831747531890869
			vertex 6.7433552742004395 -0.8421869277954089 -5.344343662261963
			vertex 6.750234603881836 -0.8423637151718127 -5.335926532745361
		endloop
	endfacet
	facet normal 0.7670518357090907 -0.12372597758889564 -0.6295421858819202
		outer loop
			vertex 6.970381736755371 -0.8597881793975819 -5.0642595291137695
			vertex 7.139898300170898 -0.8877370357513417 -4.852222919464111
			vertex 7.156087398529053 -0.8915538787841786 -4.831747531890869
		endloop
	endfacet
	facet normal 0.6595614329246111 0.6037627061085619 -0.4477156585500446
		outer loop
			vertex 6.970381736755371 -0.8597881793975819 -5.0642595291137695
			vertex 7.047598361968994 -0.8725189566612233 -4.967674255371094
			vertex 7.139898300170898 -0.8877370357513417 -4.852222919464111
		endloop
	endfacet
	facet normal 0.1712328553461707 0.9852054917981222 -0.0070319400464836515
		outer loop
			vertex 7.047598361968994 -0.8725189566612233 -4.967674255371094
			vertex 7.139896869659424 -0.8877367973327626 -4.852224349975586
			vertex 7.139898300170898 -0.8877370357513417 -4.852222919464111
		endloop
	endfacet
	facet normal 0.7558664024424788 -0.18352128572276472 -0.6284790524316051
		outer loop
			vertex 6.970387935638428 -0.8597887754440297 -5.064251899719238
			vertex 7.047598361968994 -0.8725189566612233 -4.967674255371094
			vertex 6.970381736755371 -0.8597881793975819 -5.0642595291137695
		endloop
	endfacet
	facet normal 0.7660456818802165 -0.12981732550058292 -0.6295406859548873
		outer loop
			vertex 7.047598361968994 -0.8725189566612233 -4.967674255371094
			vertex 7.139889717102051 -0.8877350687980641 -4.852233409881592
			vertex 7.139896869659424 -0.8877367973327626 -4.852224349975586
		endloop
	endfacet
	facet normal 0.8746044070707071 -0.13112595809600178 -0.46676880170583696
		outer loop
			vertex 7.34006929397583 -0.8622665405273428 -4.512629985809326
			vertex 7.280942440032959 -0.8722748756408681 -4.620606899261475
			vertex 7.280947208404541 -0.8722736239433279 -4.620598316192627
		endloop
	endfacet
	facet normal 0.8751567045930472 -0.12359754178863089 -0.46778669291638253
		outer loop
			vertex 7.586674690246582 1.469363808631898 -4.666563987731934
			vertex 7.527852535247803 1.471930742263795 -4.777289390563965
			vertex 7.51021146774292 1.4731131792068493 -4.810605525970459
		endloop
	endfacet
	facet normal 0.8752139344585562 -0.12312314452819348 -0.4678047244428638
		outer loop
			vertex 7.723383903503418 1.4648903608322152 -4.409617900848389
			vertex 7.586674690246582 1.469363808631898 -4.666563987731934
			vertex 7.51021146774292 1.4731131792068493 -4.810605525970459
		endloop
	endfacet
	facet normal 0.8751901073543945 -0.12332702726364354 -0.46779559674639526
		outer loop
			vertex 7.723383903503418 1.4648903608322152 -4.409617900848389
			vertex 7.659371852874756 1.4661912918090831 -4.529719829559326
			vertex 7.586674690246582 1.469363808631898 -4.666563987731934
		endloop
	endfacet
	facet normal 0.43158118236849285 -0.8697147000512707 -0.23944524121423233
		outer loop
			vertex 7.723383903503418 1.4648903608322152 -4.409617900848389
			vertex 7.718716621398926 1.4649851322174081 -4.418374538421631
			vertex 7.659371852874756 1.4661912918090831 -4.529719829559326
		endloop
	endfacet
	facet normal -0.0203204186754111 -0.9997935189752214 0
		outer loop
			vertex 7.718716621398926 1.4649851322174081 -4.418374538421631
			vertex 7.659371852874756 1.4661912918090831 -4.529719352722168
			vertex 7.659371852874756 1.4661912918090831 -4.529719829559326
		endloop
	endfacet
	facet normal 0.15980898163263546 0.9843317511497938 -0.07451236855664192
		outer loop
			vertex 7.718716621398926 1.4649851322174081 -4.418374538421631
			vertex 7.65937614440918 1.4661911725997936 -4.529711723327637
			vertex 7.659371852874756 1.4661912918090831 -4.529719352722168
		endloop
	endfacet
	facet normal 0.8672855576919091 -0.17644268239037575 -0.4654930088088578
		outer loop
			vertex 7.51021146774292 1.4731131792068493 -4.810605525970459
			vertex 7.4540252685546875 1.476879119873048 -4.916716575622559
			vertex 7.5102152824401855 1.4731130599975597 -4.810598373413086
		endloop
	endfacet
	facet normal 0.875175426040503 -0.12344663955807438 -0.4677915142845617
		outer loop
			vertex 8.314696311950684 10.000000000000002 -5.5557022094726545
			vertex 7.91538143157959 1.4638795852661142 -4.050149440765381
			vertex 7.723383903503418 1.4648903608322152 -4.409617900848389
		endloop
	endfacet
	facet normal 0.8751770255812917 -0.12343221499897007 -0.4677923280635662
		outer loop
			vertex 7.723383903503418 1.4648903608322152 -4.409617900848389
			vertex 7.91538143157959 1.4638795852661142 -4.050149440765381
			vertex 7.790854454040527 1.463518977165223 -4.283027648925781
		endloop
	endfacet
	facet normal 0.8751756647705365 -0.12344657495798855 -0.4677910846997745
		outer loop
			vertex 8.314696311950684 10.000000000000002 -5.5557022094726545
			vertex 9.238795280456543 10 -3.826834440231321
			vertex 7.91538143157959 1.4638795852661142 -4.050149440765381
		endloop
	endfacet
	facet normal 0.8751759072997097 -0.1234466247732656 -0.4677906178133744
		outer loop
			vertex 9.238795280456543 10 -3.826834440231321
			vertex 8.254707336425781 1.4786485433578498 -3.419211864471435
			vertex 7.91538143157959 1.4638795852661142 -4.050149440765381
		endloop
	endfacet
	facet normal 0.8750819219861015 -0.12438400816186022 -0.46771812914051225
		outer loop
			vertex 8.254707336425781 1.4786485433578498 -3.419211864471435
			vertex 7.919407367706299 1.4638912677764901 -4.0426201820373535
			vertex 7.91538143157959 1.4638795852661142 -4.050149440765381
		endloop
	endfacet
	facet normal 0.8751691822907315 -0.12351299248678908 -0.4677856806867124
		outer loop
			vertex 8.254707336425781 1.4786485433578498 -3.419211864471435
			vertex 8.031905174255371 1.4667428731918344 -3.832903623580932
			vertex 7.919407367706299 1.4638912677764901 -4.0426201820373535
		endloop
	endfacet
	facet normal 0.8749469294134639 -0.1256299218294564 -0.4676376732589836
		outer loop
			vertex 8.031905174255371 1.4667428731918344 -3.832903623580932
			vertex 7.922563552856445 1.463900327682496 -4.036717414855957
			vertex 7.919407367706299 1.4638912677764901 -4.0426201820373535
		endloop
	endfacet
	facet normal -0.10982226175168383 0.9929289247167604 0.0450690723730006
		outer loop
			vertex 8.031905174255371 1.4667428731918344 -3.832903623580932
			vertex 7.982110023498535 1.4654483795166025 -3.9257228374481197
			vertex 7.922563552856445 1.463900327682496 -4.036717414855957
		endloop
	endfacet
	facet normal 0.8751822012890071 -0.12337957362922083 -0.4677965320072388
		outer loop
			vertex 8.254707336425781 1.4786485433578498 -3.419211864471435
			vertex 8.11401653289795 1.4702371358871469 -3.6802062988281246
			vertex 8.031905174255371 1.4667428731918344 -3.832903623580932
		endloop
	endfacet
	facet normal 0.8753381240110604 -0.12180924923895732 -0.46791631244554766
		outer loop
			vertex 8.11401653289795 1.4702371358871469 -3.6802062988281246
			vertex 8.054780960083008 1.4673376083374032 -3.7902643680572505
			vertex 8.031905174255371 1.4667428731918344 -3.832903623580932
		endloop
	endfacet
	facet normal 0.8751981599903419 -0.12321332656973431 -0.4678104925128765
		outer loop
			vertex 8.254707336425781 1.4786485433578498 -3.419211864471435
			vertex 8.187786102294922 1.4738481044769296 -3.54314637184143
			vertex 8.11401653289795 1.4702371358871469 -3.6802062988281246
		endloop
	endfacet
	facet normal 0.15487120377875835 -0.9862673899239863 -0.057371995020621055
		outer loop
			vertex 8.187786102294922 1.4738481044769296 -3.54314637184143
			vertex 8.187784194946289 1.47384798526764 -3.5431494712829585
			vertex 8.11401653289795 1.4702371358871469 -3.6802062988281246
		endloop
	endfacet
	facet normal 0.9496209410934217 -0.12344661626705397 -0.2880642309781952
		outer loop
			vertex 9.238795280456543 10 -3.826834440231321
			vertex 8.435246467590332 1.4648029804229743 -2.81812047958374
			vertex 8.254707336425781 1.4786485433578498 -3.419211864471435
		endloop
	endfacet
	facet normal 0.9496400132575874 -0.12329461048135736 -0.28806645803768943
		outer loop
			vertex 8.435246467590332 1.4648029804229743 -2.81812047958374
			vertex 8.285052299499512 1.4750350713729865 -3.317630052566528
			vertex 8.254707336425781 1.4786485433578498 -3.419211864471435
		endloop
	endfacet
	facet normal 0.9496520783841239 -0.12319780111237556 -0.28806810274966144
		outer loop
			vertex 8.435246467590332 1.4648029804229743 -2.81812047958374
			vertex 8.331003189086914 1.4709441661834723 -3.1643977165222164
			vertex 8.285052299499512 1.4750350713729865 -3.317630052566528
		endloop
	endfacet
	facet normal 0.9494550304375402 -0.12474818651026184 -0.28805040381719754
		outer loop
			vertex 8.331003189086914 1.4709441661834723 -3.1643977165222164
			vertex 8.295036315917969 1.473846077919007 -3.284206390380859
			vertex 8.285052299499512 1.4750350713729865 -3.317630052566528
		endloop
	endfacet
	facet normal 0.9496312282310726 -0.12336610205664218 -0.28806481081814717
		outer loop
			vertex 8.435246467590332 1.4648029804229743 -2.81812047958374
			vertex 8.375726699829102 1.4673357009887702 -3.015417337417602
			vertex 8.331003189086914 1.4709441661834723 -3.1643977165222164
		endloop
	endfacet
	facet normal 0.0884645566840788 0.9959823056725675 -0.013902122062686451
		outer loop
			vertex 8.435246467590332 1.4648029804229743 -2.81812047958374
			vertex 8.412125587463379 1.465786814689637 -2.8947632312774654
			vertex 8.375726699829102 1.4673357009887702 -3.015417337417602
		endloop
	endfacet
	facet normal 0.9496204683204035 -0.12344674921479402 -0.2880657325251264
		outer loop
			vertex 9.238795280456543 10 -3.826834440231321
			vertex 8.55385684967041 1.4640522003173833 -2.4267947673797603
			vertex 8.435246467590332 1.4648029804229743 -2.81812047958374
		endloop
	endfacet
	facet normal 0.9497292715530049 -0.1225334781107644 -0.2880969585009144
		outer loop
			vertex 8.55385684967041 1.4640522003173833 -2.4267947673797603
			vertex 8.45394515991211 1.4640073776245124 -2.7561407089233394
			vertex 8.435246467590332 1.4648029804229743 -2.81812047958374
		endloop
	endfacet
	facet normal 0.9494981856952855 -0.12447440744076411 -0.2880265912266294
		outer loop
			vertex 8.55385684967041 1.4640522003173833 -2.4267947673797603
			vertex 8.493165016174316 1.463725924491883 -2.626728296279907
			vertex 8.45394515991211 1.4640073776245124 -2.7561407089233394
		endloop
	endfacet
	facet normal 0.949024179656574 -0.1283420314009445 -0.28789134999691457
		outer loop
			vertex 8.493165016174316 1.463725924491883 -2.626728296279907
			vertex 8.456502914428711 1.4638985395431525 -2.747660636901855
			vertex 8.45394515991211 1.4640073776245124 -2.7561407089233394
		endloop
	endfacet
	facet normal 0.9495466119294955 -0.12406879074320439 -0.28804195343167444
		outer loop
			vertex 8.55385684967041 1.4640522003173833 -2.4267947673797603
			vertex 8.537542343139648 1.4635170698165898 -2.4803459644317623
			vertex 8.493165016174316 1.463725924491883 -2.626728296279907
		endloop
	endfacet
	facet normal 0.30416948010526135 0.9482750334515369 -0.09085916742399561
		outer loop
			vertex 8.537540435791016 1.4635169506073002 -2.4803535938262935
			vertex 8.493165016174316 1.463725924491883 -2.626728296279907
			vertex 8.537542343139648 1.4635170698165898 -2.4803459644317623
		endloop
	endfacet
	facet normal 0.9496209205226765 -0.12344655467290203 -0.28806432518632846
		outer loop
			vertex 9.238795280456543 10 -3.826834440231321
			vertex 9.807852745056152 10 -1.9509031772613503
			vertex 8.55385684967041 1.4640522003173833 -2.4267947673797603
		endloop
	endfacet
	facet normal 0.9496210380744072 -0.12344659449825218 -0.2880639206031705
		outer loop
			vertex 9.807852745056152 10 -1.9509031772613503
			vertex 8.763138771057129 1.4785505533218388 -1.7430967092514036
			vertex 8.55385684967041 1.4640522003173833 -2.4267947673797603
		endloop
	endfacet
	facet normal 0.9495961181576715 -0.12366678933877456 -0.2880516231416186
		outer loop
			vertex 8.55385684967041 1.4640522003173833 -2.4267947673797603
			vertex 8.763138771057129 1.4785505533218388 -1.7430967092514036
			vertex 8.604164123535156 1.4657024145126347 -2.2616593837738033
		endloop
	endfacet
	facet normal 0.04361396041756235 0.9987774744429538 -0.023267552558233616
		outer loop
			vertex 8.55385684967041 1.4640522003173833 -2.4267947673797603
			vertex 8.604164123535156 1.4657024145126347 -2.2616593837738033
			vertex 8.574292182922363 1.4647225141525273 -2.359715938568115
		endloop
	endfacet
	facet normal 0.9495999047949475 -0.12363305771891753 -0.28805361975246496
		outer loop
			vertex 8.763138771057129 1.4785505533218388 -1.7430967092514036
			vertex 8.655674934387207 1.4687541723251347 -2.0931582450866695
			vertex 8.604164123535156 1.4657024145126347 -2.2616593837738033
		endloop
	endfacet
	facet normal 0.94960580675212 -0.12358132848835479 -0.28805636085965675
		outer loop
			vertex 8.655674934387207 1.4687541723251347 -2.0931582450866695
			vertex 8.619001388549805 1.4661891460418706 -2.2129557132720943
			vertex 8.604164123535156 1.4657024145126347 -2.2616593837738033
		endloop
	endfacet
	facet normal 0.9496708222198944 -0.12299430768117058 -0.28809326563149557
		outer loop
			vertex 8.763138771057129 1.4785505533218388 -1.7430967092514036
			vertex 8.701066017150879 1.4719289541244511 -1.9448864459991453
			vertex 8.655674934387207 1.4687541723251347 -2.0931582450866695
		endloop
	endfacet
	facet normal 0.5632754654480232 0.8042081554318479 -0.18965756710771547
		outer loop
			vertex 8.701065063476562 1.4719288349151616 -1.9448897838592527
			vertex 8.655674934387207 1.4687541723251347 -2.0931582450866695
			vertex 8.701066017150879 1.4719289541244511 -1.9448864459991453
		endloop
	endfacet
	facet normal 0.9875727762107508 -0.12344659030962526 -0.09726742017920605
		outer loop
			vertex 9.807852745056152 10 -1.9509031772613503
			vertex 8.822921752929688 1.4645246267318728 -1.118308901786804
			vertex 8.763138771057129 1.4785505533218388 -1.7430967092514036
		endloop
	endfacet
	facet normal 0.9875704751316473 -0.12346484810755676 -0.097267609871069
		outer loop
			vertex 8.822921752929688 1.4645246267318728 -1.118308901786804
			vertex 8.767712593078613 1.4767496585845952 -1.6943721771240232
			vertex 8.763138771057129 1.4785505533218388 -1.7430967092514036
		endloop
	endfacet
	facet normal 0.9875467175571859 -0.12365337575046156 -0.09726933384959018
		outer loop
			vertex 8.822921752929688 1.4645246267318728 -1.118308901786804
			vertex 8.796367645263672 1.468672037124634 -1.393177270889282
			vertex 8.767712593078613 1.4767496585845952 -1.6943721771240232
		endloop
	endfacet
	facet normal 0.9875586203030474 -0.1235593715714182 -0.09726794519273875
		outer loop
			vertex 8.796367645263672 1.468672037124634 -1.393177270889282
			vertex 8.769729614257812 1.4759554862976079 -1.6728845834732053
			vertex 8.767712593078613 1.4767496585845952 -1.6943721771240232
		endloop
	endfacet
	facet normal 0.9875728851382789 -0.12344650549722175 -0.09726642185348544
		outer loop
			vertex 9.807852745056152 10 -1.9509031772613503
			vertex 8.863081932067871 1.464192032814026 -0.7101293802261349
			vertex 8.822921752929688 1.4645246267318728 -1.118308901786804
		endloop
	endfacet
	facet normal 0.9869564781428888 -0.1283244907150896 -0.09720974917413681
		outer loop
			vertex 8.863081932067871 1.464192032814026 -0.7101293802261349
			vertex 8.82319450378418 1.4644820690155032 -1.115483522415161
			vertex 8.822921752929688 1.4645246267318728 -1.118308901786804
		endloop
	endfacet
	facet normal 0.9876794897492037 -0.12258243115482383 -0.09727678603307922
		outer loop
			vertex 8.863081932067871 1.464192032814026 -0.7101293802261349
			vertex 8.83559799194336 1.4639512300491335 -0.9888783693313595
			vertex 8.82319450378418 1.4644820690155032 -1.115483522415161
		endloop
	endfacet
	facet normal 0.9843381331419289 -0.14717080595340878 -0.09705252968205734
		outer loop
			vertex 8.83559799194336 1.4639512300491335 -0.9888783693313595
			vertex 8.823278427124023 1.4644689559936526 -1.1146124601364134
			vertex 8.82319450378418 1.4644820690155032 -1.115483522415161
		endloop
	endfacet
	facet normal 0.17311708045844382 0.9848166749870184 -0.01290709576388813
		outer loop
			vertex 8.83559799194336 1.4639512300491335 -0.9888783693313595
			vertex 8.82327938079834 1.464468836784363 -1.1146087646484373
			vertex 8.823278427124023 1.4644689559936526 -1.1146124601364134
		endloop
	endfacet
	facet normal 0.07361621557877766 -0.9970404928026552 -0.022156455395614557
		outer loop
			vertex 8.80846881866455 1.4667818546295168 -1.2679120302200315
			vertex 8.796367645263672 1.468672037124634 -1.3931771516799925
			vertex 8.796367645263672 1.4686721563339236 -1.3931825160980222
		endloop
	endfacet
	facet normal 0.19892113346599466 -0.9794257053501647 -0.03399515200637355
		outer loop
			vertex 8.822921752929688 1.4645246267318728 -1.118308901786804
			vertex 8.80846881866455 1.4667818546295168 -1.2679120302200315
			vertex 8.796367645263672 1.4686721563339236 -1.3931825160980222
		endloop
	endfacet
	facet normal 0.9876367701886026 -0.12292971522455773 -0.09727227398511112
		outer loop
			vertex 8.863081932067871 1.464192032814026 -0.7101293802261349
			vertex 8.850519180297852 1.4633241891860964 -0.8365862965583798
			vertex 8.83559799194336 1.4639512300491335 -0.9888783693313595
		endloop
	endfacet
	facet normal 0.03566890250625346 -0.9993346921552791 -0.007609365868000739
		outer loop
			vertex 8.850519180297852 1.4633241891860964 -0.8365862965583798
			vertex 8.850518226623535 1.4633241891860964 -0.836590766906738
			vertex 8.83559799194336 1.4639512300491335 -0.9888783693313595
		endloop
	endfacet
	facet normal 0.9875727657250214 -0.123446643129086 -0.09726745960696405
		outer loop
			vertex 9.807852745056152 10 -1.9509031772613503
			vertex 10 10 2.220446049499441e-15
			vertex 8.863081932067871 1.464192032814026 -0.7101293802261349
		endloop
	endfacet
	facet normal 0.9875726739585419 -0.12344654279981333 -0.09726851865403001
		outer loop
			vertex 10 10 2.220446049499441e-15
			vertex 8.934782981872559 1.4782609939575195 8.025809228801907e-16
			vertex 8.863081932067871 1.464192032814026 -0.7101293802261349
		endloop
	endfacet
	facet normal 0.987608885332165 -0.12314896105605067 -0.09727807051835573
		outer loop
			vertex 8.934782981872559 1.4782609939575195 8.025809228801907e-16
			vertex 8.873887062072754 1.464938282966614 -0.6013757586479184
			vertex 8.863081932067871 1.464192032814026 -0.7101293802261349
		endloop
	endfacet
	facet normal 0.9875852760611301 -0.12334343432565077 -0.09727137151297706
		outer loop
			vertex 8.934782981872559 1.4782609939575195 8.025809228801907e-16
			vertex 8.906211853027344 1.4702028036117554 -0.2798613905906674
			vertex 8.873887062072754 1.464938282966614 -0.6013757586479184
		endloop
	endfacet
	facet normal 0.9875979881860504 -0.12323925308592062 -0.09727435545759462
		outer loop
			vertex 8.906211853027344 1.4702028036117554 -0.2798613905906674
			vertex 8.878143310546875 1.4652322530746462 -0.5585357546806332
			vertex 8.873887062072754 1.464938282966614 -0.6013757586479184
		endloop
	endfacet
	facet normal -0.014123940633986436 -0.9997148599358661 0.019253911924065982
		outer loop
			vertex 8.906211853027344 1.4702028036117554 -0.2798613905906674
			vertex 8.890724182128906 1.46746027469635 -0.4336220324039456
			vertex 8.878143310546875 1.4652322530746462 -0.5585357546806332
		endloop
	endfacet
	facet normal 0.9875726864133486 -0.12344654435666369 0.09726839022375278
		outer loop
			vertex 10 10 2.220446049499441e-15
			vertex 8.871596336364746 1.464778423309326 0.6244271993637088
			vertex 8.934782981872559 1.4782609939575195 4.599294803524367e-16
		endloop
	endfacet
	facet normal 0.9917323021476729 -0.08215130638899407 0.09858095016512258
		outer loop
			vertex 8.871596336364746 1.464778423309326 0.6244271993637088
			vertex 8.934781074523926 1.4782602787017822 0.00001859203075615451
			vertex 8.934782981872559 1.4782609939575195 4.599294803524367e-16
		endloop
	endfacet
	facet normal 0.9875695844182203 -0.12347202193845418 0.09726754715964578
		outer loop
			vertex 8.871596336364746 1.464778423309326 0.6244271993637088
			vertex 8.908934593200684 1.4709705114364624 0.2531874775886539
			vertex 8.934781074523926 1.4782602787017822 0.00001859203075615451
		endloop
	endfacet
	facet normal 0.18564747125893336 -0.9825720310995313 -0.009339171060917348
		outer loop
			vertex 8.908934593200684 1.4709705114364624 0.2531874775886539
			vertex 8.934779167175293 1.478259801864624 0.00003084498166605127
			vertex 8.934781074523926 1.4782602787017822 0.00001859203075615451
		endloop
	endfacet
	facet normal 0.9876148883840186 -0.12310062921467108 0.09727829834641807
		outer loop
			vertex 8.871596336364746 1.464778423309326 0.6244271993637088
			vertex 8.87813663482666 1.4652302265167234 0.5585987567901615
			vertex 8.908934593200684 1.4709705114364624 0.2531874775886539
		endloop
	endfacet
	facet normal 0.9874296873861401 -0.12461425018164834 0.09723117360278695
		outer loop
			vertex 8.87813663482666 1.4652302265167234 0.5585987567901615
			vertex 8.906205177307129 1.470200777053833 0.27991950511932406
			vertex 8.908934593200684 1.4709705114364624 0.2531874775886539
		endloop
	endfacet
	facet normal 0.9875728881196715 -0.12344673891460968 0.09726609533809391
		outer loop
			vertex 10 10 2.220446049499441e-15
			vertex 8.831713676452637 1.464112043380737 1.0285224914550783
			vertex 8.871596336364746 1.464778423309326 0.6244271993637088
		endloop
	endfacet
	facet normal -0.016706180867121338 0.9998604420222029 0
		outer loop
			vertex 8.831713676452637 1.464112043380737 1.0285224914550783
			vertex 8.871596336364746 1.464778423309326 0.6244285702705387
			vertex 8.871596336364746 1.464778423309326 0.6244271993637088
		endloop
	endfacet
	facet normal 0.9875767028808038 -0.12341561978744177 0.09726685313899361
		outer loop
			vertex 8.831713676452637 1.464112043380737 1.0285224914550783
			vertex 8.850512504577637 1.4633221626281736 0.8366506695747379
			vertex 8.871596336364746 1.464778423309326 0.6244285702705387
		endloop
	endfacet
	facet normal 0.9875727761305488 -0.12344655907735405 0.09726746063181939
		outer loop
			vertex 10 10 2.220446049499441e-15
			vertex 9.807852745056152 10 1.9509031772613548
			vertex 8.831713676452637 1.464112043380737 1.0285224914550783
		endloop
	endfacet
	facet normal 0.9875728134668983 -0.12344652680903609 0.09726712250221538
		outer loop
			vertex 9.807852745056152 10 1.9509031772613548
			vertex 8.763138771057129 1.478546261787414 1.7430965900421145
			vertex 8.831713676452637 1.464112043380737 1.0285224914550783
		endloop
	endfacet
	facet normal 0.9875031720334361 -0.12399887786399622 0.09727159663731136
		outer loop
			vertex 8.763138771057129 1.478546261787414 1.7430965900421145
			vertex 8.826396942138672 1.4643354415893552 1.082782864570618
			vertex 8.831713676452637 1.464112043380737 1.0285224914550783
		endloop
	endfacet
	facet normal 0.9875543748922478 -0.12359343168231023 0.09726777614488778
		outer loop
			vertex 8.763138771057129 1.478546261787414 1.7430965900421145
			vertex 8.799505233764648 1.468178868293762 1.3606965541839602
			vertex 8.826396942138672 1.4643354415893552 1.082782864570618
		endloop
	endfacet
	facet normal 0.987550818762364 -0.1236215102063125 0.09726819920249001
		outer loop
			vertex 8.763138771057129 1.478546261787414 1.7430965900421145
			vertex 8.784543991088867 1.471901178359985 1.5173268318176272
			vertex 8.799505233764648 1.468178868293762 1.3606965541839602
		endloop
	endfacet
	facet normal 0.9877099017501533 -0.12235580351006818 0.09725331527566797
		outer loop
			vertex 8.784543991088867 1.471901178359985 1.5173268318176272
			vertex 8.796361923217773 1.4686698913574217 1.3932379484176638
			vertex 8.799505233764648 1.468178868293762 1.3606965541839602
		endloop
	endfacet
	facet normal 0.38418202422073555 -0.9217536930477785 -0.052671639602730205
		outer loop
			vertex 8.496084213256836 -0.8724874854087833 1.4707323312759397
			vertex 8.50977897644043 -0.8597573637962345 1.347843527793884
			vertex 8.50977897644043 -0.8597576022148136 1.3478477001190183
		endloop
	endfacet
	facet normal 0.987571624571763 -0.12345657165060213 0.09726644466088377
		outer loop
			vertex 8.479715347290039 -0.8877039551734928 1.6176230907440183
			vertex 8.471821784973145 -0.8976455330848697 1.6851500272750852
			vertex 8.51392650604248 -0.8574112653732303 1.308717608451843
		endloop
	endfacet
	facet normal 0.9876245112228785 -0.12299211863963781 0.09731784823095743
		outer loop
			vertex 8.479715347290039 -0.8877039551734928 1.6176230907440183
			vertex 8.51392650604248 -0.8574112653732303 1.308717608451843
			vertex 8.50977897644043 -0.8597573637962345 1.347843527793884
		endloop
	endfacet
	facet normal 0.5506788928286726 -0.8321233916670487 0.06575270362133404
		outer loop
			vertex 8.823273658752441 1.4644668102264402 1.1146616935729983
			vertex 8.811179161071777 1.4663556814193723 1.2398574352264407
			vertex 8.823272705078125 1.4644668102264402 1.1146696805953982
		endloop
	endfacet
	facet normal 0.9875941824908642 -0.12327621729954387 0.09726615525719841
		outer loop
			vertex 8.823273658752441 1.4644668102264402 1.1146616935729983
			vertex 8.826396942138672 1.4643354415893552 1.082782864570618
			vertex 8.811179161071777 1.4663556814193723 1.2398574352264407
		endloop
	endfacet
	facet normal 0.9876658793379508 -0.1227008320948602 0.09726570101953501
		outer loop
			vertex 8.826396942138672 1.4643354415893552 1.082782864570618
			vertex 8.799511909484863 1.4681780338287351 1.360629200935364
			vertex 8.811179161071777 1.4663556814193723 1.2398574352264407
		endloop
	endfacet
	facet normal 0.7300948080068619 -0.6785556247859473 0.08077026304758565
		outer loop
			vertex 8.799505233764648 1.468178868293762 1.3606965541839602
			vertex 8.811179161071777 1.4663556814193723 1.2398574352264407
			vertex 8.799511909484863 1.4681780338287351 1.360629200935364
		endloop
	endfacet
	facet normal 0.9875892972521573 -0.12331790634231178 0.09726291137087759
		outer loop
			vertex 8.763138771057129 1.478546261787414 1.7430965900421145
			vertex 8.769723892211914 1.4759534597396846 1.6729451417922976
			vertex 8.784543991088867 1.471901178359985 1.5173268318176272
		endloop
	endfacet
	facet normal -0.5812326547460267 0.7993069189203376 -0.15256818286576984
		outer loop
			vertex 8.763138771057129 1.478546261787414 1.7430965900421145
			vertex 8.712128639221191 1.4731048345565791 1.9089200496673586
			vertex 8.747432708740234 1.4768708944320674 1.7941540479660036
		endloop
	endfacet
	facet normal 0.1231316545166467 0.9898928896668834 0.07036094543808383
		outer loop
			vertex 8.712129592895508 1.4731048345565791 1.908918380737305
			vertex 8.747432708740234 1.4768708944320674 1.7941540479660036
			vertex 8.712128639221191 1.4731048345565791 1.9089200496673586
		endloop
	endfacet
	facet normal 0.9495796950088022 -0.12381016411512566 0.28804417384973396
		outer loop
			vertex 8.763138771057129 1.478546261787414 1.7430965900421145
			vertex 8.579326629638672 1.4648820161819454 2.3431868553161626
			vertex 8.712128639221191 1.4731048345565791 1.9089200496673586
		endloop
	endfacet
	facet normal 0.9496207142496257 -0.12344652343335831 0.28806501856394895
		outer loop
			vertex 9.807852745056152 10 1.9509031772613548
			vertex 8.579326629638672 1.4648820161819454 2.3431868553161626
			vertex 8.763138771057129 1.478546261787414 1.7430965900421145
		endloop
	endfacet
	facet normal 0.9496211466394185 -0.12344665375025879 0.2880635373196335
		outer loop
			vertex 9.807852745056152 10 1.9509031772613548
			vertex 8.460908889770508 1.4638713598251336 2.7331259250640874
			vertex 8.579326629638672 1.4648820161819454 2.3431868553161626
		endloop
	endfacet
	facet normal 0.9495852311094868 -0.12374984320442202 0.28805184457945027
		outer loop
			vertex 8.460908889770508 1.4638713598251336 2.7331259250640874
			vertex 8.537522315979004 1.4635107517242427 2.480408906936646
			vertex 8.579326629638672 1.4648820161819454 2.3431868553161626
		endloop
	endfacet
	facet normal 0.7754322688772239 0.5863746564065725 0.23424252113566968
		outer loop
			vertex 8.460908889770508 1.4638713598251336 2.7331259250640874
			vertex 8.500864028930664 1.4636832475662225 2.6013300418853764
			vertex 8.537522315979004 1.4635107517242427 2.480408906936646
		endloop
	endfacet
	facet normal 0.004705455334008923 0.9999889292837695 0
		outer loop
			vertex 8.500864028930664 1.4636832475662225 2.6013300418853764
			vertex 8.537522315979004 1.4635107517242427 2.4804103374481206
			vertex 8.537522315979004 1.4635107517242427 2.480408906936646
		endloop
	endfacet
	facet normal 0.9496209215542616 -0.12344654600714264 0.2880643254992563
		outer loop
			vertex 9.807852745056152 10 1.9509031772613548
			vertex 9.238795280456543 10 3.8268344402313255
			vertex 8.460908889770508 1.4638713598251336 2.7331259250640874
		endloop
	endfacet
	facet normal 0.9496206554676517 -0.12344662956032715 0.288065166862262
		outer loop
			vertex 9.238795280456543 10 3.8268344402313255
			vertex 8.254706382751465 1.47864019870758 3.419211387634278
			vertex 8.460908889770508 1.4638713598251336 2.7331259250640874
		endloop
	endfacet
	facet normal 0.949583270994391 -0.12374507312236148 0.2880603553520248
		outer loop
			vertex 8.254706382751465 1.47864019870758 3.419211387634278
			vertex 8.458431243896484 1.4638830423355096 2.7412984371185307
			vertex 8.460908889770508 1.4638713598251336 2.7331259250640874
		endloop
	endfacet
	facet normal 0.9496108018296356 -0.12352547979055938 0.2880638486360076
		outer loop
			vertex 8.254706382751465 1.47864019870758 3.419211387634278
			vertex 8.389689445495605 1.4667345285415643 2.9691305160522465
			vertex 8.458431243896484 1.4638830423355096 2.7412984371185307
		endloop
	endfacet
	facet normal 0.9497487148134174 -0.1223959489272743 0.2880913230148629
		outer loop
			vertex 8.389689445495605 1.4667345285415643 2.9691305160522465
			vertex 8.456487655639648 1.463892221450805 2.747709751129151
			vertex 8.458431243896484 1.4638830423355096 2.7412984371185307
		endloop
	endfacet
	facet normal 0.9496247687997085 -0.12341509834876725 0.28806511760653114
		outer loop
			vertex 8.254706382751465 1.47864019870758 3.419211387634278
			vertex 8.295019149780273 1.473839879035949 3.284261226654053
			vertex 8.389689445495605 1.4667345285415643 2.9691305160522465
		endloop
	endfacet
	facet normal 0.9496623682558695 -0.12311485247991279 0.288069643346019
		outer loop
			vertex 8.295019149780273 1.473839879035949 3.284261226654053
			vertex 8.375710487365723 1.4673293828964227 3.0154683589935307
			vertex 8.389689445495605 1.4667345285415643 2.9691305160522465
		endloop
	endfacet
	facet normal -0.10281737910630918 0.992507001189951 -0.0660184757673194
		outer loop
			vertex 8.254706382751465 1.47864019870758 3.419211387634278
			vertex 8.259692192077637 1.4780466556549066 3.402523279190064
			vertex 8.295019149780273 1.473839879035949 3.284261226654053
		endloop
	endfacet
	facet normal 0.8751759110914242 -0.12344662806609726 0.4677906098506109
		outer loop
			vertex 9.238795280456543 10 3.8268344402313255
			vertex 7.95733118057251 1.4647947549819937 3.971908330917359
			vertex 8.254706382751465 1.47864019870758 3.419211387634278
		endloop
	endfacet
	facet normal 0.8752169760609019 -0.12303167214525143 0.46782309954079254
		outer loop
			vertex 7.95733118057251 1.4647947549819937 3.971908330917359
			vertex 8.204338073730469 1.4750272035598746 3.5124917030334477
			vertex 8.254706382751465 1.47864019870758 3.419211387634278
		endloop
	endfacet
	facet normal 0.8751400083678993 -0.12379911884788021 0.4677646244921927
		outer loop
			vertex 7.95733118057251 1.4647947549819937 3.971908330917359
			vertex 8.054757118225098 1.4673275947570792 3.7903046607971196
			vertex 8.204338073730469 1.4750272035598746 3.5124917030334477
		endloop
	endfacet
	facet normal 0.8752096683055922 -0.12308848592924632 0.46782182627156377
		outer loop
			vertex 8.054757118225098 1.4673275947570792 3.7903046607971196
			vertex 8.187761306762695 1.4738380908966056 3.543190956115723
			vertex 8.204338073730469 1.4750272035598746 3.5124917030334477
		endloop
	endfacet
	facet normal 0.3653288346353869 -0.9126610699762736 0.18326105405599277
		outer loop
			vertex 7.95733118057251 1.4647947549819937 3.971908330917359
			vertex 7.995175838470459 1.4657785892486563 3.9013650417327885
			vertex 8.054757118225098 1.4673275947570792 3.7903046607971196
		endloop
	endfacet
	facet normal 0.7788485875629823 -0.47358834307228553 0.411228596959398
		outer loop
			vertex 7.995175838470459 1.4657785892486563 3.9013650417327885
			vertex 8.054756164550781 1.4673274755477896 3.7903063297271733
			vertex 8.054757118225098 1.4673275947570792 3.7903046607971196
		endloop
	endfacet
	facet normal -0.14949936447535062 0.9865267930264439 -0.06644416198904472
		outer loop
			vertex 7.995175838470459 1.4657785892486563 3.9013650417327885
			vertex 8.054754257202148 1.4673274755477896 3.790310621261597
			vertex 8.054756164550781 1.4673274755477896 3.7903063297271733
		endloop
	endfacet
	facet normal 0.875175570514402 -0.12344656582299977 0.4677912634512312
		outer loop
			vertex 9.238795280456543 10 3.8268344402313255
			vertex 7.764494895935059 1.464043974876403 4.332481384277344
			vertex 7.95733118057251 1.4647947549819937 3.971908330917359
		endloop
	endfacet
	facet normal 0.875161923415478 -0.12357189860375997 0.4677837039478641
		outer loop
			vertex 7.764494895935059 1.464043974876403 4.332481384277344
			vertex 7.926723957061768 1.4639990329742423 4.028960227966309
			vertex 7.95733118057251 1.4647947549819937 3.971908330917359
		endloop
	endfacet
	facet normal 0.8750911847950954 -0.12421395736977657 0.4677459899223676
		outer loop
			vertex 7.764494895935059 1.464043974876403 4.332481384277344
			vertex 7.862950801849365 1.4637176990509024 4.148196697235107
			vertex 7.926723957061768 1.4639990329742423 4.028960227966309
		endloop
	endfacet
	facet normal 0.8753378659221148 -0.12193785766743653 0.4678832967208744
		outer loop
			vertex 7.862950801849365 1.4637176990509024 4.148196697235107
			vertex 7.922538757324219 1.463890314102172 4.03676176071167
			vertex 7.926723957061768 1.4639990329742423 4.028960227966309
		endloop
	endfacet
	facet normal 0.8751659691916717 -0.12353928244587223 0.4677847497103352
		outer loop
			vertex 7.764494895935059 1.464043974876403 4.332481384277344
			vertex 7.790825843811035 1.4635088443756095 4.283078193664551
			vertex 7.862950801849365 1.4637176990509024 4.148196697235107
		endloop
	endfacet
	facet normal 0.04453166366431114 -0.9987598127999099 0.02226583183215557
		outer loop
			vertex 7.790825843811035 1.4635088443756095 4.283078193664551
			vertex 7.790827751159668 1.4635088443756095 4.283074378967285
			vertex 7.862950801849365 1.4637176990509024 4.148196697235107
		endloop
	endfacet
	facet normal 0.8751756628546702 -0.12344659242110177 0.4677910836757227
		outer loop
			vertex 9.238795280456543 10 3.8268344402313255
			vertex 8.314696311950684 9.999999999999998 5.555702209472658
			vertex 7.764494895935059 1.464043974876403 4.332481384277344
		endloop
	endfacet
	facet normal 0.8751754986514183 -0.12344662464140177 0.4677913823756124
		outer loop
			vertex 8.314696311950684 9.999999999999998 5.555702209472658
			vertex 7.42902946472168 1.4785425662994374 4.963918685913086
			vertex 7.764494895935059 1.464043974876403 4.332481384277344
		endloop
	endfacet
	facet normal -0.6297847633666365 -0.12341734540153197 -0.7669024127522802
		outer loop
			vertex -5.555702209472656 10.000000000000002 -8.314696311950682
			vertex -5.509464263916016 1.4641652107238785 -6.978998184204102
			vertex -5.509858131408691 1.4641631841659561 -6.978674411773682
		endloop
	endfacet
	facet normal -0.6295294092244812 -0.12357563454084601 -0.7670865566996357
		outer loop
			vertex -5.450844764709473 1.464476108551027 -7.027155876159668
			vertex -5.509464263916016 1.4641652107238785 -6.978998184204102
			vertex -5.2085394859313965 1.469563484191896 -7.226829528808594
		endloop
	endfacet
	facet normal -0.4956246937035624 0.508877065468083 -0.7038467839180929
		outer loop
			vertex -4.967707633972168 -0.8725251555442795 -7.04757022857666
			vertex -4.852266311645508 -0.8877418041229233 -7.139861583709717
			vertex -4.852257251739502 -0.8877435326576217 -7.139869213104248
		endloop
	endfacet
	facet normal -0.536029687476339 -0.5225736602849346 -0.6630150403425432
		outer loop
			vertex -5.234825611114502 1.4686796665191666 -7.205114841461182
			vertex -5.234837532043457 1.4686791896820084 -7.205104827880859
			vertex -5.353774070739746 1.466364979743959 -7.107123851776123
		endloop
	endfacet
	facet normal -0.6295431653832966 -0.12342284660356856 -0.7670998656338374
		outer loop
			vertex -5.2085394859313965 1.469563484191896 -7.226829528808594
			vertex -5.234825611114502 1.4686796665191666 -7.205114841461182
			vertex -5.353774070739746 1.466364979743959 -7.107123851776123
		endloop
	endfacet
	facet normal -0.6295231266302459 -0.1236399212536864 -0.7670813535147768
		outer loop
			vertex -5.2085394859313965 1.469563484191896 -7.226829528808594
			vertex -5.353774070739746 1.466364979743959 -7.107123851776123
			vertex -5.450754165649414 1.4644780158996598 -7.027230739593506
		endloop
	endfacet
	facet normal -0.39188190349377233 -0.7761230965107139 -0.49402582197362804
		outer loop
			vertex -5.450844764709473 1.464476108551027 -7.027155876159668
			vertex -5.450754165649414 1.4644780158996598 -7.027230739593506
			vertex -5.353774070739746 1.466364979743959 -7.107123851776123
		endloop
	endfacet
	facet normal -0.6295409735846459 -0.12344662391106766 -0.767097838364218
		outer loop
			vertex -7.071067810058594 10.000000000000002 -7.071067810058592
			vertex -5.555702209472656 10.000000000000002 -8.314696311950682
			vertex -5.509858131408691 1.4641631841659561 -6.978674411773682
		endloop
	endfacet
	facet normal -0.4677588364514983 -0.12385217942589688 0.875135594392661
		outer loop
			vertex -3.790271759033203 1.4673229455947858 8.054774284362793
			vertex -3.543154716491699 1.4738335609436017 8.187779426574707
			vertex -3.5124611854553223 1.4750224351882917 8.204353332519531
		endloop
	endfacet
	facet normal 0.06644382678369425 0.9865269298968362 -0.14949861026331207
		outer loop
			vertex -3.901329278945923 1.4657740592956525 7.995194435119629
			vertex -3.790273904800415 1.4673229455947858 8.054773330688477
			vertex -3.790271759033203 1.4673229455947858 8.054774284362793
		endloop
	endfacet
	facet normal -0.19300751264037436 -0.7921369835096436 0.579022537921123
		outer loop
			vertex -3.135143280029297 1.4702217578887922 8.339783668518066
			vertex -3.0154335498809814 1.467322111129759 8.375720024108887
			vertex -3.0154306888580322 1.467322111129759 8.375720977783203
		endloop
	endfacet
	facet normal -0.1417362971088814 0.989900334639591 0.002854743821933045
		outer loop
			vertex -3.2954256534576416 -0.8965459465980548 7.983492851257324
			vertex -3.3055248260498047 -0.897982597351076 7.980242729187012
			vertex -3.1760833263397217 -0.8795689940452593 8.021902084350586
		endloop
	endfacet
	facet normal -0.2878004468073453 -0.13355680261836672 0.9483319478388625
		outer loop
			vertex -2.7412736415863037 1.463876008987425 8.4584379196167
			vertex -2.8682663440704346 1.4654331207275373 8.420117378234863
			vertex -2.7476727962493896 1.4638851881027204 8.456497192382812
		endloop
	endfacet
	facet normal -0.28195160791863844 0.2848757785247815 0.9161599650726909
		outer loop
			vertex -2.3336644172668457 1.4649697542190532 8.582226753234863
			vertex -2.2129738330841064 1.4661757946014384 8.61899471282959
			vertex -2.212961196899414 1.4661760330200175 8.618998527526855
		endloop
	endfacet
	facet normal -0.2881959060303677 -0.12114506963161975 0.9498773562156777
		outer loop
			vertex -2.0648019313812256 1.4693481922149638 8.66435432434082
			vertex -1.944909691810608 1.47191536426544 8.701057434082031
			vertex -1.908894419670105 1.4730972051620463 8.712135314941406
		endloop
	endfacet
	facet normal -0.24742122724316487 -0.7326016057214416 0.6340959104140726
		outer loop
			vertex -1.999267578125 -0.8622058629989643 8.381141662597656
			vertex -1.8811086416244507 -0.8722140789032001 8.41568374633789
			vertex -1.8811205625534058 -0.872212529182436 8.415680885314941
		endloop
	endfacet
	facet normal -0.06993134653153844 0.8684400809621703 0.4908374807924768
		outer loop
			vertex -1.999267578125 -0.8622058629989643 8.381141662597656
			vertex -1.8811033964157104 -0.8722147345542927 8.415685653686523
			vertex -1.8811086416244507 -0.8722140789032001 8.41568374633789
		endloop
	endfacet
	facet normal -0.15815373796468213 0.6618521432366655 0.732761308790817
		outer loop
			vertex -1.999267578125 -0.8622058629989643 8.381141662597656
			vertex -2.1138617992401123 -0.8525000810623188 8.347641944885254
			vertex -1.8811033964157104 -0.8722147345542927 8.415685653686523
		endloop
	endfacet
	facet normal -0.28806677708659595 -0.12349975204801734 0.9496132597973872
		outer loop
			vertex -2.1138617992401123 -0.8525000810623188 8.347641944885254
			vertex -1.818605899810791 -0.8803151845932026 8.43359088897705
			vertex -1.8811033964157104 -0.8722147345542927 8.415685653686523
		endloop
	endfacet
	facet normal -0.2880633066889713 -0.12343273781166592 0.9496230255084027
		outer loop
			vertex -2.1138617992401123 -0.8525000810623188 8.347641944885254
			vertex -2.4491307735443115 -0.8401927947998065 8.247539520263672
			vertex -1.818605899810791 -0.8803151845932026 8.43359088897705
		endloop
	endfacet
	facet normal -0.2880629425131236 -0.12341704384913145 0.9496251757605327
		outer loop
			vertex -2.4491307735443115 -0.8401927947998065 8.247539520263672
			vertex -1.6851508617401123 -0.8976126909256 8.47182559967041
			vertex -1.818605899810791 -0.8803151845932026 8.43359088897705
		endloop
	endfacet
	facet normal -0.2880639462230111 -0.12344658697861291 0.9496210312802461
		outer loop
			vertex -2.4491307735443115 -0.8401927947998065 8.247539520263672
			vertex -1.4631774425506592 -10.000000000000002 7.355889797210692
			vertex -1.6851508617401123 -0.8976126909256 8.47182559967041
		endloop
	endfacet
	facet normal -0.09726738338337465 -0.12344658157057223 0.9875727809272044
		outer loop
			vertex -1.6851508617401123 -0.8976126909256 8.47182559967041
			vertex -1.4631774425506592 -10.000000000000002 7.355889797210692
			vertex -0.7930155396461487 -0.8396359682083149 8.566940307617188
		endloop
	endfacet
	facet normal -0.09730790405978365 -0.12292353851478202 0.9876340291254129
		outer loop
			vertex -1.6851508617401123 -0.8976126909256 8.47182559967041
			vertex -0.7930155396461487 -0.8396359682083149 8.566940307617188
			vertex -0.8007842898368835 -0.839424431324007 8.566201210021973
		endloop
	endfacet
	facet normal -0.09726674170091469 -0.1234493432565265 0.9875724989125709
		outer loop
			vertex -0.9892228841781616 -0.8421175479888935 8.5473051071167
			vertex -1.6851508617401123 -0.8976126909256 8.47182559967041
			vertex -0.8007842898368835 -0.839424431324007 8.566201210021973
		endloop
	endfacet
	facet normal -0.0972574376890545 -0.12379935238100992 0.9875296001458399
		outer loop
			vertex -0.9892228841781616 -0.8421175479888935 8.5473051071167
			vertex -0.8007842898368835 -0.839424431324007 8.566201210021973
			vertex -0.8096617460250854 -0.8391827344894428 8.565357208251953
		endloop
	endfacet
	facet normal -0.0972659593687745 -0.12345781788167441 0.9875715165758718
		outer loop
			vertex -1.3086848258972168 -0.8573733568191547 8.513934135437012
			vertex -1.6851508617401123 -0.8976126909256 8.47182559967041
			vertex -0.9892228841781616 -0.8421175479888935 8.5473051071167
		endloop
	endfacet
	facet normal -0.09725261727710437 -0.12367942556096288 0.9875451018184758
		outer loop
			vertex -1.3086848258972168 -0.8573733568191547 8.513934135437012
			vertex -0.9892228841781616 -0.8421175479888935 8.5473051071167
			vertex -1.0786362886428833 -0.8435789346694965 8.53831672668457
		endloop
	endfacet
	facet normal -0.20891431527836585 0.4780232736961785 0.853140409707898
		outer loop
			vertex -2.1138510704040527 -0.8525004982948322 8.347644805908203
			vertex -2.1138617992401123 -0.8525000810623188 8.347641944885254
			vertex -1.999267578125 -0.8622058629989643 8.381141662597656
		endloop
	endfacet
	facet normal -0.1297957579079879 -0.9915306777367702 0.004469489450973455
		outer loop
			vertex -1.6851508617401123 -0.8976126909256 8.47182559967041
			vertex -1.74003267288208 -0.8904992938041706 8.45610237121582
			vertex -1.818605899810791 -0.8803151845932026 8.43359088897705
		endloop
	endfacet
	facet normal -0.04724548853533945 -0.9719669501815597 0.23032175660977983
		outer loop
			vertex -1.5172935724258423 1.4718916416168193 8.7845458984375
			vertex -1.3932024240493774 1.4686602354049663 8.796363830566406
			vertex -1.393197774887085 1.4686602354049663 8.796364784240723
		endloop
	endfacet
	facet normal -0.008242716869428795 -0.9884641597515215 0.15123049462766777
		outer loop
			vertex -0.8366170525550842 1.4633126258850078 8.85051441192627
			vertex -0.684214174747467 1.4643583297729472 8.865655899047852
			vertex -0.6244324445724487 1.4647685289382915 8.87159538269043
		endloop
	endfacet
	facet normal 0.006854956544413979 -0.9941288265379105 0.10798558152425561
		outer loop
			vertex -0.40489208698272705 1.4679614305496196 8.893616676330566
			vertex -0.279887855052948 1.4701910018920878 8.906207084655762
			vertex -0.27988559007644653 1.4701911211013774 8.906208038330078
		endloop
	endfacet
	facet normal -0.09728340320509085 -0.12367483836185648 0.9875426440498682
		outer loop
			vertex -0.39294594526290894 -0.8569495677948017 8.604179382324219
			vertex -0.20698194205760956 -0.8729740381240864 8.620491981506348
			vertex -0.2707405388355255 -0.8655950427055378 8.615135192871094
		endloop
	endfacet
	facet normal -0.09726758798202408 -0.12346269495684534 0.9875707464694125
		outer loop
			vertex -0.39294594526290894 -0.8569495677948017 8.604179382324219
			vertex -0.7930155396461487 -0.8396359682083149 8.566940307617188
			vertex -0.20698194205760956 -0.8729740381240864 8.620491981506348
		endloop
	endfacet
	facet normal -0.09727131341620814 -0.12358154122686249 0.9875555145176798
		outer loop
			vertex -0.7930155396461487 -0.8396359682083149 8.566940307617188
			vertex -0.39294594526290894 -0.8569495677948017 8.604179382324219
			vertex -0.5404905676841736 -0.8465115427970905 8.59095287322998
		endloop
	endfacet
	facet normal 0.09726663259374713 -0.12342183139259547 0.9875759483298339
		outer loop
			vertex 1.776080686807111e-17 -0.8967462182045002 8.637907028198242
			vertex 0.41857102513313293 -0.8551366925239582 8.601881980895996
			vertex 0.27124691009521484 -0.8655592799186725 8.615089416503906
		endloop
	endfacet
	facet normal 0.10197426284840067 -0.8973735130659258 0.42932741324570023
		outer loop
			vertex 0.27124953269958496 -0.8655589818954487 8.615089416503906
			vertex 0.27124691009521484 -0.8655592799186725 8.615089416503906
			vertex 0.41857102513313293 -0.8551366925239582 8.601881980895996
		endloop
	endfacet
	facet normal 0 -0.964588624063323 -0.26375895497143914
		outer loop
			vertex 1.548705816268921 1.4727095365524272 8.781554222106934
			vertex 1.6729087829589844 1.475943922996519 8.769725799560547
			vertex 1.6729099750518799 1.475943922996519 8.769725799560547
		endloop
	endfacet
	facet normal -0.02419040694195368 -0.9993161748158218 0.027964387414290918
		outer loop
			vertex 1.7430963516235352 1.478537917137144 8.763136863708496
			vertex 1.8265119791030884 1.475800633430479 8.73747730255127
			vertex 1.944911241531372 1.47191536426544 8.701056480407715
		endloop
	endfacet
	facet normal 0.06510424768975126 0.992254494236886 0.10579440249584579
		outer loop
			vertex 1.8265119791030884 1.475800633430479 8.73747730255127
			vertex 1.944909691810608 1.47191536426544 8.701057434082031
			vertex 1.944911241531372 1.47191536426544 8.701056480407715
		endloop
	endfacet
	facet normal 0.1345435565048251 0.9295736631242462 0.34320669607221194
		outer loop
			vertex 1.4943056106567383 -0.8748950362205524 8.493461608886719
			vertex 1.617592453956604 -0.8876667618751545 8.47972297668457
			vertex 1.617587924003601 -0.887666106224062 8.47972297668457
		endloop
	endfacet
	facet normal 0.1435430089551356 0.8612580537308137 0.48747304485880744
		outer loop
			vertex 1.4943056106567383 -0.8748950362205524 8.493461608886719
			vertex 1.6175931692123413 -0.887666881084444 8.47972297668457
			vertex 1.617592453956604 -0.8876667618751545 8.47972297668457
		endloop
	endfacet
	facet normal 0.11750757541271215 0.983068797189541 0.14059768743807619
		outer loop
			vertex 1.4943056106567383 -0.8748950362205524 8.493461608886719
			vertex 1.4117904901504517 -0.8663471341133137 8.502657890319824
			vertex 1.6175931692123413 -0.887666881084444 8.47972297668457
		endloop
	endfacet
	facet normal 0.09725618724303621 -0.12354944139489611 0.9875610206837635
		outer loop
			vertex 1.4117904901504517 -0.8663471341133137 8.502657890319824
			vertex 1.647810697555542 -0.8921155333519001 8.476190567016602
			vertex 1.6175931692123413 -0.887666881084444 8.47972297668457
		endloop
	endfacet
	facet normal 0.0972624934786082 -0.12349769127500189 0.9875668724760204
		outer loop
			vertex 1.4117904901504517 -0.8663471341133137 8.502657890319824
			vertex 0.8934597969055176 -0.8405521512031574 8.55693244934082
			vertex 1.647810697555542 -0.8921155333519001 8.476190567016602
		endloop
	endfacet
	facet normal 0.09726252910195612 -0.12349725086575677 0.987566924041754
		outer loop
			vertex 0.8934597969055176 -0.8405521512031574 8.55693244934082
			vertex 1.6851508617401123 -0.8976128101348896 8.47182559967041
			vertex 1.647810697555542 -0.8921155333519001 8.476190567016602
		endloop
	endfacet
	facet normal 0.09726681712309984 -0.1234465762966179 0.9875728373580274
		outer loop
			vertex 0.8934597969055176 -0.8405521512031574 8.55693244934082
			vertex 1.4631774425506592 -10.000000000000002 7.355889797210692
			vertex 1.6851508617401123 -0.8976128101348896 8.47182559967041
		endloop
	endfacet
	facet normal 0.28806402797226605 -0.1234465875397183 0.9496210064089738
		outer loop
			vertex 1.6851508617401123 -0.8976128101348896 8.47182559967041
			vertex 1.4631774425506592 -10.000000000000002 7.355889797210692
			vertex 2.545644998550415 -0.8407396078109759 8.218191146850586
		endloop
	endfacet
	facet normal 0.2880634731183367 -0.12342195613692557 0.9496243763711714
		outer loop
			vertex 2.463167667388916 -0.8402722477912921 8.243270874023438
			vertex 1.6851508617401123 -0.8976128101348896 8.47182559967041
			vertex 2.545644760131836 -0.8407396078109759 8.218191146850586
		endloop
	endfacet
	facet normal -0.10018565744206812 -0.9448302126418368 -0.3118632766487302
		outer loop
			vertex 2.463167667388916 -0.8402722477912921 8.243270874023438
			vertex 2.545644760131836 -0.8407396078109759 8.218191146850586
			vertex 2.5428507328033447 -0.8407238125801104 8.219040870666504
		endloop
	endfacet
	facet normal 0.2880645041860651 -0.12345357475361687 0.9496199536175458
		outer loop
			vertex 2.2163281440734863 -0.8472070693969745 8.31724739074707
			vertex 1.6851508617401123 -0.8976128101348896 8.47182559967041
			vertex 2.463167667388916 -0.8402722477912921 8.243270874023438
		endloop
	endfacet
	facet normal 0.12314629212379596 0.971653651386499 0.20180231040165203
		outer loop
			vertex 1.4117929935455322 -0.8663472533226032 8.502656936645508
			vertex 1.4117904901504517 -0.8663471341133137 8.502657890319824
			vertex 1.4943056106567383 -0.8748950362205524 8.493461608886719
		endloop
	endfacet
	facet normal 0.296207678342183 -0.24441238224834583 0.9233220449522596
		outer loop
			vertex 1.8811237812042236 -0.8722122311592121 8.415679931640625
			vertex 1.8811205625534058 -0.872212529182436 8.415680885314941
			vertex 1.761205792427063 -0.8877550959587116 8.45003604888916
		endloop
	endfacet
	facet normal 0.20647530437346756 0.7556147047077579 0.6216223666449686
		outer loop
			vertex 2.0931761264801025 1.4687408208847026 8.655668258666992
			vertex 2.2129738330841064 1.4661757946014384 8.61899471282959
			vertex 2.2129857540130615 1.4661756753921489 8.618990898132324
		endloop
	endfacet
	facet normal 0.28806635365167843 -0.12342168011413618 0.949623538446489
		outer loop
			vertex 2.967547655105591 -0.859420835971834 8.087779998779297
			vertex 2.9174647331237793 -0.8545819520950335 8.103601455688477
			vertex 2.8008744716644287 -0.8486268520355242 8.139742851257324
		endloop
	endfacet
	facet normal 0.28852255520378073 -0.12341144664676873 0.9494863611317612
		outer loop
			vertex 2.8701257705688477 -10.000000000000002 6.9290966987609846
			vertex 2.546430826187134 -0.840744078159334 8.217951774597168
			vertex 2.545644998550415 -0.8407396078109759 8.218191146850586
		endloop
	endfacet
	facet normal 0.46778891939270645 -0.12337014453050436 0.8751875995076295
		outer loop
			vertex 3.426490068435669 -0.8795719146728533 7.918181896209717
			vertex 3.3055248260498047 -0.897982597351076 7.980242729187012
			vertex 3.724290370941162 -0.8514332771301287 7.762973785400391
		endloop
	endfacet
	facet normal 0.00332952537126612 0.9999889141993545 0.00332952537126612
		outer loop
			vertex 4.171611785888672 1.4636770486831647 7.850430011749268
			vertex 4.2830376625061035 1.4635044336318952 7.790847301483154
			vertex 4.28303861618042 1.4635044336318952 7.790846347808838
		endloop
	endfacet
	facet normal -0.05376407689749515 0.9952917301549937 -0.08064611534624273
		outer loop
			vertex 4.418380260467529 1.4649705886840803 7.718711853027344
			vertex 4.529720306396484 1.4661766290664655 7.659369468688965
			vertex 4.529721736907959 1.4661766290664655 7.659368515014648
		endloop
	endfacet
	facet normal 0.4678010717273117 -0.12333204717126216 0.8751864735194006
		outer loop
			vertex 4.144985198974609 -0.8399199247360246 7.539731502532959
			vertex 4.100404739379883 -0.8401938676834123 7.563521862030029
			vertex 4.275732040405273 -0.8455601930618303 7.469050407409668
		endloop
	endfacet
	facet normal 0.2789328376192214 -0.8264887632948544 0.48899161163053817
		outer loop
			vertex 4.666567802429199 1.46934926509857 7.586670398712158
			vertex 4.777297019958496 1.471916198730467 7.527846336364746
			vertex 4.7773027420043945 1.471916437149046 7.527843475341797
		endloop
	endfacet
	facet normal 0.4677879000198678 -0.12349121220246011 0.8751710696222593
		outer loop
			vertex 4.275732040405273 -0.8455601930618303 7.469050407409668
			vertex 4.100404739379883 -0.8401938676834123 7.563521862030029
			vertex 4.407788276672363 -0.8524900078773515 7.397487163543701
		endloop
	endfacet
	facet normal 0.46731544669002867 -0.12348611010310759 0.8754241565644063
		outer loop
			vertex 4.166776657104492 -10.000000000000002 6.236021995544432
			vertex 4.100404739379883 -0.8401938676834123 7.563521862030029
			vertex 4.100093364715576 -0.8401958346366899 7.563687801361084
		endloop
	endfacet
	facet normal 0.6295411904242821 -0.12336472770953799 0.76711083522287
		outer loop
			vertex 4.798902988433838 -0.8976188898086563 7.182066440582275
			vertex 5.179805278778076 -0.8508695960044876 6.876991271972656
			vertex 5.09486198425293 -0.8573823571205155 6.945653915405273
		endloop
	endfacet
	facet normal 0.49829682733750913 -0.6676510108366545 0.5531206013105697
		outer loop
			vertex 5.0948638916015625 -0.8573821187019364 6.945652484893799
			vertex 5.09486198425293 -0.8573823571205155 6.945653915405273
			vertex 5.179805278778076 -0.8508695960044876 6.876991271972656
		endloop
	endfacet
	facet normal 0.10911382800550215 0.9880224415851957 0.10911382800550215
		outer loop
			vertex 5.353740215301514 1.4663482904434189 7.10714864730835
			vertex 5.450814247131348 1.4644594192504867 7.0271782875061035
			vertex 5.450814723968506 1.4644594192504867 7.027177810668945
		endloop
	endfacet
	facet normal 0.5614480396762347 -0.4804723518941128 0.6737376476114817
		outer loop
			vertex 5.882808208465576 1.46522283554077 6.6727728843688965
			vertex 5.882811069488525 1.46522283554077 6.6727705001831055
			vertex 6.002418041229248 1.467963814735411 6.575052738189697
		endloop
	endfacet
	facet normal 0.6295282296677984 -0.12364153005596432 0.7670769062465299
		outer loop
			vertex 5.831628322601318 1.4647710323333725 6.714702606201172
			vertex 5.882808208465576 1.46522283554077 6.6727728843688965
			vertex 6.002418041229248 1.467963814735411 6.575052738189697
		endloop
	endfacet
	facet normal 0.6295428825772444 -0.12342481337008186 0.7670997812806979
		outer loop
			vertex 5.831628322601318 1.4647710323333725 6.714702606201172
			vertex 6.002418041229248 1.467963814735411 6.575052738189697
			vertex 6.099699020385742 1.4701931476593004 6.495574951171875
		endloop
	endfacet
	facet normal -0.6025474601438471 0.3262129891775553 -0.7283691673636683
		outer loop
			vertex 6.099711894989014 1.470193505287169 6.4955644607543945
			vertex 6.099699020385742 1.4701931476593004 6.495574951171875
			vertex 6.002418041229248 1.467963814735411 6.575052738189697
		endloop
	endfacet
	facet normal 0.6295327565438503 -0.12349383020891642 0.7670969836589325
		outer loop
			vertex 5.950562477111816 -0.8730816245079054 6.240872859954834
			vertex 5.900360107421875 -0.8656047582626357 6.283276081085205
			vertex 5.8062005043029785 -0.8569590449333205 6.361941814422607
		endloop
	endfacet
	facet normal -0.29329338715530034 -0.9339055505727154 -0.20444904416613094
		outer loop
			vertex 6.317844867706299 1.478253364562987 6.317844867706299
			vertex 6.417037010192871 1.4737550020217882 6.196096420288086
			vertex 6.495536804199219 1.4701949357986437 6.099746227264404
		endloop
	endfacet
	facet normal 0.12012232873444471 -0.9853919469092199 0.1207200774762483
		outer loop
			vertex 6.495536804199219 1.4701949357986437 6.099746227264404
			vertex 6.593311309814453 1.4674524068832384 5.980069637298584
			vertex 6.672743797302246 1.4652243852615343 5.882843971252441
		endloop
	endfacet
	facet normal 0.1232993934145046 -0.9846799069582107 0.1232993934145046
		outer loop
			vertex 6.593311309814453 1.4674524068832384 5.980069637298584
			vertex 6.67274284362793 1.4652243852615343 5.882844924926758
			vertex 6.672743797302246 1.4652243852615343 5.882843971252441
		endloop
	endfacet
	facet normal 0.07380856070844899 -0.9957348859370676 0.055356420531336735
		outer loop
			vertex 6.946955680847168 1.4639433622360216 5.548464775085449
			vertex 6.849822044372559 1.463316440582274 5.666699409484863
			vertex 6.849823474884033 1.463316440582274 5.6666975021362305
		endloop
	endfacet
	facet normal 0.24869770739322583 0.9510817101819553 0.18328401701927147
		outer loop
			vertex 6.800198078155518 -0.8435941934585584 5.274805068969727
			vertex 6.7232985496521 -0.8416178822517407 5.368894577026367
			vertex 6.682435512542725 -0.8405677676200879 5.4188923835754395
		endloop
	endfacet
	facet normal -0.1024349740904966 0.993420276169079 -0.0512174870452483
		outer loop
			vertex 7.3045854568481445 1.4727133512496937 5.114411354064941
			vertex 7.384045600891113 1.475947618484496 5.018223285675049
			vertex 7.3840460777282715 1.475947618484496 5.018222332000732
		endloop
	endfacet
	facet normal 0.2440831162834066 -0.9577883594474325 0.15187129699971924
		outer loop
			vertex 7.6593499183654785 1.4661810398101796 4.529757976531982
			vertex 7.52782678604126 1.471920609474181 4.777335166931152
			vertex 7.60057258605957 1.4687459468841542 4.640398979187012
		endloop
	endfacet
	facet normal 0.8751953115448192 -0.12328246472833806 0.4677976063860022
		outer loop
			vertex 7.6593499183654785 1.4661810398101796 4.529757976531982
			vertex 7.42902946472168 1.4785425662994374 4.963918685913086
			vertex 7.52782678604126 1.471920609474181 4.777335166931152
		endloop
	endfacet
	facet normal 0.8751827607290067 -0.12338563822805007 0.46779388581063247
		outer loop
			vertex 7.42902946472168 1.4785425662994374 4.963918685913086
			vertex 7.6593499183654785 1.4661810398101796 4.529757976531982
			vertex 7.7644944190979 1.464043974876403 4.33248233795166
		endloop
	endfacet
	facet normal -0.19108872996817136 -0.9773212117341791 -0.0912597741263215
		outer loop
			vertex 7.6593499183654785 1.4661810398101796 4.529757976531982
			vertex 7.731510639190674 1.4647144079208365 4.394367218017578
			vertex 7.7644944190979 1.464043974876403 4.33248233795166
		endloop
	endfacet
	facet normal 0.28752925589700823 -0.945587484274535 0.15228669208656653
		outer loop
			vertex 7.862950801849365 1.4637176990509024 4.148196697235107
			vertex 7.922536849975586 1.4638901948928824 4.036764621734619
			vertex 7.922538757324219 1.463890314102172 4.03676176071167
		endloop
	endfacet
	facet normal 0.8751637858150056 -0.1235398388530648 0.4677886875653428
		outer loop
			vertex 7.611177921295166 -0.8407599329948434 4.011096000671387
			vertex 7.736173152923584 -0.8486472964286813 3.775165319442749
			vertex 7.666970252990723 -0.8414024710655221 3.9065470695495605
		endloop
	endfacet
	facet normal 0.5785307161032535 0.800937874512787 0.15427485762753426
		outer loop
			vertex 8.339773178100586 1.4702289104461663 3.135179996490479
			vertex 8.375709533691406 1.4673293828964227 3.0154719352722172
			vertex 8.375710487365723 1.4673293828964227 3.0154683589935307
		endloop
	endfacet
	facet normal 0.875172786239584 -0.12346719736161368 0.4677910274912422
		outer loop
			vertex 7.736173152923584 -0.8486472964286813 3.775165319442749
			vertex 7.611177921295166 -0.8407599329948434 4.011096000671387
			vertex 7.817416191101074 -0.8594677448272713 3.620314836502075
		endloop
	endfacet
	facet normal 0.9496252307970731 -0.12339412611477733 0.2880725788303641
		outer loop
			vertex 8.021886825561523 -0.8795970082283027 3.1761205196380615
			vertex 7.9802398681640625 -0.8980056047439583 3.305523633956909
			vertex 8.06648063659668 -0.8659588098526008 3.0349597930908203
		endloop
	endfacet
	facet normal -0.09874486034007604 -0.9949672683088584 -0.017017272120623452
		outer loop
			vertex 8.389689445495605 1.4667345285415643 2.9691305160522465
			vertex 8.420106887817383 1.4654402732849114 2.8683021068573002
			vertex 8.456487655639648 1.463892221450805 2.747709751129151
		endloop
	endfacet
	facet normal 0.17798565194472102 -0.9830309637458076 0.044398558746898305
		outer loop
			vertex 8.618986129760742 1.4661830663681026 2.21300482749939
			vertex 8.5822172164917 1.4649769067764278 2.333698987960816
			vertex 8.61898422241211 1.466182947158813 2.2130098342895512
		endloop
	endfacet
	facet normal -0.25346972699382275 0.9649801765000642 -0.06757482119533792
		outer loop
			vertex 8.618986129760742 1.4661830663681026 2.21300482749939
			vertex 8.579326629638672 1.4648820161819454 2.3431863784790044
			vertex 8.5822172164917 1.4649769067764278 2.333698987960816
		endloop
	endfacet
	facet normal -0.03280977585953845 0.9994616143744827 0
		outer loop
			vertex 8.579326629638672 1.4648820161819454 2.3431868553161626
			vertex 8.5822172164917 1.4649769067764278 2.333698987960816
			vertex 8.579326629638672 1.4648820161819454 2.3431863784790044
		endloop
	endfacet
	facet normal 0.9496544295287216 -0.12315383636967725 0.28807915069284207
		outer loop
			vertex 8.579326629638672 1.4648820161819454 2.3431863784790044
			vertex 8.618986129760742 1.4661830663681026 2.21300482749939
			vertex 8.664344787597656 1.4693555831909175 2.0648360252380376
		endloop
	endfacet
	facet normal 0.9495913984931047 -0.12370435705873445 0.2880510509486037
		outer loop
			vertex 8.579326629638672 1.4648820161819454 2.3431863784790044
			vertex 8.664344787597656 1.4693555831909175 2.0648360252380376
			vertex 8.712129592895508 1.4731048345565791 1.908918380737305
		endloop
	endfacet
	facet normal 0.9495289565067118 -0.12425798162636122 0.28801860140869023
		outer loop
			vertex 8.664344787597656 1.4693555831909175 2.0648360252380376
			vertex 8.70104694366455 1.471922636032104 1.9449452161788943
			vertex 8.712129592895508 1.4731048345565791 1.908918380737305
		endloop
	endfacet
	facet normal 0.09905594058844472 0.9935497916917144 -0.055197210649539696
		outer loop
			vertex 8.347628593444824 -0.8525282144546513 2.1138947010040283
			vertex 8.38112735748291 -0.8622341752052312 1.9993036985397337
			vertex 8.347628593444824 -0.8525283336639409 2.1138925552368164
		endloop
	endfacet
	facet normal 0.9875582139794157 -0.12357493865743459 0.09725229322539382
		outer loop
			vertex 8.51392650604248 -0.8574112653732303 1.308717608451843
			vertex 8.471821784973145 -0.8976455330848697 1.6851500272750852
			vertex 8.525437355041504 -0.8508986830711367 1.2001048326492307
		endloop
	endfacet
	facet normal 0.044841134096926145 -0.9989579192823652 0.008505774271009932
		outer loop
			vertex 8.831713676452637 1.464112043380737 1.0285224914550783
			vertex 8.83819580078125 1.4638396501541135 0.9623585939407352
			vertex 8.850512504577637 1.4633221626281736 0.8366506695747379
		endloop
	endfacet
	facet normal -0.06991209275402767 0.9975531510635759 -0.0001004484091293501
		outer loop
			vertex 8.850512504577637 1.4633221626281736 0.8366506695747379
			vertex 8.865653991699219 1.4643679857254026 0.6842448115348819
			vertex 8.871596336364746 1.464778423309326 0.6244285702705387
		endloop
	endfacet
	facet normal 0.1743741155347488 -0.9846794746675053 0
		outer loop
			vertex 8.87813663482666 1.4652302265167234 0.5585987567901615
			vertex 8.87813663482666 1.4652302265167234 0.5585961937904361
			vertex 8.893614768981934 1.4679712057113647 0.40492168068885837
		endloop
	endfacet
	facet normal 0.11942544739849022 0.9920063269625358 0.04075548772827249
		outer loop
			vertex 8.908934593200684 1.4709705114364624 0.2531874775886539
			vertex 8.92214584350586 1.4746965169906616 0.12378206849098239
			vertex 8.934779167175293 1.478259801864624 0.00003084498166605127
		endloop
	endfacet
	facet normal -0.06451714141579232 -0.9972919738384476 0.03530237075534328
		outer loop
			vertex 8.91883373260498 1.4737628698349 -0.1562222987413403
			vertex 8.906211853027344 1.470202922821045 -0.2798580229282376
			vertex 8.906211853027344 1.4702028036117554 -0.2798613905906674
		endloop
	endfacet
	facet normal 0.17438250101319783 -0.9846779896699134 0
		outer loop
			vertex 8.890724182128906 1.46746027469635 -0.4336220324039456
			vertex 8.878143310546875 1.4652322530746462 -0.5585348606109616
			vertex 8.878143310546875 1.4652322530746462 -0.5585357546806332
		endloop
	endfacet
	facet normal -0.31162970980931337 -0.9417102773194084 0.12676228759045913
		outer loop
			vertex 8.763138771057129 1.4785505533218388 -1.7430967092514036
			vertex 8.7374849319458 1.475813984870911 -1.8264933824539182
			vertex 8.701065063476562 1.4719288349151616 -1.9448897838592527
		endloop
	endfacet
	facet normal 0.10607480735575041 -0.9943581524000497 0
		outer loop
			vertex 8.7374849319458 1.475813984870911 -1.8264933824539182
			vertex 8.701065063476562 1.4719288349151616 -1.94488787651062
			vertex 8.701065063476562 1.4719288349151616 -1.9448897838592527
		endloop
	endfacet
	facet normal 0.6967958141196902 0.7091350537942406 -0.1077175422367125
		outer loop
			vertex 8.415679931640625 -0.8722658157348628 -1.881100654602051
			vertex 8.415680885314941 -0.8722661733627315 -1.8810968399047854
			vertex 8.450037002563477 -0.8878088593482967 -1.761178255081177
		endloop
	endfacet
	facet normal 0.9299063596414184 0.23662184872158637 -0.28157461356809826
		outer loop
			vertex 8.493165016174316 1.463725924491883 -2.626728296279907
			vertex 8.456504821777344 1.463898420333863 -2.7476544380187984
			vertex 8.456502914428711 1.4638985395431525 -2.747660636901855
		endloop
	endfacet
	facet normal -0.04251464713108966 -0.9990958436402982 0
		outer loop
			vertex 8.412125587463379 1.465786814689637 -2.8947632312774654
			vertex 8.375726699829102 1.4673357009887702 -3.0154163837432857
			vertex 8.375726699829102 1.4673357009887702 -3.015417337417602
		endloop
	endfacet
	facet normal 0.042111146330147786 0.9907270752881787 0.12917628902276326
		outer loop
			vertex 7.9754133224487305 -0.8966073989868156 -3.3149220943450928
			vertex 7.980236053466797 -0.8980380296707146 -3.3055219650268555
			vertex 7.918182849884033 -0.8796301484107963 -3.426473379135132
		endloop
	endfacet
	facet normal 0.16637113559820588 -0.9851416648834732 0.042620949665419954
		outer loop
			vertex 8.05911636352539 -0.8682401776313775 -3.058257579803467
			vertex 8.021899223327637 -0.8796223402023309 -3.17606782913208
			vertex 8.02190113067627 -0.8796218633651727 -3.1760642528533936
		endloop
	endfacet
	facet normal 0.787173056853375 0.4303944655314953 -0.44172297042826714
		outer loop
			vertex 8.246431350708008 1.478054881095887 -3.4345390796661373
			vertex 8.187788963317871 1.4738482236862191 -3.543141603469848
			vertex 8.187785148620605 1.4738481044769296 -3.543148517608642
		endloop
	endfacet
	facet normal 0.9496228059103591 -0.12342527701947278 -0.2880672273751445
		outer loop
			vertex 8.218186378479004 -0.840792298316955 -2.5456387996673584
			vertex 8.139742851257324 -0.8486799001693719 -2.8008508682250977
			vertex 8.183710098266602 -0.8414348363876337 -2.659015655517578
		endloop
	endfacet
	facet normal 0.8751669972332631 -0.12349920014299214 -0.4677934100837196
		outer loop
			vertex 7.918182849884033 -0.8796301484107963 -3.426473379135132
			vertex 7.980236053466797 -0.8980380296707146 -3.3055219650268555
			vertex 7.849900245666504 -0.8659917712211601 -3.5578198432922363
		endloop
	endfacet
	facet normal 0.14899489243768876 -0.987352547910738 -0.05417996088643228
		outer loop
			vertex 8.11401653289795 1.4702371358871469 -3.6802062988281246
			vertex 8.054781913757324 1.4673376083374032 -3.7902617454528804
			vertex 8.054780960083008 1.4673376083374032 -3.7902643680572505
		endloop
	endfacet
	facet normal 0.21898103960009255 -0.9688575687103941 -0.11559548368447203
		outer loop
			vertex 7.91538143157959 1.4638795852661142 -4.050149440765381
			vertex 7.850435256958008 1.463691473007203 -4.171605110168457
			vertex 7.790854454040527 1.463518977165223 -4.283027648925781
		endloop
	endfacet
	facet normal 0.8822413999891378 0 -0.47079731535471464
		outer loop
			vertex 7.563683986663818 -0.8402535319328299 -4.100085735321045
			vertex 7.563683986663818 -0.8402533531188956 -4.100085735321045
			vertex 7.596896648406982 -0.8406358361244193 -4.037847518920898
		endloop
	endfacet
	facet normal 0.8765328362105541 -0.0760651784658074 -0.47529388347594675
		outer loop
			vertex 7.182060241699219 -0.8976772427558888 -4.798899173736572
			vertex 7.209766387939453 -0.8905594944953908 -4.748942852020264
			vertex 7.249633312225342 -0.8803179860115041 -4.677059650421143
		endloop
	endfacet
	facet normal 0.8751218085355867 -0.12343809494149563 -0.4678940659408051
		outer loop
			vertex 6.236021995544434 -9.999999999999998 -4.166776657104494
			vertex 7.562475204467773 -0.8402394652366629 -4.102350234985352
			vertex 7.563683986663818 -0.8402533531188956 -4.100085735321045
		endloop
	endfacet
	facet normal 0.7671096084503995 -0.12336623368771893 -0.6295423901603308
		outer loop
			vertex 7.156087398529053 -0.8915538787841786 -4.831747531890869
			vertex 7.182060241699219 -0.8976772427558888 -4.798899173736572
			vertex 6.7433552742004395 -0.8421869277954089 -5.344343662261963
		endloop
	endfacet
	facet normal 0.007812540774559397 0.9999008119166617 -0.011718811161839095
		outer loop
			vertex 6.930034160614014 1.4638475179672255 -5.569065093994141
			vertex 6.849855422973633 1.463330149650575 -5.666661739349365
			vertex 6.849853992462158 1.463330149650575 -5.666662693023682
		endloop
	endfacet
	facet normal 0.7733328900326988 -0.04016090787906276 -0.6327269100267535
		outer loop
			vertex 6.6727776527404785 1.4652379751205458 -5.882805347442627
			vertex 6.672773361206055 1.4652379751205458 -5.882810592651367
			vertex 6.575052738189697 1.467979192733766 -6.002420902252197
		endloop
	endfacet
	facet normal 0.331648951301582 0.9132880257093159 -0.23646131860526548
		outer loop
			vertex 6.317845821380615 1.478268384933473 -6.317845821380615
			vertex 6.4955668449401855 1.4702087640762342 -6.099711894989014
			vertex 6.396430492401123 1.4747045040130629 -6.221391677856445
		endloop
	endfacet
	facet normal 0.6295264419435628 -0.12367073818098 -0.7670736649185981
		outer loop
			vertex 5.980065822601318 1.4674675464630142 -6.593317031860352
			vertex 6.137042045593262 1.4715881347656263 -6.465153217315674
			vertex 6.099746227264404 1.4702100753784193 -6.49553918838501
		endloop
	endfacet
	facet normal 0.6295343119592651 -0.12354593766574389 -0.7670873166415066
		outer loop
			vertex 5.980065822601318 1.4674675464630142 -6.593317031860352
			vertex 5.770168781280518 1.464244961738588 -6.765056610107422
			vertex 6.137042045593262 1.4715881347656263 -6.465153217315674
		endloop
	endfacet
	facet normal 0.6295128418106147 -0.12385373574535871 -0.7670553005732005
		outer loop
			vertex 5.8828444480896 1.4652397632598892 -6.672745704650879
			vertex 5.770168781280518 1.464244961738588 -6.765056610107422
			vertex 5.980065822601318 1.4674675464630142 -6.593317031860352
		endloop
	endfacet
	facet normal 0.0931864055470934 -0.9884136764797404 -0.11981109284626294
		outer loop
			vertex 5.666695594787598 1.4633314609527603 -6.849827766418457
			vertex 5.548458576202393 1.4639585018157975 -6.946962833404541
			vertex 5.6666998863220215 1.4633314609527603 -6.84982442855835
		endloop
	endfacet
	facet normal 0.6300139765688049 -0.10551146492080422 -0.7693826876777429
		outer loop
			vertex 5.064275741577148 -0.8597959280014023 -6.970367431640625
			vertex 5.0642852783203125 -0.8597946166992172 -6.970359802246094
			vertex 5.15944242477417 -0.8524991273879989 -6.893440246582031
		endloop
	endfacet
	facet normal 0.6295437926863787 -0.12338168030472484 -0.7671059731583589
		outer loop
			vertex 5.038936614990234 -0.863135933876036 -6.990625381469727
			vertex 5.064275741577148 -0.8597959280014023 -6.970367431640625
			vertex 5.15944242477417 -0.8524991273879989 -6.893440246582031
		endloop
	endfacet
	facet normal 0.6295495025789694 -0.12315204974501534 -0.7671381860174696
		outer loop
			vertex 5.038936614990234 -0.863135933876036 -6.990625381469727
			vertex 5.15944242477417 -0.8524991273879989 -6.893440246582031
			vertex 5.274685382843018 -0.8436637520790085 -6.8002848625183105
		endloop
	endfacet
	facet normal 0.6257853608041657 0.04673084555033325 -0.7785941884430884
		outer loop
			vertex 5.274795055389404 -0.8436546921730026 -6.800196170806885
			vertex 5.274685382843018 -0.8436637520790085 -6.8002848625183105
			vertex 5.15944242477417 -0.8524991273879989 -6.893440246582031
		endloop
	endfacet
	facet normal 0.3937793330692292 -0.8305875472790972 -0.3937793330692292
		outer loop
			vertex 4.798898220062256 -0.8976904749870285 -7.182058811187744
			vertex 5.418891429901123 -0.8406274914741502 -6.682426929473877
			vertex 5.418892860412598 -0.8406274914741502 -6.682425498962402
		endloop
	endfacet
	facet normal 0.2256207567772767 -0.9030233418504737 -0.36557368365960324
		outer loop
			vertex 4.963919639587402 1.4785575866699234 -7.4290313720703125
			vertex 4.886796474456787 1.475820422172548 -7.469868183135986
			vertex 4.777326583862305 1.4719353914260882 -7.527832984924316
		endloop
	endfacet
	facet normal 0.46778523303419123 -0.12359508795995738 -0.8751578314723112
		outer loop
			vertex 4.529780864715576 1.4661961793899554 -7.659339427947998
			vertex 4.963919639587402 1.4785575866699234 -7.4290313720703125
			vertex 4.777326583862305 1.4719353914260882 -7.527832984924316
		endloop
	endfacet
	facet normal 0.22117014587477635 0.863117504232555 -0.4539955291201618
		outer loop
			vertex 4.529780864715576 1.4661961793899554 -7.659339427947998
			vertex 4.777326583862305 1.4719353914260882 -7.527832984924316
			vertex 4.640387058258057 1.4687603712081927 -7.600581169128418
		endloop
	endfacet
	facet normal 0.4677871490060287 -0.12354212078145668 -0.8751642860729818
		outer loop
			vertex 4.338687896728516 1.464126110076906 -7.761188983917236
			vertex 4.963919639587402 1.4785575866699234 -7.4290313720703125
			vertex 4.529780864715576 1.4661961793899554 -7.659339427947998
		endloop
	endfacet
	facet normal 0.20758576924853175 -0.9051000624530936 -0.37108223529684287
		outer loop
			vertex 4.394354820251465 1.464729070663454 -7.7315192222595215
			vertex 4.338687896728516 1.464126110076906 -7.761188983917236
			vertex 4.529780864715576 1.4661961793899554 -7.659339427947998
		endloop
	endfacet
	facet normal 0.21513778558856625 -0.8973154519856604 -0.38540979857784946
		outer loop
			vertex 4.394354820251465 1.464729070663454 -7.7315192222595215
			vertex 4.529780864715576 1.4661961793899554 -7.659339427947998
			vertex 4.529776096343994 1.4661960601806658 -7.659341812133789
		endloop
	endfacet
	facet normal 0.34954349647191224 0.655785762624972 -0.6691519839412973
		outer loop
			vertex 4.394354820251465 1.464729070663454 -7.7315192222595215
			vertex 4.529776096343994 1.4661960601806658 -7.659341812133789
			vertex 4.529748916625977 1.466195464134218 -7.659356594085693
		endloop
	endfacet
	facet normal 0.16281351372432892 -0.9442100892550278 -0.28628494039636504
		outer loop
			vertex 4.338676452636719 1.464125871658327 -7.761194705963135
			vertex 4.338687896728516 1.464126110076906 -7.761188983917236
			vertex 4.394354820251465 1.464729070663454 -7.7315192222595215
		endloop
	endfacet
	facet normal 0.059236157916987366 0.9822987203251042 -0.1777084737509621
		outer loop
			vertex 4.886796474456787 1.475820422172548 -7.469868183135986
			vertex 4.777328014373779 1.4719353914260882 -7.527832508087158
			vertex 4.777326583862305 1.4719353914260882 -7.527832984924316
		endloop
	endfacet
	facet normal 0.4802528051556496 -0.0005617915872486625 -0.8771299376548164
		outer loop
			vertex 4.620635509490967 -0.8722920417785628 -7.2809247970581055
			vertex 4.620655536651611 -0.872294902801512 -7.280913829803467
			vertex 4.490611553192139 -0.8602403402328475 -7.352124214172363
		endloop
	endfacet
	facet normal 0.42385558278944774 -0.3535229419338136 -0.8338872672398104
		outer loop
			vertex 4.443246841430664 -0.8558502197265608 -7.378060340881348
			vertex 4.490611553192139 -0.8602403402328475 -7.352124214172363
			vertex 4.620655536651611 -0.872294902801512 -7.280913829803467
		endloop
	endfacet
	facet normal 0.4677900099674533 -0.12345530227940983 -0.8751750081633671
		outer loop
			vertex 4.69027042388916 -0.8822135329246505 -7.242304801940918
			vertex 4.443246841430664 -0.8558502197265608 -7.378060340881348
			vertex 4.620655536651611 -0.872294902801512 -7.280913829803467
		endloop
	endfacet
	facet normal 0.4677899617587968 -0.12345564079054884 -0.8751749861797347
		outer loop
			vertex 4.011096954345703 -0.8408182263374312 -7.611169338226318
			vertex 4.443246841430664 -0.8558502197265608 -7.378060340881348
			vertex 4.69027042388916 -0.8822135329246505 -7.242304801940918
		endloop
	endfacet
	facet normal 0.4677892361435797 -0.12346244674696381 -0.8751744139264238
		outer loop
			vertex 4.011096954345703 -0.8408182263374312 -7.611169338226318
			vertex 4.69027042388916 -0.8822135329246505 -7.242304801940918
			vertex 4.798898220062256 -0.897690594196318 -7.182058811187744
		endloop
	endfacet
	facet normal 0.46779106426114797 -0.12344660827279462 -0.8751756709960384
		outer loop
			vertex 4.166776657104492 -9.999999999999998 -6.236021995544435
			vertex 4.011096954345703 -0.8408182263374312 -7.611169338226318
			vertex 4.798898220062256 -0.897690594196318 -7.182058811187744
		endloop
	endfacet
	facet normal 0.46457058791503203 -0.14689914982856045 -0.8732667454013853
		outer loop
			vertex 4.443246841430664 -0.8558502197265608 -7.378060340881348
			vertex 4.443253040313721 -0.8558504581451399 -7.37805700302124
			vertex 4.490611553192139 -0.8602403402328475 -7.352124214172363
		endloop
	endfacet
	facet normal 0.46779599397174954 -0.12338020737782417 -0.8751823995324564
		outer loop
			vertex 4.148182392120361 1.4637323617935198 -7.862960338592529
			vertex 4.036754131317139 1.4639049768447894 -7.922544479370117
			vertex 4.028224945068359 1.464023947715761 -7.927120208740234
		endloop
	endfacet
	facet normal 0.27425805207481163 0.7520075685825054 -0.5993889702578438
		outer loop
			vertex 3.7168192863464355 -0.8519212603569013 -7.766898155212402
			vertex 3.716820001602173 -0.8519211411476117 -7.766897678375244
			vertex 3.7751524448394775 -0.8487048745155318 -7.736171722412109
		endloop
	endfacet
	facet normal -0.060553505798205634 -0.9688560927712901 -0.24010652726549497
		outer loop
			vertex 3.233316421508789 -0.8877896070480329 -8.003471374511719
			vertex 3.2333173751831055 -0.8877896666526777 -8.003471374511719
			vertex 3.2954490184783936 -0.8966284394264203 -7.983475208282471
		endloop
	endfacet
	facet normal 0.46779005361991033 -0.12330021506758215 -0.8751968479711119
		outer loop
			vertex 3.5361268520355225 -0.8682649135589582 -7.861175060272217
			vertex 3.6671500205993652 -0.8546597957611066 -7.793060302734375
			vertex 3.716820001602173 -0.8519211411476117 -7.766897678375244
		endloop
	endfacet
	facet normal -0.05061662770913593 -0.9976946012150948 0.04520442130597043
		outer loop
			vertex 3.790302038192749 1.4673416614532488 -8.054760932922363
			vertex 3.7902979850769043 1.4673417806625384 -8.054762840270996
			vertex 3.6533260345458984 1.4709506034851092 -8.128484725952148
		endloop
	endfacet
	facet normal 0.4677823541160414 -0.12352826795366077 -0.8751688043994844
		outer loop
			vertex 3.823544502258301 1.4668780565261859 -8.036927223205566
			vertex 3.790302038192749 1.4673416614532488 -8.054760932922363
			vertex 3.6533260345458984 1.4709506034851092 -8.128484725952148
		endloop
	endfacet
	facet normal 0.4674755444553152 -0.1274367328027157 -0.874772252914309
		outer loop
			vertex 3.823544502258301 1.4668780565261859 -8.036927223205566
			vertex 3.6533260345458984 1.4709506034851092 -8.128484725952148
			vertex 3.5432052612304688 1.4738519191741961 -8.187755584716797
		endloop
	endfacet
	facet normal -0.017867564328547008 -0.9997164664542074 -0.01573965835966194
		outer loop
			vertex 3.543177843093872 1.4738526344299334 -8.187769889831543
			vertex 3.5432052612304688 1.4738519191741961 -8.187755584716797
			vertex 3.6533260345458984 1.4709506034851092 -8.128484725952148
		endloop
	endfacet
	facet normal 0.28771096465027296 -0.13698505990976548 -0.9478699774660696
		outer loop
			vertex 2.8682806491851807 1.4654533863067645 -8.42011547088623
			vertex 3.018807888031006 1.4674239158630389 -8.374710083007812
			vertex 3.0154545307159424 1.4673427343368548 -8.375716209411621
		endloop
	endfacet
	facet normal 0.2879677653160693 -0.12729668524499635 -0.9491417808022709
		outer loop
			vertex 2.8682806491851807 1.4654533863067645 -8.42011547088623
			vertex 2.741973638534546 1.4638975858688372 -8.45822811126709
			vertex 3.018807888031006 1.4674239158630389 -8.374710083007812
		endloop
	endfacet
	facet normal 0.2879525619638414 -0.1278841924326446 -0.9490674135088143
		outer loop
			vertex 2.7476916313171387 1.4639056921005267 -8.456494331359863
			vertex 2.741973638534546 1.4638975858688372 -8.45822811126709
			vertex 2.8682806491851807 1.4654533863067645 -8.42011547088623
		endloop
	endfacet
	facet normal 0.2931502798307298 -0.05378429682207819 -0.9545523363600968
		outer loop
			vertex 2.7754602432250977 -0.847410321235655 -8.14760971069336
			vertex 2.9174814224243164 -0.8546635508537275 -8.103585243225098
			vertex 2.9175119400024414 -0.8546664714813215 -8.103575706481934
		endloop
	endfacet
	facet normal 0.28807245163962886 -0.12323868874233046 -0.9496454539476323
		outer loop
			vertex 2.480390787124634 1.4635242223739644 -8.537529945373535
			vertex 2.343186140060425 1.464895248413088 -8.579328536987305
			vertex 2.6013073921203613 1.463696837425234 -8.500872611999512
		endloop
	endfacet
	facet normal 0.28807013004510545 -0.12356286122770008 -0.9496040330058736
		outer loop
			vertex 1.68514883518219 -0.8976954221725445 -8.47181510925293
			vertex 1.9992831945419312 -0.862286150455473 -8.38112735748291
			vertex 2.2032628059387207 -0.8478058576583843 -8.32113265991211
		endloop
	endfacet
	facet normal 0.09726412466164862 -0.12349616881997412 -0.9875669022099677
		outer loop
			vertex 0.7930216789245605 -0.8397197127342205 -8.56692886352539
			vertex 1.200080156326294 -0.8509449958801251 -8.525434494018555
			vertex 1.433232069015503 -0.8686512708663922 -8.50025749206543
		endloop
	endfacet
	facet normal 0.09725808667383042 -0.12356438754696815 -0.9875589636607469
		outer loop
			vertex 1.200080156326294 -0.8509449958801251 -8.525434494018555
			vertex 1.3478209972381592 -0.8598033785819988 -8.50977611541748
			vertex 1.433232069015503 -0.8686512708663922 -8.50025749206543
		endloop
	endfacet
	facet normal 0.09726913893548599 -0.12337055000191331 -0.987582108992956
		outer loop
			vertex 0.7930216789245605 -0.8397197127342205 -8.56692886352539
			vertex 1.0897325277328491 -0.8443286418914776 -8.537129402160645
			vertex 1.200080156326294 -0.8509449958801251 -8.525434494018555
		endloop
	endfacet
	facet normal 0.09725284401405125 -0.12395458245462877 -0.9875105801051842
		outer loop
			vertex 0.7930216789245605 -0.8397197127342205 -8.56692886352539
			vertex 0.809644341468811 -0.839267134666441 -8.565348625183105
			vertex 1.0897326469421387 -0.8443286418914776 -8.537129402160645
		endloop
	endfacet
	facet normal 0.09723781535409916 -0.12444827765279964 -0.9874499650384388
		outer loop
			vertex 0.809644341468811 -0.839267134666441 -8.565348625183105
			vertex 1.0786426067352295 -0.8436636924743633 -8.538305282592773
			vertex 1.0897326469421387 -0.8443286418914776 -8.537129402160645
		endloop
	endfacet
	facet normal 0.09727436501722567 -0.12488654387202214 -0.9873910314916766
		outer loop
			vertex 1.2398279905319214 1.466367244720461 -8.81118392944336
			vertex 1.4271537065505981 1.4695652723312398 -8.793133735656738
			vertex 1.3932123184204102 1.4686814546585103 -8.796365737915039
		endloop
	endfacet
	facet normal 0.036908454120539426 -0.9003134656229212 -0.43367433591633825
		outer loop
			vertex 0.8366454243659973 1.4633337259292623 -8.85051441192627
			vertex 0.8366230130195618 1.4633337259292623 -8.850516319274902
			vertex 0.6842131614685059 1.4643796682357808 -8.8656587600708
		endloop
	endfacet
	facet normal -0.06137910894165547 -0.8899970796540043 0.4518161165705274
		outer loop
			vertex 0.4048890769481659 1.4679827690124532 -8.893619537353516
			vertex 0.5585689544677734 1.465241789817812 -8.878141403198242
			vertex 0.558567225933075 1.4652419090271016 -8.878141403198242
		endloop
	endfacet
	facet normal -0.01656521175504749 -0.999783700803632 -0.012575586145548006
		outer loop
			vertex 0.4048890769481659 1.4679827690124532 -8.893619537353516
			vertex 0.27988988161087036 1.4702122211456319 -8.906209945678711
			vertex 0.5585689544677734 1.465241789817812 -8.878141403198242
		endloop
	endfacet
	facet normal -0.10169137239890431 0.13844696234778325 -0.9851351701143855
		outer loop
			vertex -0.5585764646530151 1.465241789817812 -8.878140449523926
			vertex -0.43365687131881714 1.4674696922302266 -8.890722274780273
			vertex -0.558567225933075 1.465241789817812 -8.878141403198242
		endloop
	endfacet
	facet normal -0.0351441083388063 0.9170385458290748 -0.39724702278653506
		outer loop
			vertex -1.1146659851074219 1.4644787311553975 -8.823274612426758
			vertex -0.9889150261878967 1.463960886001589 -8.83559513092041
			vertex -1.1146429777145386 1.4644783735275289 -8.823277473449707
		endloop
	endfacet
	facet normal -0.28806776181962157 -0.12342589806124755 -0.94962256306809
		outer loop
			vertex -2.093195676803589 1.4687610864639302 -8.655664443969727
			vertex -1.8977129459381104 1.4734851121902486 -8.715578079223633
			vertex -1.9449231624603271 1.4719359874725362 -8.701055526733398
		endloop
	endfacet
	facet normal 0.0039186576151526405 -0.9998368304893671 0.01763395926818688
		outer loop
			vertex -2.7476961612701416 1.4639058113098162 -8.456493377685547
			vertex -2.626767635345459 1.4637331962585467 -8.49315357208252
			vertex -2.7476918697357178 1.4639058113098162 -8.456494331359863
		endloop
	endfacet
	facet normal -0.4677637375382165 -0.12377844044234802 -0.8751434074058598
		outer loop
			vertex -3.680243730545044 1.470241308212282 -8.113997459411621
			vertex -3.506730079650879 1.4752643108367938 -8.207450866699219
			vertex -3.543177843093872 1.4738526344299334 -8.187769889831543
		endloop
	endfacet
	facet normal -0.4677996346415074 -0.12333809667836035 -0.87518638914064
		outer loop
			vertex -3.680243730545044 1.470241308212282 -8.113997459411621
			vertex -4.043203353881836 1.4638950824737567 -7.919095993041992
			vertex -3.506730079650879 1.4752643108367938 -8.207450866699219
		endloop
	endfacet
	facet normal -0.4677961121386061 -0.12338675287034584 -0.8751814135847018
		outer loop
			vertex -4.043203353881836 1.4638950824737567 -7.919095993041992
			vertex -3.680243730545044 1.470241308212282 -8.113997459411621
			vertex -3.786503314971924 1.4674417972564715 -8.056805610656738
		endloop
	endfacet
	facet normal -0.467934421448179 -0.12138317686629499 -0.8753876293378857
		outer loop
			vertex -4.036755561828613 1.4639049768447894 -7.922544002532959
			vertex -4.043203353881836 1.4638950824737567 -7.919095993041992
			vertex -3.786503314971924 1.4674417972564715 -8.056805610656738
		endloop
	endfacet
	facet normal -0.4673037710343394 -0.13027215838459744 -0.87444631071719
		outer loop
			vertex -4.036755561828613 1.4639049768447894 -7.922544002532959
			vertex -3.786503314971924 1.4674417972564715 -8.056805610656738
			vertex -3.7902979850769043 1.4673417806625384 -8.054762840270996
		endloop
	endfacet
	facet normal -0.46338968737155206 -0.31405378895790803 -0.8286375656937579
		outer loop
			vertex -3.426504135131836 -0.8796482086181623 -7.918163776397705
			vertex -3.557853937149048 -0.866009056568144 -7.849879741668701
			vertex -3.4265079498291016 -0.8796476125717145 -7.918161869049072
		endloop
	endfacet
	facet normal -0.4095417480241871 -0.6271780181130969 -0.662512860419344
		outer loop
			vertex -3.426504135131836 -0.8796482086181623 -7.918163776397705
			vertex -3.596113443374634 -0.8620363473892194 -7.829989910125732
			vertex -3.557853937149048 -0.866009056568144 -7.849879741668701
		endloop
	endfacet
	facet normal -0.28997929922853355 -0.8772367384912723 -0.3825803322965309
		outer loop
			vertex -3.596118211746216 -0.8620358109474164 -7.829987525939941
			vertex -3.557853937149048 -0.866009056568144 -7.849879741668701
			vertex -3.596113443374634 -0.8620363473892194 -7.829989910125732
		endloop
	endfacet
	facet normal -0.46779193482838316 -0.12347761228886621 -0.8751708318796726
		outer loop
			vertex -3.426504135131836 -0.8796482086181623 -7.918163776397705
			vertex -3.373014450073242 -0.8877890110015851 -7.945606231689453
			vertex -3.596113443374634 -0.8620363473892194 -7.829989910125732
		endloop
	endfacet
	facet normal -0.024093215720534734 0.9988201978508146 -0.04216312751093578
		outer loop
			vertex -4.2830681800842285 1.4635235071182269 -7.790833473205566
			vertex -4.171643257141113 1.4636961221694964 -7.8504157066345215
			vertex -4.283064842224121 1.4635235071182269 -7.790835380554199
		endloop
	endfacet
	facet normal -0.33666815909815806 -0.72393253935565 -0.6021430304433804
		outer loop
			vertex -4.666602611541748 1.4693684577941912 -7.586654186248779
			vertex -4.529727935791016 1.466195225715639 -7.65936803817749
			vertex -4.529748916625977 1.466195464134218 -7.659356594085693
		endloop
	endfacet
	facet normal -0.3375118544723377 -0.7349607081567002 -0.5881483703594232
		outer loop
			vertex -4.916756629943848 1.476883769035341 -7.454004287719727
			vertex -4.777322769165039 1.4719352722167987 -7.527835369110107
			vertex -4.777328014373779 1.4719353914260882 -7.527832508087158
		endloop
	endfacet
	facet normal -0.35918565785786 0.8253676401820349 -0.43560753176403566
		outer loop
			vertex -4.748978614807129 -0.8905779123306259 -7.209744930267334
			vertex -4.620635509490967 -0.8722921013832076 -7.2809247970581055
			vertex -4.620634078979492 -0.872291982173918 -7.280925750732422
		endloop
	endfacet
	facet normal -0.066555763121596 -0.9309040654572053 -0.3591489263669728
		outer loop
			vertex -4.798898220062256 -0.8976903557777389 -7.182058811187744
			vertex -4.748978614807129 -0.8905779123306259 -7.209744930267334
			vertex -4.620634078979492 -0.872291982173918 -7.280925750732422
		endloop
	endfacet
	facet normal -0.629542118533472 -0.12364320942518968 -0.7670652369619072
		outer loop
			vertex -4.997178077697754 -0.8686404824256881 -7.024009704589844
			vertex -4.852257251739502 -0.8877435326576217 -7.139869213104248
			vertex -4.826086521148682 -0.8926220536231979 -7.160561561584473
		endloop
	endfacet
	facet normal -0.6295408514522132 -0.1234236577544741 -0.767101634113322
		outer loop
			vertex -5.179826259613037 -0.8509356379508957 -6.8769636154174805
			vertex -5.0642852783203125 -0.8597945570945724 -6.970359802246094
			vertex -4.997178077697754 -0.8686404824256881 -7.024009704589844
		endloop
	endfacet
	facet normal -0.6295178903280131 -0.12380843590406204 -0.7670584703632166
		outer loop
			vertex -5.39007043838501 -0.8412330150604234 -6.705981731414795
			vertex -5.274791717529297 -0.8436548113822921 -6.800199031829834
			vertex -5.266122341156006 -0.8443194627761825 -6.807206630706787
		endloop
	endfacet
	facet normal 0.3163659505827114 0.8823873092886702 0.34828899166955934
		outer loop
			vertex -6.221425533294678 1.4747059345245375 -6.396402835845947
			vertex -6.0997443199157715 1.4702099561691298 -6.495540618896484
			vertex -6.099746227264404 1.4702100753784193 -6.49553918838501
		endloop
	endfacet
	facet normal -0.29118557396162703 0.8704599880488055 -0.39687576232709343
		outer loop
			vertex -6.221425533294678 1.4747059345245375 -6.396402835845947
			vertex -6.317845821380615 1.4782686233520521 -6.317845821380615
			vertex -6.0997443199157715 1.4702099561691298 -6.495540618896484
		endloop
	endfacet
	facet normal -0.6302942856147821 0.37415402495106803 -0.6802483951721365
		outer loop
			vertex -5.900386810302734 -0.8656705021858201 -6.283243179321289
			vertex -5.900382995605469 -0.8656701445579514 -6.2832465171813965
			vertex -6.012758731842041 -0.8824068903923021 -6.188328742980957
		endloop
	endfacet
	facet normal -0.7670263296809332 -0.1241106184631112 -0.629497548812464
		outer loop
			vertex -6.4651007652282715 1.4715903997421278 -6.137106418609619
			vertex -6.4955668449401855 1.4702087640762342 -6.099711894989014
			vertex -6.593344211578369 1.4674659967422499 -5.980031967163086
		endloop
	endfacet
	facet normal -0.7675326228700442 -0.11870366500977184 -0.629923100658706
		outer loop
			vertex -6.946990489959717 1.463956952095033 -5.548425197601318
			vertex -6.849124431610107 1.4633380174636854 -5.667553901672363
			vertex -6.849855422973633 1.463330149650575 -5.666661739349365
		endloop
	endfacet
	facet normal -0.36058095446563515 -0.8934471771711054 -0.26783113501166184
		outer loop
			vertex -7.384085655212402 1.4759616851806652 -5.018177032470703
			vertex -7.304621696472168 1.4727272987365734 -5.114369869232178
			vertex -7.384079456329346 1.4759613275527965 -5.018184185028076
		endloop
	endfacet
	facet normal -0.6560345883011612 -0.6612399575910756 -0.36384108816553223
		outer loop
			vertex -7.600600242614746 1.4687560796737682 -4.640349864959717
			vertex -7.527846813201904 1.4719310998916637 -4.7773003578186035
			vertex -7.527852535247803 1.471930742263795 -4.777289390563965
		endloop
	endfacet
	facet normal -0.48839538614027084 0.8356682749568262 -0.25125381793632123
		outer loop
			vertex -7.73153829574585 1.4647244215011606 -4.394318580627441
			vertex -7.659374713897705 1.4661911725997936 -4.529714107513428
			vertex -7.65937614440918 1.466191053390504 -4.529711723327637
		endloop
	endfacet
	facet normal -0.04318534645497051 0.9989926476805451 -0.012194905976615987
		outer loop
			vertex -7.73153829574585 1.4647244215011606 -4.394318580627441
			vertex -7.7607526779174805 1.4641306400299081 -4.339504718780518
			vertex -7.659374713897705 1.4661911725997936 -4.529714107513428
		endloop
	endfacet
	facet normal -0.7312086931472541 -0.5727158249646978 -0.3705812068911355
		outer loop
			vertex -7.481866359710693 -0.8445949554443349 -4.25200891494751
			vertex -7.411113262176514 -0.8502408266067495 -4.382889270782471
			vertex -7.411108016967773 -0.8502416610717763 -4.382898330688477
		endloop
	endfacet
	facet normal -0.8751861459240732 -0.12333460519450733 -0.46780101019993753
		outer loop
			vertex -7.539730548858643 -0.8399772047996512 -4.144970893859863
			vertex -7.411108016967773 -0.8502416610717763 -4.382898330688477
			vertex -7.378081321716309 -0.8558319211006155 -4.443212509155273
		endloop
	endfacet
	facet normal -0.4143800001606672 0.8823740666036541 -0.22294667984111313
		outer loop
			vertex -7.9225640296936035 1.463900327682496 -4.036716938018799
			vertex -7.922567367553711 1.4639004468917856 -4.036710262298584
			vertex -7.862979412078857 1.463727831840516 -4.148146629333496
		endloop
	endfacet
	facet normal -0.8751874074707268 -0.12336634098272042 -0.4677902817686611
		outer loop
			vertex -7.861196517944336 -0.8682480454444877 -3.536090850830078
			vertex -7.793079853057861 -0.8546429276466362 -3.6671180725097656
			vertex -7.766915321350098 -0.8519036173820488 -3.7167916297912598
		endloop
	endfacet
	facet normal -0.3736827142252192 -0.8823995797292558 -0.28588845863886514
		outer loop
			vertex -7.861196517944336 -0.8682480454444877 -3.536090850830078
			vertex -7.793081760406494 -0.8546430468559257 -3.6671152114868164
			vertex -7.793079853057861 -0.8546429276466362 -3.6671180725097656
		endloop
	endfacet
	facet normal -0.30008625996291705 -0.9471920854914708 -0.11302826975490206
		outer loop
			vertex -8.295035362243652 1.4738463163375861 -3.284210920333862
			vertex -8.295036315917969 1.473846077919007 -3.284206390380859
			vertex -8.339791297912598 1.4702351093292243 -3.135123014450073
		endloop
	endfacet
	facet normal -0.9497162955987276 -0.12268579183430976 -0.2880749110148588
		outer loop
			vertex -8.283244132995605 1.4752503633499152 -3.323681831359863
			vertex -8.295035362243652 1.4738463163375861 -3.284210920333862
			vertex -8.339791297912598 1.4702351093292243 -3.135123014450073
		endloop
	endfacet
	facet normal -0.9496431922994865 -0.12326556397388559 -0.28806840864183714
		outer loop
			vertex -8.283244132995605 1.4752503633499152 -3.323681831359863
			vertex -8.339791297912598 1.4702351093292243 -3.135123014450073
			vertex -8.374707221984863 1.4674179553985602 -3.018814086914062
		endloop
	endfacet
	facet normal -0.10663751973073082 -0.9927164756059565 -0.05605745665088821
		outer loop
			vertex -8.374714851379395 1.467417240142823 -3.0187869071960445
			vertex -8.374707221984863 1.4674179553985602 -3.018814086914062
			vertex -8.339791297912598 1.4702351093292243 -3.135123014450073
		endloop
	endfacet
	facet normal -0.9496066399313958 -0.12359269125365535 -0.28804873904754913
		outer loop
			vertex -8.147624969482422 -0.847380876541137 -2.7754225730895996
			vertex -8.10360050201416 -0.8546355962753289 -2.9174447059631348
			vertex -8.079474449157715 -0.862013936042785 -2.9938149452209473
		endloop
	endfacet
	facet normal -0.9496670241811499 -0.12305239247519398 -0.288080981477518
		outer loop
			vertex -8.537540435791016 1.4635169506073002 -2.4803535938262935
			vertex -8.579327583312988 1.4648877382278447 -2.3431866168975826
			vertex -8.500882148742676 1.4636894464492805 -2.601272344589233
		endloop
	endfacet
	facet normal -0.949614994294115 -0.1234925243263808 -0.2880641578664143
		outer loop
			vertex -8.664363861083984 1.469361782073975 -2.0647771358489986
			vertex -8.609025001525879 1.4658617973327641 -2.2457034587860103
			vertex -8.619002342224121 1.4661891460418706 -2.212953090667724
		endloop
	endfacet
	facet normal -0.9496611608321811 -0.12308553453313936 -0.2880861516900211
		outer loop
			vertex -8.664363861083984 1.469361782073975 -2.0647771358489986
			vertex -8.763138771057129 1.4785506725311284 -1.7430967092514036
			vertex -8.609025001525879 1.4658617973327641 -2.2457034587860103
		endloop
	endfacet
	facet normal -0.9496321363137961 -0.12334756693695638 -0.28806975441866317
		outer loop
			vertex -8.701064109802246 1.4719288349151616 -1.944892644882202
			vertex -8.763138771057129 1.4785506725311284 -1.7430967092514036
			vertex -8.664363861083984 1.469361782073975 -2.0647771358489986
		endloop
	endfacet
	facet normal -0.2911746746245997 -0.9548958064687211 -0.05823493492491995
		outer loop
			vertex -8.747451782226562 1.4768772125244145 -1.7940943241119383
			vertex -8.701064109802246 1.4719288349151616 -1.944892644882202
			vertex -8.701065063476562 1.4719288349151616 -1.94488787651062
		endloop
	endfacet
	facet normal -0.1333228973955593 0.9870025229950831 0.0897275020904621
		outer loop
			vertex -8.456101417541504 -0.8905520439147946 -1.7400116920471194
			vertex -8.415680885314941 -0.8722661733627315 -1.8810968399047854
			vertex -8.415680885314941 -0.8722660541534419 -1.8810981512069704
		endloop
	endfacet
	facet normal -0.17190752369697637 0.9820181064969408 0.07802718634256009
		outer loop
			vertex -8.471819877624512 -0.8976627588272091 -1.685149669647217
			vertex -8.456101417541504 -0.8905520439147946 -1.7400116920471194
			vertex -8.415680885314941 -0.8722660541534419 -1.8810981512069704
		endloop
	endfacet
	facet normal -0.8335522968032884 -0.4739578144347426 -0.28382134984917
		outer loop
			vertex -8.381141662597656 -0.8622587323188777 -1.9992470741271975
			vertex -8.33963680267334 -0.8502330780029292 -2.1412241458892822
			vertex -8.339635848999023 -0.8502328991889949 -2.1412272453308105
		endloop
	endfacet
	facet normal -0.9496212563422395 -0.12344320894930372 -0.28806465188788016
		outer loop
			vertex -8.471819877624512 -0.8976627588272091 -1.685149669647217
			vertex -8.415680885314941 -0.8722660541534419 -1.8810981512069704
			vertex -8.321148872375488 -0.8477779030799861 -2.2032220363616943
		endloop
	endfacet
	facet normal -0.9496108213007985 -0.12351743841386144 -0.28806723256229766
		outer loop
			vertex -8.415680885314941 -0.8722660541534419 -1.8810981512069704
			vertex -8.339635848999023 -0.8502328991889949 -2.1412272453308105
			vertex -8.321148872375488 -0.8477779030799861 -2.2032220363616943
		endloop
	endfacet
	facet normal -0.3453931914709253 -0.9366304934441322 0.05853940584025826
		outer loop
			vertex -8.500265121459961 -0.8686144948005673 -1.4332039356231692
			vertex -8.496089935302734 -0.872495889663696 -1.470671892166138
			vertex -8.500265121459961 -0.8686144351959225 -1.4332029819488528
		endloop
	endfacet
	facet normal -0.9903978273533103 0.1012271580013381 -0.09415522320516838
		outer loop
			vertex -8.811185836791992 1.4663578271865847 -1.239795923233032
			vertex -8.796366691589355 1.4686722755432131 -1.3931869268417356
			vertex -8.796367645263672 1.468672037124634 -1.3931771516799925
		endloop
	endfacet
	facet normal -0.46613490345297354 0.8825880607706382 -0.06129083755351654
		outer loop
			vertex -8.553205490112305 -0.8412044048309324 -0.9304772019386294
			vertex -8.538312911987305 -0.8436259031295774 -1.0786092281341555
			vertex -8.538312911987305 -0.8436262011528013 -1.0786135196685793
		endloop
	endfacet
	facet normal -0.9873908012954948 -0.12492842698874643 -0.09722290700837012
		outer loop
			vertex -8.553205490112305 -0.8412044048309324 -0.9304772019386294
			vertex -8.538312911987305 -0.8436262011528013 -1.0786135196685793
			vertex -8.537137031555176 -0.844291031360626 -1.0897014141082766
		endloop
	endfacet
	facet normal -0.99647260966942 1.5574978163749272e-10 -0.08391864023335871
		outer loop
			vertex -8.637930870056152 -0.8965523838996887 -1.7309386813055687e-15
			vertex -8.627476692199707 -0.8823783993721008 -0.12413573265075703
			vertex -8.637930870056152 -0.896552562713623 -2.0558293252370577e-15
		endloop
	endfacet
	facet normal -0.9874255459459003 -0.12464950148982905 0.09722804632295298
		outer loop
			vertex -8.890718460083008 1.4674581289291382 0.43368285894393954
			vertex -8.911092758178711 1.4715791940689087 0.23204953968524966
			vertex -8.906205177307129 1.470200777053833 0.27991950511932406
		endloop
	endfacet
	facet normal -0.9875866621786082 -0.12333243503146174 0.09727124526871064
		outer loop
			vertex -8.890718460083008 1.4674581289291382 0.43368285894393954
			vertex -8.863740921020508 1.4642357826232908 0.7034978270530704
			vertex -8.911092758178711 1.4715791940689087 0.23204953968524966
		endloop
	endfacet
	facet normal -0.9875218551231171 -0.12386031401094531 0.09725846116049496
		outer loop
			vertex -8.863740921020508 1.4642357826232908 0.7034978270530704
			vertex -8.890718460083008 1.4674581289291382 0.43368285894393954
			vertex -8.87813663482666 1.4652302265167234 0.5585961937904361
		endloop
	endfacet
	facet normal -0.27593161571014363 -0.960677567245596 0.030989598943406325
		outer loop
			vertex -8.823272705078125 1.4644668102264402 1.1146733760833742
			vertex -8.835591316223145 1.4639490842819212 0.9889388680458072
			vertex -8.823272705078125 1.4644666910171507 1.1146696805953982
		endloop
	endfacet
	facet normal -0.98758028165984 -0.12338496790855784 0.09726940408409615
		outer loop
			vertex -8.556928634643555 -0.8405895233154299 0.8934561610221861
			vertex -8.565349578857422 -0.8392202854156496 0.8096948266029356
			vertex -8.576854705810547 -0.8425148725509645 0.688703656196594
		endloop
	endfacet
	facet normal -0.987547987301442 -0.12364373755402232 0.09726869455556181
		outer loop
			vertex -8.556928634643555 -0.8405895233154299 0.8934561610221861
			vertex -8.576854705810547 -0.8425148725509645 0.688703656196594
			vertex -8.595102310180664 -0.849831521511078 0.4941390752792357
		endloop
	endfacet
	facet normal -0.9875374483150443 -0.12372622231006376 0.09727080799649913
		outer loop
			vertex -8.576854705810547 -0.8425148725509645 0.688703656196594
			vertex -8.590944290161133 -0.8465497493743898 0.5405275225639341
			vertex -8.595102310180664 -0.849831521511078 0.4941390752792357
		endloop
	endfacet
	facet normal -0.16551408684289684 0.9846824060622691 -0.05482377447771074
		outer loop
			vertex -8.601874351501465 -0.85517555475235 0.41860094666481
			vertex -8.615126609802246 -0.8656337261199952 0.27077198028564436
			vertex -8.615127563476562 -0.8656340241432191 0.2707695066928862
		endloop
	endfacet
	facet normal -0.9875761424348641 -0.1234206020075025 0.09726622175030093
		outer loop
			vertex -8.556928634643555 -0.8405895233154299 0.8934561610221861
			vertex -8.595102310180664 -0.849831521511078 0.4941390752792357
			vertex -8.622624397277832 -0.8757985234260559 0.18174882233142833
		endloop
	endfacet
	facet normal -0.9875525085164836 -0.12359950264025228 0.09727901042816586
		outer loop
			vertex -8.595102310180664 -0.849831521511078 0.4941390752792357
			vertex -8.615127563476562 -0.8656340241432191 0.2707695066928862
			vertex -8.622624397277832 -0.8757985234260559 0.18174882233142833
		endloop
	endfacet
	facet normal -0.7805389107862527 0.6187978911730709 0.0885899465423175
		outer loop
			vertex -8.544588088989258 -0.8425961732864382 1.0162028074264524
			vertex -8.550463676452637 -0.8416407108306887 0.9577609300613401
			vertex -8.556928634643555 -0.8405895233154299 0.8934576511383054
		endloop
	endfacet
	facet normal -0.4875678699200202 -0.8730848280422981 -0.000674732543575707
		outer loop
			vertex -8.51355266571045 -0.8576226234436038 1.3122415542602537
			vertex -8.522674560546875 -0.8524620532989504 1.2261738777160642
			vertex -8.513551712036133 -0.8576231598854068 1.3122465610504148
		endloop
	endfacet
	facet normal -0.03475701017293745 0.9991377841184411 -0.022707676911782753
		outer loop
			vertex -8.7815523147583 1.472719311714172 1.5487444400787356
			vertex -8.796361923217773 1.468669772148132 1.3932327032089236
			vertex -8.796361923217773 1.4686698913574217 1.3932379484176638
		endloop
	endfacet
	facet normal -0.3393380637418206 -0.9304812485950801 0.1380374025722485
		outer loop
			vertex -8.29710578918457 -0.8445623517036444 2.2838597297668457
			vertex -8.339622497558594 -0.8502084016799931 2.141281843185425
			vertex -8.33962345123291 -0.8502089381217961 2.1412758827209473
		endloop
	endfacet
	facet normal -0.9496679141166736 -0.12309432089031049 0.2880601344543179
		outer loop
			vertex -8.29710578918457 -0.8445623517036444 2.2838597297668457
			vertex -8.33962345123291 -0.8502089381217961 2.1412758827209473
			vertex -8.358919143676758 -0.8557993769645695 2.0752735137939453
		endloop
	endfacet
	facet normal 0.08152908843785925 -0.9963987134301748 -0.023294025267959782
		outer loop
			vertex -8.456486701965332 1.463892221450805 2.7477133274078374
			vertex -8.493147850036621 1.4637196063995355 2.626782894134522
			vertex -8.456487655639648 1.463892221450805 2.74770998954773
		endloop
	endfacet
	facet normal -0.9496279262025743 -0.12336602568187457 0.2880757287305844
		outer loop
			vertex -7.9802398681640625 -0.8980055451393135 3.305523633956909
			vertex -8.059102058410645 -0.8682155013084418 3.0583155155181885
			vertex -8.120213508605957 -0.8518709540367133 2.863863945007324
		endloop
	endfacet
	facet normal -0.08196569227968721 0.9906869442583774 -0.1087244395943734
		outer loop
			vertex -7.94560432434082 -0.8877309560775765 3.3730335235595703
			vertex -7.9753899574279785 -0.8965668678283699 3.314976453781128
			vertex -7.9802398681640625 -0.8980055451393135 3.305523633956909
		endloop
	endfacet
	facet normal -0.8751591979406376 -0.12354922450365302 0.4677947919595149
		outer loop
			vertex -7.830003261566162 -0.861981928348542 3.596102714538574
			vertex -7.918161392211914 -0.8795899152755745 3.4265244007110596
			vertex -7.94560432434082 -0.8877309560775765 3.3730335235595703
		endloop
	endfacet
	facet normal -0.8751843117232078 -0.12338717485631426 0.46779057877917174
		outer loop
			vertex -7.666973114013672 -0.8414030075073251 3.9065420627593994
			vertex -7.793062210083008 -0.8546036481857308 3.667161464691162
			vertex -7.830003261566162 -0.861981928348542 3.596102714538574
		endloop
	endfacet
	facet normal -0.0445226794084553 -0.9987603134750926 0.02226133970422765
		outer loop
			vertex -7.850409984588623 1.4636813402175894 4.17164945602417
			vertex -7.790827751159668 1.4635088443756095 4.283074855804443
			vertex -7.79082727432251 1.4635088443756095 4.28307580947876
		endloop
	endfacet
	facet normal -0.24837795970882126 0.9624386995889772 0.10963639297405643
		outer loop
			vertex -7.5866498947143555 1.469353675842284 4.666606903076172
			vertex -7.52782678604126 1.471920609474181 4.777335166931152
			vertex -7.527822494506836 1.4719208478927601 4.777342796325684
		endloop
	endfacet
	facet normal -0.7671065540144018 -0.12338395824531137 0.6295426384573717
		outer loop
			vertex -6.876963138580322 -0.85087549686432 5.179838180541992
			vertex -6.97036600112915 -0.8597350716590892 5.064289093017578
			vertex -7.047569751739502 -0.8724639415740978 4.9677205085754395
		endloop
	endfacet
	facet normal -0.7489491087022295 0.31866443361049795 0.580971781867103
		outer loop
			vertex -6.970361232757568 -0.8597342967987072 5.064294815063477
			vertex -6.97036600112915 -0.8597350716590892 5.064289093017578
			vertex -6.876963138580322 -0.85087549686432 5.179838180541992
		endloop
	endfacet
	facet normal -0.12247385454456383 -0.9891074548067713 0.08164923636304255
		outer loop
			vertex -7.107121467590332 1.466349720954894 5.353774070739746
			vertex -7.027151107788086 1.4644608497619618 5.450847625732422
			vertex -7.0271501541137695 1.4644608497619618 5.4508490562438965
		endloop
	endfacet
	facet normal -0.6926224608057301 -0.4344047860941255 0.5758182079492904
		outer loop
			vertex -6.495534896850586 1.4701950550079332 6.099748611450195
			vertex -6.575024604797363 1.4679653644561754 6.002452373504639
			vertex -6.495536804199219 1.4701949357986437 6.099746227264404
		endloop
	endfacet
	facet normal -0.6295124305876045 -0.12389758681779765 0.7670485562964138
		outer loop
			vertex -6.137110233306885 1.4715752601623522 6.465095043182373
			vertex -6.099711894989014 1.470193505287169 6.4955644607543945
			vertex -5.980035781860352 1.467450857162474 6.593338966369629
		endloop
	endfacet
	facet normal 0.4516252983907109 0.6908969796573127 -0.5645316229883887
		outer loop
			vertex -5.234806060791016 1.4686626195907577 7.205128192901611
			vertex -5.331942558288574 1.46677255630493 7.125105857849121
			vertex -5.234808444976807 1.4686626195907577 7.2051262855529785
		endloop
	endfacet
	facet normal -0.6295694499715528 -0.1231895560146735 0.7671157937048514
		outer loop
			vertex -5.018189907073975 1.475946187973021 7.384072780609131
			vertex -4.963918685913086 1.4785395860671982 7.42902946472168
			vertex -5.114377975463867 1.4727119207382187 7.304612159729004
		endloop
	endfacet
	facet normal -0.08732677107596397 -0.9913001521642348 0.09847864424641165
		outer loop
			vertex -4.963918685913086 1.4785395860671982 7.42902946472168
			vertex -4.886769771575928 1.4758014678955063 7.469879627227783
			vertex -4.777288913726807 1.4719159603118879 7.52785062789917
		endloop
	endfacet
	facet normal -0.467787670494094 -0.12353059605277238 0.8751656341359364
		outer loop
			vertex -4.963918685913086 1.4785395860671982 7.42902946472168
			vertex -4.777288913726807 1.4719159603118879 7.52785062789917
			vertex -4.4847893714904785 1.4656898975372297 7.683316707611084
		endloop
	endfacet
	facet normal -0.4677921947490301 -0.12340974517531031 0.8751802656182612
		outer loop
			vertex -4.963918685913086 1.4785395860671982 7.42902946472168
			vertex -4.4847893714904785 1.4656898975372297 7.683316707611084
			vertex -4.332479953765869 1.4640400409698469 7.764494895935059
		endloop
	endfacet
	facet normal -0.1032380664700018 -0.979355567001438 0.17379463459735273
		outer loop
			vertex -4.4847893714904785 1.4656898975372297 7.683316707611084
			vertex -4.394330978393555 1.4647099971771222 7.731529235839844
			vertex -4.332479953765869 1.4640400409698469 7.764494895935059
		endloop
	endfacet
	facet normal -0.4677861651891375 -0.12356655914749828 0.8751613617602692
		outer loop
			vertex -4.4847893714904785 1.4656898975372297 7.683316707611084
			vertex -4.777288913726807 1.4719159603118879 7.52785062789917
			vertex -4.64036226272583 1.4687415361404401 7.600591659545898
		endloop
	endfacet
	facet normal -0.46751999016265416 0.0140075314794294 0.8838715109449817
		outer loop
			vertex -4.777297019958496 1.471916198730467 7.527846336364746
			vertex -4.777288913726807 1.4719159603118879 7.52785062789917
			vertex -4.886769771575928 1.4758014678955063 7.469879627227783
		endloop
	endfacet
	facet normal -0.46776570992508426 -0.12403895084296641 0.8751054675249483
		outer loop
			vertex -4.4847893714904785 1.4656898975372297 7.683316707611084
			vertex -4.64036226272583 1.4687415361404401 7.600591659545898
			vertex -4.529720306396484 1.4661766290664655 7.659368991851807
		endloop
	endfacet
	facet normal -0.05667682263145645 -0.9924394393856357 0.10886549925631916
		outer loop
			vertex -4.283037185668945 1.4635044336318952 7.790846824645996
			vertex -4.148160457611084 1.4637132883071882 7.862969398498535
			vertex -4.28291130065918 1.4635046720504743 7.790914535522461
		endloop
	endfacet
	facet normal -0.46744268350615964 -0.12910523771637133 0.8745451247538686
		outer loop
			vertex -4.028918743133545 1.4639947414398176 7.926745414733887
			vertex -4.28291130065918 1.4635046720504743 7.790914535522461
			vertex -4.148160457611084 1.4637132883071882 7.862969398498535
		endloop
	endfacet
	facet normal -0.4678429338352804 -0.12261512266264869 0.875264829040229
		outer loop
			vertex -4.03672456741333 1.4638859033584577 7.922557830810547
			vertex -4.028918743133545 1.4639947414398176 7.926745414733887
			vertex -4.148160457611084 1.4637132883071882 7.862969398498535
		endloop
	endfacet
	facet normal 0.024092815314067675 -0.9988202370880404 -0.04216242679961843
		outer loop
			vertex -4.03672456741333 1.4638859033584577 7.922557830810547
			vertex -4.148160457611084 1.4637132883071882 7.862969398498535
			vertex -4.0367279052734375 1.4638859033584577 7.922555923461914
		endloop
	endfacet
	facet normal 0.13633703512461162 0.9600345403118504 -0.2444297327692453
		outer loop
			vertex -4.144985198974609 -0.8399196267128007 7.539731502532959
			vertex -4.011096000671387 -0.8407422304153459 7.611180782318115
			vertex -4.013651371002197 -0.84072655439377 7.609817028045654
		endloop
	endfacet
	facet normal -0.46779161641042755 -0.1234466053991667 0.8751753762712602
		outer loop
			vertex -4.0110955238342285 -0.8407422304153459 7.611180782318115
			vertex -2.8701257705688477 -10.000000000000002 6.9290966987609846
			vertex -3.3055248260498047 -0.897982597351076 7.980242729187012
		endloop
	endfacet
	facet normal -0.28806434525897606 -0.12344661775791067 0.9496209062329293
		outer loop
			vertex -2.8701257705688477 -10.000000000000002 6.9290966987609846
			vertex -1.4631774425506592 -10.000000000000002 7.355889797210692
			vertex -2.4491307735443115 -0.8401927947998065 8.247539520263672
		endloop
	endfacet
	facet normal -0.09726729696917785 -0.12344658889667587 0.9875727885224892
		outer loop
			vertex -1.4631774425506592 -10.000000000000002 7.355889797210692
			vertex -1.8369700935892946e-15 -10.000000000000002 7.499999999999998
			vertex -0.7930155396461487 -0.8396359682083149 8.566940307617188
		endloop
	endfacet
	facet normal 0.09726729755573617 -0.12344654079100802 0.987572794477925
		outer loop
			vertex 0 -10.000000000000002 7.499999999999998
			vertex 1.4631774425506592 -10.000000000000002 7.355889797210692
			vertex 0.8934597969055176 -0.8405521512031574 8.55693244934082
		endloop
	endfacet
	facet normal 0.28806434533548275 -0.1234466156392499 0.949620906485138
		outer loop
			vertex 1.4631774425506592 -10.000000000000002 7.355889797210692
			vertex 2.8701257705688477 -10.000000000000002 6.9290966987609846
			vertex 2.545644998550415 -0.8407396078109759 8.218191146850586
		endloop
	endfacet
	facet normal 0.467791316270354 -0.12344660954037884 0.8751755361154898
		outer loop
			vertex 2.8701257705688477 -10.000000000000002 6.9290966987609846
			vertex 4.166776657104492 -10.000000000000002 6.236021995544432
			vertex 4.100093364715576 -0.8401958346366899 7.563687801361084
		endloop
	endfacet
	facet normal 0.6295408786651643 -0.12344660822415411 0.7670979187870641
		outer loop
			vertex 4.166776657104492 -10.000000000000002 6.236021995544432
			vertex 5.303300857543945 -10.000000000000002 5.3033008575439435
			vertex 5.496993541717529 -0.8396458029747024 6.61848783493042
		endloop
	endfacet
	facet normal 0.7670979194740439 -0.12344660108009795 0.629540879228954
		outer loop
			vertex 5.303300857543945 -10.000000000000002 5.3033008575439435
			vertex 6.236021995544434 -10.000000000000002 4.16677665710449
			vertex 6.682434558868408 -0.8405677080154431 5.418893337249756
		endloop
	endfacet
	facet normal 0.875175540442861 -0.12344657009640264 0.467791318583383
		outer loop
			vertex 6.236021995544434 -10.000000000000002 4.16677665710449
			vertex 6.929096698760986 -10 2.8701257705688454
			vertex 7.611177921295166 -0.8407599329948434 4.011096000671387
		endloop
	endfacet
	facet normal 0.9496209160014324 -0.12344653569828913 0.28806434822221905
		outer loop
			vertex 6.929096698760986 -10 2.8701257705688454
			vertex 7.355889797210693 -10 1.463177442550657
			vertex 8.24753475189209 -0.8402205109596258 2.449131965637207
		endloop
	endfacet
	facet normal 0.9875727840147089 -0.12344662530873779 0.09726729652520082
		outer loop
			vertex 7.355889797210693 -10 1.463177442550657
			vertex 7.5 -10 -1.1488801260301851e-15
			vertex 8.566935539245605 -0.8396746516227724 0.7930183410644529
		endloop
	endfacet
	facet normal 0.9875727862398878 -0.12344660733462731 -0.09726729674436135
		outer loop
			vertex 7.5 -10 -1.1488801260301851e-15
			vertex 7.355889797210693 -10 -1.4631774425506614
			vertex 8.556927680969238 -0.8405988812446592 -0.8934552669525149
		endloop
	endfacet
	facet normal 0.9496209040451347 -0.12344663613631704 -0.2880643445953159
		outer loop
			vertex 7.355889797210693 -10 -1.4631774425506614
			vertex 6.929096698760986 -10 -2.87012577056885
			vertex 8.218186378479004 -0.840792298316955 -2.5456387996673584
		endloop
	endfacet
	facet normal 0.8751755338394763 -0.12344663028622926 -0.4677913150537991
		outer loop
			vertex 6.929096698760986 -10 -2.87012577056885
			vertex 6.236021995544434 -9.999999999999998 -4.166776657104494
			vertex 7.563683986663818 -0.8402533531188956 -4.100085735321045
		endloop
	endfacet
	facet normal 0.767097920058467 -0.12344659500255291 -0.6295408797085774
		outer loop
			vertex 6.236021995544434 -9.999999999999998 -4.166776657104494
			vertex 5.303300857543945 -9.999999999999998 -5.303300857543947
			vertex 6.618485450744629 -0.8397058248519885 -5.496984481811523
		endloop
	endfacet
	facet normal 0.7672026172938028 -0.12345887805666159 -0.6294108749032932
		outer loop
			vertex 5.303300857543945 -9.999999999999998 -5.303300857543947
			vertex 6.617366790771484 -0.8397534489631641 -5.49833869934082
			vertex 6.618485450744629 -0.8397058248519885 -5.496984481811523
		endloop
	endfacet
	facet normal 0.6295408786764831 -0.12344660808072803 -0.7670979188008562
		outer loop
			vertex 5.303300857543945 -9.999999999999998 -5.303300857543947
			vertex 4.166776657104492 -9.999999999999998 -6.236021995544435
			vertex 4.798898220062256 -0.8976904749870285 -7.182058811187744
		endloop
	endfacet
	facet normal 0.46779131776033694 -0.12344658413177358 -0.8751755389030504
		outer loop
			vertex 4.166776657104492 -9.999999999999998 -6.236021995544435
			vertex 2.8701257705688477 -9.999999999999998 -6.929096698760988
			vertex 4.011096954345703 -0.8408182263374312 -7.611169338226318
		endloop
	endfacet
	facet normal 0.2880643477739702 -0.12344654811142536 -0.949620914523754
		outer loop
			vertex 2.8701257705688477 -9.999999999999998 -6.929096698760988
			vertex 1.4631774425506592 -9.999999999999998 -7.355889797210695
			vertex 2.449134349822998 -0.8402745723724347 -8.247527122497559
		endloop
	endfacet
	facet normal 0.09726729744990996 -0.12344654947018552 -0.9875727934034513
		outer loop
			vertex 1.4631774425506592 -9.999999999999998 -7.355889797210695
			vertex 1.0809304018476163e-15 -9.999999999999998 -7.500000000000002
			vertex 0.7930216789245605 -0.8397197127342205 -8.56692886352539
		endloop
	endfacet
	facet normal -0.09726729742018414 -0.12344655190809004 -0.987572793101641
		outer loop
			vertex 9.184850467946473e-16 -9.999999999999998 -7.500000000000002
			vertex -1.4631774425506592 -9.999999999999998 -7.355889797210695
			vertex -0.8934516310691833 -0.8406357169151287 -8.556922912597656
		endloop
	endfacet
	facet normal -0.28806434523104935 -0.12344661853127291 -0.949620906140867
		outer loop
			vertex -1.4631774425506592 -9.999999999999998 -7.355889797210695
			vertex -2.8701257705688477 -9.999999999999998 -6.929096698760988
			vertex -2.545635223388672 -0.8408213257789594 -8.218183517456055
		endloop
	endfacet
	facet normal -0.4677913158760302 -0.12344661626476221 -0.8751755353777624
		outer loop
			vertex -2.8701257705688477 -9.999999999999998 -6.929096698760988
			vertex -4.166776657104492 -9.999999999999998 -6.236021995544435
			vertex -4.100083351135254 -0.8402714729309065 -7.563682556152344
		endloop
	endfacet
	facet normal -0.6295408809888772 -0.12344657877924341 -0.7670979216185171
		outer loop
			vertex -4.166776657104492 -9.999999999999998 -6.236021995544435
			vertex -5.303300857543945 -9.999999999999998 -5.303300857543947
			vertex -5.496984004974365 -0.8397099971771226 -6.618484973907471
		endloop
	endfacet
	facet normal -0.7670979184776896 -0.12344661144140871 -0.6295408784112672
		outer loop
			vertex -5.303300857543945 -9.999999999999998 -5.303300857543947
			vertex -6.236021995544434 -9.999999999999998 -4.166776657104494
			vertex -6.682426452636719 -0.8406212925910937 -5.418892860412598
		endloop
	endfacet
	facet normal -0.767137092439531 -0.12344211545430019 -0.6294940234311915
		outer loop
			vertex -6.236021995544434 -9.999999999999998 -4.166776657104494
			vertex -6.685227394104004 -0.8406932950019824 -5.415465354919434
			vertex -6.682426452636719 -0.8406212925910937 -5.418892860412598
		endloop
	endfacet
	facet normal -0.7670976517462835 -0.1234466131456557 -0.6295412030901587
		outer loop
			vertex -6.236021995544434 -9.999999999999998 -4.166776657104494
			vertex -7.182060241699219 -0.8976774811744679 -4.798899173736572
			vertex -6.685227394104004 -0.8406932950019824 -5.415465354919434
		endloop
	endfacet
	facet normal -0.7670932525100158 -0.12347747720460091 -0.6295405106717061
		outer loop
			vertex -7.182060241699219 -0.8976774811744679 -4.798899173736572
			vertex -6.761075496673584 -0.8426424860954272 -5.322662353515625
			vertex -6.685227394104004 -0.8406932950019824 -5.415465354919434
		endloop
	endfacet
	facet normal -0.8751755391650731 -0.12344658174343523 -0.4677913179003913
		outer loop
			vertex -6.236021995544434 -9.999999999999998 -4.166776657104494
			vertex -6.929096698760986 -10 -2.87012577056885
			vertex -7.611172199249268 -0.8407995700836173 -4.011096477508545
		endloop
	endfacet
	facet normal -0.9496209066385639 -0.1234466143504061 -0.288064345382024
		outer loop
			vertex -6.929096698760986 -10 -2.87012577056885
			vertex -7.355889797210693 -10 -1.4631774425506614
			vertex -8.24753189086914 -0.8402456641197199 -2.4491331577301025
		endloop
	endfacet
	facet normal -0.9875727849850165 -0.12344661747097826 -0.09726729662076763
		outer loop
			vertex -7.355889797210693 -10 -1.4631774425506614
			vertex -7.5 -10 -3.148295680551567e-15
			vertex -8.566934585571289 -0.8396812677383421 -0.7930188775062563
		endloop
	endfacet
	facet normal -0.9875769367769223 -0.12344376452037373 -0.09722875576366058
		outer loop
			vertex -7.5 -10 -3.148295680551567e-15
			vertex -8.5674409866333 -0.8398262858390806 -0.787691116333008
			vertex -8.566934585571289 -0.8396812677383421 -0.7930188775062563
		endloop
	endfacet
	facet normal -0.9875727917216662 -0.12344659249909465 -0.09726725991533489
		outer loop
			vertex -7.5 -10 -3.148295680551567e-15
			vertex -8.637930870056152 -0.896552562713623 -2.0558293252370577e-15
			vertex -8.5674409866333 -0.8398262858390806 -0.787691116333008
		endloop
	endfacet
	facet normal -0.9875727867041548 -0.12344660358446051 0.09726729679008764
		outer loop
			vertex -7.5 -10 -2.985850325498598e-15
			vertex -7.355889797210693 -10 1.463177442550657
			vertex -8.471821784973145 -0.8976455926895145 1.6851500272750852
		endloop
	endfacet
	facet normal -0.9496209096794904 -0.12344658880532228 0.28806434630447897
		outer loop
			vertex -7.355889797210693 -10 1.463177442550657
			vertex -6.929096698760986 -10 2.8701257705688454
			vertex -8.218188285827637 -0.84076738357544 2.5456416606903076
		endloop
	endfacet
	facet normal -0.8751846151499665 -0.12332432501881208 0.4678065842455189
		outer loop
			vertex -7.182065010070801 -0.8976306319236766 4.79890251159668
			vertex -7.5506978034973145 -0.8400639295578012 4.1244306564331055
			vertex -7.563520431518555 -0.8402115702629098 4.10040283203125
		endloop
	endfacet
	facet normal -0.7670974522700225 -0.12344751828783854 0.6295412686626783
		outer loop
			vertex -6.618487358093262 -0.8396502137184155 5.496992588043213
			vertex -7.160558700561523 -0.8925601840019237 4.826102256774902
			vertex -7.182065010070801 -0.8976305723190319 4.79890251159668
		endloop
	endfacet
	facet normal 1.8397154232319746e-16 -1 -1.509815156149323e-16
		outer loop
			vertex -5.303300857543945 -10.000000000000002 5.3033008575439435
			vertex -6.236021995544434 -10.000000000000002 4.16677665710449
			vertex 0 -10 -1.6081226494275088e-15
		endloop
	endfacet
	facet normal -0.28955905039924756 -0.9447431020551402 0.15367507101386754
		outer loop
			vertex -6.1079421043396 -0.8965220451354994 6.1079421043396
			vertex -6.615077495574951 -0.8397953510284436 5.501119613647461
			vertex -6.615078449249268 -0.8397952914237988 5.501118183135986
		endloop
	endfacet
	facet normal -0.6295415258250874 -0.1234446734752809 0.7670976990269245
		outer loop
			vertex -6.1079421043396 -0.8965220451354994 6.1079421043396
			vertex -5.418893814086914 -0.8405612707138076 6.682435512542725
			vertex -5.728254318237305 -0.8498023152351394 6.427062511444092
		endloop
	endfacet
	facet normal -0.6295377752856582 -0.12346920756760348 0.7670968284845221
		outer loop
			vertex -6.1079421043396 -0.8965220451354994 6.1079421043396
			vertex -5.728254318237305 -0.8498023152351394 6.427062511444092
			vertex -5.900358200073242 -0.8656048178672805 6.28327751159668
		endloop
	endfacet
	facet normal -0.6295407000310954 -0.12344660956880558 0.767098065171804
		outer loop
			vertex -5.418893814086914 -0.8405612707138076 6.682435512542725
			vertex -4.166776657104492 -10.000000000000002 6.236021995544432
			vertex -4.798902988433838 -0.8976186513900772 7.182066440582275
		endloop
	endfacet
	facet normal 1.509815156149323e-16 -1 -1.8397154232319746e-16
		outer loop
			vertex -4.166776657104492 -10.000000000000002 6.236021995544432
			vertex -5.303300857543945 -10.000000000000002 5.3033008575439435
			vertex 0 -10 -1.6081226494275088e-15
		endloop
	endfacet
	facet normal -0.3218638755209052 0.7833517407058214 0.5317552970754715
		outer loop
			vertex -5.013980865478516 -0.8663564920425431 7.010587692260742
			vertex -4.949132919311523 -0.8749042749404923 7.062431335449219
			vertex -5.013978004455566 -0.8663566112518326 7.010589599609375
		endloop
	endfacet
	facet normal -0.6424779148712338 0.030049753080610024 0.7657147910563739
		outer loop
			vertex -5.900358200073242 -0.8656048178672805 6.28327751159668
			vertex -5.786457061767578 -0.8551464676857009 6.37843656539917
			vertex -5.900355339050293 -0.8656044006347671 6.283279895782471
		endloop
	endfacet
	facet normal -0.10827912961086668 -0.9902184372430388 0.0879947534496656
		outer loop
			vertex -6.317844867706299 1.4782531261444078 6.317844867706299
			vertex -6.1960625648498535 1.473753452301024 6.417064666748047
			vertex -6.137110233306885 1.4715752601623522 6.465095043182373
		endloop
	endfacet
	facet normal 0.30824354127962106 -0.9387397930599557 -0.15412177063981053
		outer loop
			vertex -7.675454139709473 1.4658536911010733 4.499542236328125
			vertex -7.718691825866699 1.4649749994277945 4.418418884277344
			vertex -7.675454616546631 1.4658536911010733 4.499541282653809
		endloop
	endfacet
	facet normal 0.02223279929557551 0.9986373349750842 -0.04721414861399318
		outer loop
			vertex -7.42902946472168 1.4785424470901478 4.963918685913086
			vertex -7.527822494506836 1.4719208478927601 4.777342796325684
			vertex -7.454000949859619 1.4768687486648548 4.916759014129639
		endloop
	endfacet
	facet normal -0.8751836785284391 -0.1233799525536404 0.467793668346731
		outer loop
			vertex -7.527822494506836 1.4719208478927601 4.777342796325684
			vertex -7.42902946472168 1.4785424470901478 4.963918685913086
			vertex -7.675454616546631 1.4658536911010733 4.499541282653809
		endloop
	endfacet
	facet normal -0.87526112359169 -0.12272688099800612 0.4678205619781094
		outer loop
			vertex -7.527822494506836 1.4719208478927601 4.777342796325684
			vertex -7.675454616546631 1.4658536911010733 4.499541282653809
			vertex -7.6593499183654785 1.4661810398101796 4.529757976531982
		endloop
	endfacet
	facet normal -0.767106006822559 -0.12337726894784794 0.6295446162137506
		outer loop
			vertex -6.495534896850586 1.4701950550079332 6.099748611450195
			vertex -6.685723781585693 1.4650844335556017 5.867000102996826
			vertex -6.67274284362793 1.4652243852615343 5.882844924926758
		endloop
	endfacet
	facet normal -0.07154941826835813 -0.9974370560318379 0
		outer loop
			vertex -8.20733642578125 1.4752422571182242 3.506937980651856
			vertex -8.246404647827148 1.4780447483062737 3.4345870018005376
			vertex -8.20733642578125 1.4752422571182242 3.506937742233277
		endloop
	endfacet
	facet normal -0.984738700638165 -0.1444502054833384 0.0970764111475079
		outer loop
			vertex -8.823272705078125 1.4644668102264402 1.1146733760833742
			vertex -8.850626945495605 1.463330030441284 0.8355016708374027
			vertex -8.850512504577637 1.463322043418884 0.8366506695747379
		endloop
	endfacet
	facet normal -0.9868625049348593 -0.12903615366006443 0.09722174346467684
		outer loop
			vertex -8.823272705078125 1.4644668102264402 1.1146733760833742
			vertex -8.822921752929688 1.4645216464996336 1.1183085441589358
			vertex -8.850626945495605 1.463330030441284 0.8355016708374027
		endloop
	endfacet
	facet normal 0.370147555085669 -0.9267333016581378 -0.06446840359360959
		outer loop
			vertex -8.911092758178711 1.4715790748596191 0.23205125331878695
			vertex -8.918827056884766 1.473760724067688 0.15628330409526858
			vertex -8.911092758178711 1.4715791940689087 0.23204953968524966
		endloop
	endfacet
	facet normal 0.1386088047752429 0.9879192775973517 -0.06930440238762145
		outer loop
			vertex -3.536104440689087 -0.8681901097297686 7.861197471618652
			vertex -3.42648983001709 -0.8795718550682086 7.918182373046875
			vertex -3.426490068435669 -0.8795718550682086 7.918181896209717
		endloop
	endfacet
	facet normal 0 0.9988040579465938 -0.048892267583102424
		outer loop
			vertex -3.543154716491699 1.4738335609436017 8.187779426574707
			vertex -3.6533071994781494 1.470931410789488 8.12849235534668
			vertex -3.5431551933288574 1.4738335609436017 8.187779426574707
		endloop
	endfacet
	facet normal -0.29093839108439057 0 0.9567417899272648
		outer loop
			vertex -2.4491307735443115 -0.840192914009096 8.247539520263672
			vertex -2.4491307735443115 -0.8401927947998065 8.247539520263672
			vertex -2.516592025756836 -0.8405751585960406 8.227025032043457
		endloop
	endfacet
	facet normal -0.09569885607016353 0.9187090182735699 0.3831650671573231
		outer loop
			vertex -1.3086848258972168 -0.8573733568191547 8.513934135437012
			vertex -1.2000683546066284 -0.8508603572845478 8.525445938110352
			vertex -1.3086819648742676 -0.8573730587959308 8.513934135437012
		endloop
	endfacet
	facet normal -0.09690235202970679 -0.11990192985934542 0.9880452729440669
		outer loop
			vertex -0.210412859916687 -0.8727788925170917 8.620179176330566
			vertex -0.09990241378545761 -0.8853667378425617 8.62948989868164
			vertex -0.20698194205760956 -0.8729740381240864 8.620491981506348
		endloop
	endfacet
	facet normal -0.7691850458643682 -0.632603570899072 -0.09037193869986744
		outer loop
			vertex -8.584927558898926 -0.8448338508605956 -0.6037935018539431
			vertex -8.584927558898926 -0.8448337912559508 -0.6037939190864565
			vertex -8.57943344116211 -0.8432606458663939 -0.6615681648254397
		endloop
	endfacet
	facet normal -0.13163728293123655 0.9912979500344393 0
		outer loop
			vertex -8.304821968078613 -0.8456096053123469 -2.257974863052368
			vertex -8.262349128723145 -0.8399695158004755 -2.4004032611846924
			vertex -8.262349128723145 -0.8399695158004755 -2.4004034996032715
		endloop
	endfacet
	facet normal -0.9567426708996031 0 -0.29093549401868124
		outer loop
			vertex -8.24753189086914 -0.8402456641197199 -2.4491331577301025
			vertex -8.22702407836914 -0.8406279087066645 -2.516573190689087
			vertex -8.24753189086914 -0.8402458429336542 -2.4491331577301025
		endloop
	endfacet
	facet normal -0.5527291657604492 0.7816155937620931 -0.28908049554698256
		outer loop
			vertex -8.003484725952148 -0.8877622485160821 -3.2332851886749268
			vertex -8.003483772277832 -0.8877623677253716 -3.2332873344421387
			vertex -7.983490467071533 -0.8965998888015739 -3.295409917831421
		endloop
	endfacet
	facet normal -0.1518084774641284 -0.9685835914923349 -0.19697718766860609
		outer loop
			vertex -6.947881698608398 -0.8576541543006886 -5.092094421386719
			vertex -6.94788122177124 -0.857654035091399 -5.092095375061035
			vertex -6.893468856811523 -0.8524929881095875 -5.1594085693359375
		endloop
	endfacet
	facet normal 0.1134673535272198 0.987041194361744 0.1134673535272198
		outer loop
			vertex -6.761075496673584 -0.8426424860954272 -5.322662353515625
			vertex -6.761075019836426 -0.8426424860954272 -5.322662830352783
			vertex -6.723321914672852 -0.8416723012924182 -5.3688554763793945
		endloop
	endfacet
	facet normal -0.7670956702436093 -0.12346547865549957 -0.6295399179352142
		outer loop
			vertex -6.947881698608398 -0.8576541543006886 -5.092094421386719
			vertex -6.8002238273620605 -0.8436484932899463 -5.2747626304626465
			vertex -6.761075019836426 -0.8426424860954272 -5.322662830352783
		endloop
	endfacet
	facet normal -0.7671000901469633 -0.12343114985625311 -0.6295412638911639
		outer loop
			vertex -7.182060241699219 -0.8976774811744679 -4.798899173736572
			vertex -6.947881698608398 -0.8576541543006886 -5.092094421386719
			vertex -6.761075019836426 -0.8426424860954272 -5.322662830352783
		endloop
	endfacet
	facet normal -0.2862399511190651 -0.9529412889963993 -0.09984783477490283
		outer loop
			vertex -6.283267498016357 -0.8656662702560411 -5.900358200073242
			vertex -6.203149795532227 -0.8797929883003222 -5.995212078094482
			vertex -6.107938289642334 -0.8965811729431139 -6.107935428619385
		endloop
	endfacet
	facet normal -0.6452709754454417 0 -0.7639537736327301
		outer loop
			vertex -6.107936859130859 -0.896582484245299 -6.107936859130859
			vertex -6.107936859130859 -0.8965823054313646 -6.107936859130859
			vertex -6.012758731842041 -0.8824068903923021 -6.188328742980957
		endloop
	endfacet
	facet normal -0.39916400571748406 -0.7893692272904412 -0.4664379053491086
		outer loop
			vertex -6.099746227264404 1.4702100753784193 -6.49553918838501
			vertex -6.002455711364746 1.4679806232452408 -6.575024604797363
			vertex -6.0997443199157715 1.4702099561691298 -6.495540618896484
		endloop
	endfacet
	facet normal -0.07082370483993589 0.9918155116786709 -0.10623555725990383
		outer loop
			vertex -4.036755561828613 1.4639049768447894 -7.922544002532959
			vertex -3.925760269165039 1.4654527902603167 -7.982090473175049
			vertex -4.036754131317139 1.4639049768447894 -7.922544956207275
		endloop
	endfacet
	facet normal -0.2888244301751321 0 -0.9573820807462453
		outer loop
			vertex -2.8181214332580566 1.464810013771059 -8.435247421264648
			vertex -2.8181214332580566 1.4648098945617694 -8.435247421264648
			vertex -2.8948025703430176 1.4657942056655902 -8.412114143371582
		endloop
	endfacet
	facet normal 0.08057484538017193 -0.9957814390807553 -0.04389783450492248
		outer loop
			vertex 3.6671314239501953 -0.8545851707458514 7.793080806732178
			vertex 3.667130947113037 -0.8545852303504962 7.793081283569336
			vertex 3.5578391551971436 -0.8659334182739276 7.849898338317871
		endloop
	endfacet
	facet normal 0.48501048503158667 0 0.8745083358147167
		outer loop
			vertex 4.798902988433838 -0.8976190686225907 7.182066440582275
			vertex 4.798902988433838 -0.8976188898086563 7.182066440582275
			vertex 4.74895715713501 -0.8905026912689225 7.209766864776611
		endloop
	endfacet
	facet normal 0.029683084134826947 0.9991185260180544 0.029683084134826947
		outer loop
			vertex 5.569064617156982 1.4638323783874496 6.930031776428223
			vertex 5.666663646697998 1.4633148908615097 6.849851131439209
			vertex 5.666664123535156 1.4633148908615097 6.849850654602051
		endloop
	endfacet
	facet normal 0.6369968329199533 0 0.7708664182917485
		outer loop
			vertex 5.496993541717529 -0.8396458029747024 6.61848783493042
			vertex 5.59874153137207 -0.8432234525680556 6.534409523010254
			vertex 5.496993541717529 -0.8396456837654128 6.61848783493042
		endloop
	endfacet
	facet normal 0.4338935854726859 -0.8387255516999834 0.32905289151018796
		outer loop
			vertex 6.50953483581543 -0.8442866802215588 5.628842830657959
			vertex 6.5517072677612305 -0.8424921035766614 5.577807903289795
			vertex 6.509535312652588 -0.8442866206169141 5.628842353820801
		endloop
	endfacet
	facet normal 0.7671027068205959 -0.12336849919318327 0.6295503558853228
		outer loop
			vertex 6.2832489013671875 -0.8656105995178236 5.900392055511475
			vertex 6.509535312652588 -0.8442866206169141 5.628842353820801
			vertex 6.456894874572754 -0.8465265631675732 5.692545413970947
		endloop
	endfacet
	facet normal 0.7670964430953933 -0.12347785486025098 0.6295365488591642
		outer loop
			vertex 6.2832489013671875 -0.8656105995178236 5.900392055511475
			vertex 6.1079421043396 -0.8965220451354994 6.1079421043396
			vertex 6.509535312652588 -0.8442866206169141 5.628842353820801
		endloop
	endfacet
	facet normal 0.5317566897560625 0.78335039072744 0.3218648602237317
		outer loop
			vertex 7.010554790496826 -0.8663613200187694 5.014019966125488
			vertex 7.062403202056885 -0.8749098181724559 4.9491658210754395
			vertex 7.010555744171143 -0.8663613796234142 5.014018535614014
		endloop
	endfacet
	facet normal 0.1859740772037538 -0.9825546512068488 0
		outer loop
			vertex 7.182065963745117 -0.8976303339004528 4.798900604248047
			vertex 7.4483642578125 -0.8472264409065257 4.313992500305176
			vertex 7.4483642578125 -0.8472264409065257 4.313992977142334
		endloop
	endfacet
	facet normal -0.19586443656324656 -0.9806309818120994 0
		outer loop
			vertex 7.861175537109375 -0.8682079315185555 3.5361406803131104
			vertex 7.918160915374756 -0.879589796066285 3.4265248775482178
			vertex 7.918160915374756 -0.879589796066285 3.426525115966797
		endloop
	endfacet
	facet normal 0.04251290888787574 0.9990959176064584 0
		outer loop
			vertex 8.420106887817383 1.4654402732849114 2.8683021068573002
			vertex 8.456487655639648 1.463892221450805 2.74770998954773
			vertex 8.456487655639648 1.463892221450805 2.747709751129151
		endloop
	endfacet
	facet normal 0.4517780997344818 0.8898631718400608 -0.06356165513143291
		outer loop
			vertex 8.620641708374023 -0.8731102347373962 0.20529474318027477
			vertex 8.627470970153809 -0.882370114326477 0.124196872115135
			vertex 8.620641708374023 -0.8731103539466858 0.20529307425022106
		endloop
	endfacet
	facet normal 0.16767932495890886 0.9843282106318931 0.05460419155651034
		outer loop
			vertex 8.615132331848145 -0.8656421899795531 -0.27071076631546037
			vertex 8.601879119873047 -0.8551839590072631 -0.4185390174388887
			vertex 8.615131378173828 -0.8656418919563292 -0.27071321010589616
		endloop
	endfacet
	facet normal 0.27529336939901333 0.961360265855074 0
		outer loop
			vertex 8.576859474182129 -0.8425232172012328 -0.6886418461799624
			vertex 8.565354347229004 -0.8392286300659177 -0.8096337318420412
			vertex 8.565354347229004 -0.8392286300659177 -0.8096335530281069
		endloop
	endfacet
	facet normal 0.03475609735477282 0.9991378158558395 0.022707677633087262
		outer loop
			vertex 8.796367645263672 1.468672037124634 -1.393177270889282
			vertex 8.796367645263672 1.4686721563339236 -1.3931825160980222
			vertex 8.7815580368042 1.4727214574813847 -1.5486843585968015
		endloop
	endfacet
	facet normal 0.05252030780602198 0.9909083905895446 0.12386354882369308
		outer loop
			vertex 7.9754133224487305 -0.8966073989868156 -3.3149220943450928
			vertex 7.918182849884033 -0.8796301484107963 -3.426473379135132
			vertex 7.918182849884033 -0.8796302080154411 -3.4264729022979736
		endloop
	endfacet
	facet normal 0.030062372602958014 0.9990958450053539 -0.030062372602958014
		outer loop
			vertex 7.982110023498535 1.4654483795166025 -3.9257228374481197
			vertex 7.9225640296936035 1.463900327682496 -4.036716938018799
			vertex 7.922563552856445 1.463900327682496 -4.036717414855957
		endloop
	endfacet
	facet normal 0.29092767850104584 0 -0.9567450474823437
		outer loop
			vertex 2.449134349822998 -0.8402746915817243 -8.247527122497559
			vertex 2.449134349822998 -0.8402745723724347 -8.247527122497559
			vertex 2.516610860824585 -0.8406569957733137 -8.227008819580078
		endloop
	endfacet
	facet normal 0 -0.9146377258713966 -0.40427444936923784
		outer loop
			vertex 3.305521011352539 -0.8980612158775312 -7.980233669281006
			vertex 3.30552077293396 -0.8980612158775312 -7.980233669281006
			vertex 3.2954490184783936 -0.8966284394264203 -7.983475208282471
		endloop
	endfacet
	facet normal 0.49932450575436044 0.6917815277203104 -0.5216448560640825
		outer loop
			vertex 5.900387763977051 -0.8656707406043992 -6.283242702484131
			vertex 5.786486625671387 -0.8552131056785569 -6.378401756286621
			vertex 5.900385856628418 -0.8656704425811753 -6.2832441329956055
		endloop
	endfacet
	facet normal -0.42486790635578 0.5144491166775417 0.7448686921186535
		outer loop
			vertex -3.613152503967285 0.9999999999999986 6.572330951690674
			vertex -4.252019882202148 -0.8445370793342607 7.481868743896484
			vertex -4.144985198974609 -0.8399196267128007 7.539731502532959
		endloop
	endfacet
	facet normal -0.4012599393718429 0.5144491357064551 0.7578473116836836
		outer loop
			vertex -3.613152503967285 0.9999999999999986 6.572330951690674
			vertex -4.144985198974609 -0.8399196267128007 7.539731502532959
			vertex -4.013651371002197 -0.84072655439377 7.609817028045654
		endloop
	endfacet
	facet normal -0.40126018039318234 0.5144491216123999 0.7578471936367258
		outer loop
			vertex -3.613152503967285 0.9999999999999986 6.572330951690674
			vertex -4.013651371002197 -0.84072655439377 7.609817028045654
			vertex -3.404928684234619 0.9999999999999986 6.68257999420166
		endloop
	endfacet
	facet normal -0.14798907204042927 -0.9486715738919186 0.27950219935814996
		outer loop
			vertex -3.404928684234619 0.9999999999999986 6.68257999420166
			vertex -4.148160457611084 1.4637132883071882 7.862969398498535
			vertex -3.613152503967285 0.9999999999999986 6.572330951690674
		endloop
	endfacet
	facet normal -0.14798908228740726 -0.9486715735781184 0.27950219499772805
		outer loop
			vertex -3.613152503967285 0.9999999999999986 6.572330951690674
			vertex -4.148160457611084 1.4637132883071882 7.862969398498535
			vertex -4.283037185668945 1.4635044336318952 7.790846824645996
		endloop
	endfacet
	facet normal -0.15669498816613192 -0.9486715734387522 0.2747160833166825
		outer loop
			vertex -3.613152503967285 0.9999999999999986 6.572330951690674
			vertex -4.283037185668945 1.4635044336318952 7.790846824645996
			vertex -4.394330978393555 1.4647099971771222 7.731529235839844
		endloop
	endfacet
	facet normal -0.15669530403117743 -0.9486715819214792 0.27471587385729146
		outer loop
			vertex -3.613152503967285 0.9999999999999986 6.572330951690674
			vertex -4.394330978393555 1.4647099971771222 7.731529235839844
			vertex -3.817810535430908 0.9999999999999986 6.455595970153809
		endloop
	endfacet
	facet normal -0.15669556795710043 -0.9486715737254978 0.2747157516193591
		outer loop
			vertex -3.817810535430908 0.9999999999999986 6.455595970153809
			vertex -4.394330978393555 1.4647099971771222 7.731529235839844
			vertex -4.529720306396484 1.4661766290664655 7.659368991851807
		endloop
	endfacet
	facet normal -0.1652456747733381 -0.9486715794103633 0.2696592319720409
		outer loop
			vertex -3.817810535430908 0.9999999999999986 6.455595970153809
			vertex -4.529720306396484 1.4661766290664655 7.659368991851807
			vertex -4.64036226272583 1.4687415361404401 7.600591659545898
		endloop
	endfacet
	facet normal -0.1652465379402718 -0.9486716026172523 0.2696586213833495
		outer loop
			vertex -3.817810535430908 0.9999999999999986 6.455595970153809
			vertex -4.64036226272583 1.4687415361404401 7.600591659545898
			vertex -4.018701076507568 0.9999999999999986 6.33249044418335
		endloop
	endfacet
	facet normal -0.4480525355326287 0.5144490079991185 0.7311573999977745
		outer loop
			vertex -4.018701076507568 0.9999999999999986 6.33249044418335
			vertex -4.490583896636963 -0.8601640462875383 7.352149486541748
			vertex -3.817810535430908 0.9999999999999986 6.455595970153809
		endloop
	endfacet
	facet normal -0.44805398687741965 0.5144490798762926 0.7311564600396314
		outer loop
			vertex -3.817810535430908 0.9999999999999986 6.455595970153809
			vertex -4.490583896636963 -0.8601640462875383 7.352149486541748
			vertex -4.3829026222229 -0.8501833081245439 7.41111421585083
		endloop
	endfacet
	facet normal -0.4248658975926529 0.5144490803858525 0.7448698629646258
		outer loop
			vertex -3.817810535430908 0.9999999999999986 6.455595970153809
			vertex -4.3829026222229 -0.8501833081245439 7.41111421585083
			vertex -4.252019882202148 -0.8445370793342607 7.481868743896484
		endloop
	endfacet
	facet normal -0.4480533329657252 0.5144489606766942 0.7311569446274678
		outer loop
			vertex -4.018701076507568 0.9999999999999986 6.33249044418335
			vertex -4.62061071395874 -0.8722156882286088 7.280948638916016
			vertex -4.490583896636963 -0.8601640462875383 7.352149486541748
		endloop
	endfacet
	facet normal -0.470796220520918 0.5144489795097805 0.7167239121339294
		outer loop
			vertex -4.018701076507568 0.9999999999999986 6.33249044418335
			vertex -4.729696750640869 -0.8877580165863053 7.220448970794678
			vertex -4.62061071395874 -0.8722156882286088 7.280948638916016
		endloop
	endfacet
	facet normal -0.47080048411363945 0.51445084334651 0.7167197736482701
		outer loop
			vertex -4.852243900299072 -0.8876754641532913 7.139890670776367
			vertex -4.798902988433838 -0.8976186513900772 7.182066440582275
			vertex -4.729696750640869 -0.8877580165863053 7.220448970794678
		endloop
	endfacet
	facet normal -0.4708010191124756 0.5144492222137905 0.7167205858396146
		outer loop
			vertex -4.852243900299072 -0.8876754641532913 7.139890670776367
			vertex -4.729696750640869 -0.8877580165863053 7.220448970794678
			vertex -4.018701076507568 0.9999999999999986 6.33249044418335
		endloop
	endfacet
	facet normal -0.4707995920585466 0.5144490468538758 0.7167216491139674
		outer loop
			vertex -4.215625286102295 0.9999999999999987 6.203135013580322
			vertex -4.852243900299072 -0.8876754641532913 7.139890670776367
			vertex -4.018701076507568 0.9999999999999986 6.33249044418335
		endloop
	endfacet
	facet normal -0.17363595847550214 -0.9486715664483575 0.26433466086897084
		outer loop
			vertex -4.018701076507568 0.9999999999999986 6.33249044418335
			vertex -4.886769771575928 1.4758014678955063 7.469879627227783
			vertex -4.215625286102295 0.9999999999999987 6.203135013580322
		endloop
	endfacet
	facet normal -0.17363457770473045 -0.9486716107002974 0.26433540904805675
		outer loop
			vertex -4.215625286102295 0.9999999999999987 6.203135013580322
			vertex -4.886769771575928 1.4758014678955063 7.469879627227783
			vertex -5.018189907073975 1.475946187973021 7.384072780609131
		endloop
	endfacet
	facet normal -0.1818536870098105 -0.9486716109992873 0.25874970725578583
		outer loop
			vertex -4.215625286102295 0.9999999999999987 6.203135013580322
			vertex -5.018189907073975 1.475946187973021 7.384072780609131
			vertex -5.114377975463867 1.4727119207382187 7.304612159729004
		endloop
	endfacet
	facet normal -0.18185246841591576 -0.9486715773356057 0.2587506871229763
		outer loop
			vertex -4.215625286102295 0.9999999999999987 6.203135013580322
			vertex -5.114377975463867 1.4727119207382187 7.304612159729004
			vertex -4.408389568328857 0.9999999999999987 6.067658424377441
		endloop
	endfacet
	facet normal -0.49307805917408776 0.5144489696876765 0.7015812747988668
		outer loop
			vertex -4.408389568328857 0.9999999999999987 6.067658424377441
			vertex -5.0642619132995605 -0.8597284555435196 6.970389366149902
			vertex -4.215625286102295 0.9999999999999987 6.203135013580322
		endloop
	endfacet
	facet normal -0.49307888171846104 0.5144490747504167 0.7015806196665586
		outer loop
			vertex -4.215625286102295 0.9999999999999987 6.203135013580322
			vertex -5.0642619132995605 -0.8597284555435196 6.970389366149902
			vertex -4.949132919311523 -0.8749042749404923 7.062431335449219
		endloop
	endfacet
	facet normal -0.5148708316209658 0.5144489959190506 0.6857479546770927
		outer loop
			vertex -4.408389568328857 0.9999999999999987 6.067658424377441
			vertex -5.1594157218933105 -0.8524328470230118 6.893473148345947
			vertex -5.0642619132995605 -0.8597284555435196 6.970389366149902
		endloop
	endfacet
	facet normal -0.5361605959614084 0.5144490925017206 0.6692338504308217
		outer loop
			vertex -4.596802711486816 0.9999999999999987 5.926193714141846
			vertex -5.368861198425293 -0.8416121602058425 6.723326683044434
			vertex -5.274771690368652 -0.8435884118080155 6.800226211547852
		endloop
	endfacet
	facet normal -0.5148732735146884 0.514449113994098 0.6857460326760605
		outer loop
			vertex -4.596802711486816 0.9999999999999987 5.926193714141846
			vertex -5.274771690368652 -0.8435884118080155 6.800226211547852
			vertex -5.1594157218933105 -0.8524328470230118 6.893473148345947
		endloop
	endfacet
	facet normal -0.5361594502444429 0.5144490302149949 0.6692348162076059
		outer loop
			vertex -4.780679702758789 0.9999999999999987 5.7788801193237305
			vertex -5.368861198425293 -0.8416121602058425 6.723326683044434
			vertex -4.596802711486816 0.9999999999999987 5.926193714141846
		endloop
	endfacet
	facet normal -0.19774135664904727 -0.9486715765410794 0.2468209791198012
		outer loop
			vertex -4.596802711486816 0.9999999999999987 5.926193714141846
			vertex -5.548431396484375 1.4639419317245468 6.9469828605651855
			vertex -4.780679702758789 0.9999999999999987 5.7788801193237305
		endloop
	endfacet
	facet normal -0.19774084337636533 -0.9486715939563488 0.24682132339229573
		outer loop
			vertex -4.780679702758789 0.9999999999999987 5.7788801193237305
			vertex -5.548431396484375 1.4639419317245468 6.9469828605651855
			vertex -5.666664123535156 1.4633150100707992 6.849851131439209
		endloop
	endfacet
	facet normal -0.2053957771757657 -0.9486715986238344 0.24048861237668165
		outer loop
			vertex -4.780679702758789 0.9999999999999987 5.7788801193237305
			vertex -5.666664123535156 1.4633150100707992 6.849851131439209
			vertex -5.764309883117676 1.4641768932342514 6.7698540687561035
		endloop
	endfacet
	facet normal -0.20539605526647814 -0.9486716073519553 0.24048834043509762
		outer loop
			vertex -4.780679702758789 0.9999999999999987 5.7788801193237305
			vertex -5.764309883117676 1.4641768932342514 6.7698540687561035
			vertex -4.9598388671875 0.9999999999999988 5.625864028930664
		endloop
	endfacet
	facet normal -0.5569146715499215 0.5144491024562537 0.652064544040234
		outer loop
			vertex -4.9598388671875 0.9999999999999988 5.625864028930664
			vertex -5.5777740478515625 -0.8424862027168288 6.551735877990723
			vertex -4.780679702758789 0.9999999999999987 5.7788801193237305
		endloop
	endfacet
	facet normal -0.556915536477617 0.5144491507822975 0.6520637671955258
		outer loop
			vertex -4.780679702758789 0.9999999999999987 5.7788801193237305
			vertex -5.5777740478515625 -0.8424862027168288 6.551735877990723
			vertex -5.484086990356445 -0.8391919732093825 6.629153251647949
		endloop
	endfacet
	facet normal -0.5569146820550391 0.5144491017505961 0.6520645356247644
		outer loop
			vertex -4.9598388671875 0.9999999999999988 5.625864028930664
			vertex -5.692514419555664 -0.8465207219123855 6.456921577453613
			vertex -5.5777740478515625 -0.8424862027168288 6.551735877990723
		endloop
	endfacet
	facet normal -0.5771232989958319 0.5144490960966878 0.6342482363250754
		outer loop
			vertex -4.9598388671875 0.9999999999999988 5.625864028930664
			vertex -5.786457061767578 -0.8551464676857009 6.37843656539917
			vertex -5.692514419555664 -0.8465207219123855 6.456921577453613
		endloop
	endfacet
	facet normal -0.5771222358585563 0.5144490349410072 0.6342492533112573
		outer loop
			vertex -5.134103298187256 0.9999999999999988 5.4672956466674805
			vertex -5.786457061767578 -0.8551464676857009 6.37843656539917
			vertex -4.9598388671875 0.9999999999999988 5.625864028930664
		endloop
	endfacet
	facet normal -0.21284880526437078 -0.9486716096460752 0.23391785555843062
		outer loop
			vertex -4.9598388671875 0.9999999999999988 5.625864028930664
			vertex -5.980035781860352 1.467450857162474 6.593338966369629
			vertex -5.134103298187256 0.9999999999999988 5.4672956466674805
		endloop
	endfacet
	facet normal -0.2128496137996464 -0.9486715809468319 0.23391723623790564
		outer loop
			vertex -5.134103298187256 0.9999999999999988 5.4672956466674805
			vertex -5.980035781860352 1.467450857162474 6.593338966369629
			vertex -6.099711894989014 1.470193505287169 6.4955644607543945
		endloop
	endfacet
	facet normal -0.22009072137619354 -0.9486715807727327 0.2271173841833148
		outer loop
			vertex -5.134103298187256 0.9999999999999988 5.4672956466674805
			vertex -6.099711894989014 1.470193505287169 6.4955644607543945
			vertex -6.1960625648498535 1.473753452301024 6.417064666748047
		endloop
	endfacet
	facet normal -0.22009133654452762 -0.9486716003835184 0.22711670613104973
		outer loop
			vertex -5.134103298187256 0.9999999999999988 5.4672956466674805
			vertex -6.1960625648498535 1.473753452301024 6.417064666748047
			vertex -5.303300857543945 0.9999999999999988 5.3033318519592285
		endloop
	endfacet
	facet normal -0.5967596791089476 0.514449128933342 0.615808394818966
		outer loop
			vertex -5.303300857543945 0.9999999999999988 5.3033318519592285
			vertex -5.99521541595459 -0.8797321319580091 6.2031569480896
			vertex -5.134103298187256 0.9999999999999988 5.4672956466674805
		endloop
	endfacet
	facet normal -0.5967596542309374 0.5144491274571702 0.6158084201606281
		outer loop
			vertex -5.134103298187256 0.9999999999999988 5.4672956466674805
			vertex -5.99521541595459 -0.8797321319580091 6.2031569480896
			vertex -5.900360107421875 -0.8656048178672805 6.283276081085205
		endloop
	endfacet
	facet normal -0.5967611029218428 0.5144490314974145 0.6158070964440715
		outer loop
			vertex -5.303300857543945 0.9999999999999988 5.3033318519592285
			vertex -6.1079254150390625 -0.8965185880661024 6.107956409454346
			vertex -5.99521541595459 -0.8797321319580091 6.2031569480896
		endloop
	endfacet
	facet normal -0.6158067730511482 0.5144490347036303 0.5967614338718906
		outer loop
			vertex -6.188331604003906 -0.8823471069335951 6.012767314910889
			vertex -6.1079254150390625 -0.8965185880661024 6.107956409454346
			vertex -5.303300857543945 0.9999999999999988 5.3033318519592285
		endloop
	endfacet
	facet normal -0.6158091363102327 0.5144491796406907 0.5967588702347588
		outer loop
			vertex -5.303300857543945 0.9999999999999988 5.3033318519592285
			vertex -6.283247470855713 -0.8656107187271131 5.900393486022949
			vertex -6.188331604003906 -0.8823471069335951 6.012767314910889
		endloop
	endfacet
	facet normal -0.6342488386381 0.5144489950053436 0.577122727176996
		outer loop
			vertex -5.467264652252197 0.9999999999999989 5.134134292602539
			vertex -6.456892967224121 -0.8465265631675732 5.692547798156738
			vertex -6.361913681030273 -0.856965005397798 5.8062334060668945
		endloop
	endfacet
	facet normal -0.6342492423076805 0.5144490597392566 0.577122225846075
		outer loop
			vertex -5.625833034515381 0.9999999999999989 4.959869861602783
			vertex -6.456892967224121 -0.8465265631675732 5.692547798156738
			vertex -5.467264652252197 0.9999999999999989 5.134134292602539
		endloop
	endfacet
	facet normal -0.23391792994922625 -0.9486715761158627 0.2128488729547655
		outer loop
			vertex -5.467264652252197 0.9999999999999989 5.134134292602539
			vertex -6.575024604797363 1.4679653644561754 6.002452373504639
			vertex -5.625833034515381 0.9999999999999989 4.959869861602783
		endloop
	endfacet
	facet normal -0.23391780255103367 -0.9486715810125371 0.2128489911389505
		outer loop
			vertex -5.625833034515381 0.9999999999999989 4.959869861602783
			vertex -6.575024604797363 1.4679653644561754 6.002452373504639
			vertex -6.67274284362793 1.4652243852615343 5.882844924926758
		endloop
	endfacet
	facet normal -0.2404881433274261 -0.9486715821844625 0.20539640229214354
		outer loop
			vertex -6.67274284362793 1.4652243852615343 5.882844924926758
			vertex -6.752763748168945 1.4643621444702135 5.785170078277588
			vertex -5.625833034515381 0.9999999999999989 4.959869861602783
		endloop
	endfacet
	facet normal -0.24048837775504267 -0.9486715909902931 0.20539608714066104
		outer loop
			vertex -5.625833034515381 0.9999999999999989 4.959869861602783
			vertex -6.752763748168945 1.4643621444702135 5.785170078277588
			vertex -5.778849124908447 0.9999999999999989 4.780710697174072
		endloop
	endfacet
	facet normal -0.6520645131794105 0.5144491701056475 0.5569146451923392
		outer loop
			vertex -5.778849124908447 0.9999999999999989 4.780710697174072
			vertex -6.53438138961792 -0.8432291746139539 5.5987749099731445
			vertex -5.625833034515381 0.9999999999999989 4.959869861602783
		endloop
	endfacet
	facet normal -0.6520644349620727 0.5144491761940858 0.5569147311490509
		outer loop
			vertex -5.778849124908447 0.9999999999999989 4.780710697174072
			vertex -6.629125118255615 -0.8391975760459912 5.484119892120361
			vertex -6.53438138961792 -0.8432291746139539 5.5987749099731445
		endloop
	endfacet
	facet normal 0.0055336350678209445 -0.9991960337347351 -0.039707241804367854
		outer loop
			vertex -6.53438138961792 -0.8432291746139539 5.5987749099731445
			vertex -6.629125118255615 -0.8391975760459912 5.484119892120361
			vertex -6.618487358093262 -0.8396502137184155 5.496992588043213
		endloop
	endfacet
	facet normal -0.6692365183178922 0.5144491610097076 0.5361572001625583
		outer loop
			vertex -5.778849124908447 0.9999999999999989 4.780710697174072
			vertex -6.705982208251953 -0.8411728143692029 5.390081405639648
			vertex -6.629125118255615 -0.8391975760459912 5.484119892120361
		endloop
	endfacet
	facet normal -0.6692348098747174 0.5144490437410272 0.5361594451708314
		outer loop
			vertex -5.9261627197265625 0.999999999999999 4.5968337059021
			vertex -6.705982208251953 -0.8411728143692029 5.390081405639648
			vertex -5.778849124908447 0.9999999999999989 4.780710697174072
		endloop
	endfacet
	facet normal -0.24682091828312958 -0.9486716025285498 0.19774130790956748
		outer loop
			vertex -5.778849124908447 0.9999999999999989 4.780710697174072
			vertex -6.930004119873047 1.4638338088989244 5.569098472595215
			vertex -5.9261627197265625 0.999999999999999 4.5968337059021
		endloop
	endfacet
	facet normal -0.24682102756999516 -0.9486715980588625 0.19774119294101541
		outer loop
			vertex -5.9261627197265625 0.999999999999999 4.5968337059021
			vertex -6.930004119873047 1.4638338088989244 5.569098472595215
			vertex -7.027151107788086 1.4644608497619618 5.450847625732422
		endloop
	endfacet
	facet normal -0.25291020441325546 -0.9486716021042397 0.18989107368336292
		outer loop
			vertex -5.9261627197265625 0.999999999999999 4.5968337059021
			vertex -7.027151107788086 1.4644608497619618 5.450847625732422
			vertex -7.107121467590332 1.466349720954894 5.353774070739746
		endloop
	endfacet
	facet normal -0.2529104488234032 -0.9486716120471521 0.18989069848679427
		outer loop
			vertex -5.9261627197265625 0.999999999999999 4.5968337059021
			vertex -7.107121467590332 1.466349720954894 5.353774070739746
			vertex -6.067627429962158 0.999999999999999 4.408420562744141
		endloop
	endfacet
	facet normal -0.6857461439413166 0.5144490307142746 0.5148732085346436
		outer loop
			vertex -6.067627429962158 0.999999999999999 4.408420562744141
			vertex -6.876963138580322 -0.85087549686432 5.179838180541992
			vertex -5.9261627197265625 0.999999999999999 4.5968337059021
		endloop
	endfacet
	facet normal -0.685748450014759 0.5144491959018442 0.5148699720689698
		outer loop
			vertex -5.9261627197265625 0.999999999999999 4.5968337059021
			vertex -6.876963138580322 -0.85087549686432 5.179838180541992
			vertex -6.800198078155518 -0.8435940742492688 5.274805068969727
		endloop
	endfacet
	facet normal -0.7015807384712212 0.5144491036944626 0.49307868247789843
		outer loop
			vertex -6.203104496002197 0.9999999999999991 4.215656280517578
			vertex -7.139863014221191 -0.8876808881759655 4.852276802062988
			vertex -7.047569751739502 -0.8724639415740978 4.9677205085754395
		endloop
	endfacet
	facet normal -0.7015803775396601 0.51444913434088 0.4930791640570786
		outer loop
			vertex -6.203104496002197 0.9999999999999991 4.215656280517578
			vertex -7.047569751739502 -0.8724639415740978 4.9677205085754395
			vertex -6.067627429962158 0.999999999999999 4.408420562744141
		endloop
	endfacet
	facet normal -0.2587503372210843 -0.9486715972158883 0.18185286256705013
		outer loop
			vertex -6.067627429962158 0.999999999999999 4.408420562744141
			vertex -7.284487724304199 1.4718953371047963 5.138740062713623
			vertex -6.203104496002197 0.9999999999999991 4.215656280517578
		endloop
	endfacet
	facet normal -0.2587505741228103 -0.9486715868195514 0.181852579724321
		outer loop
			vertex -6.203104496002197 0.9999999999999991 4.215656280517578
			vertex -7.284487724304199 1.4718953371047963 5.138740062713623
			vertex -7.384045600891113 1.475947618484496 5.018222808837891
		endloop
	endfacet
	facet normal -0.26433492834292077 -0.9486715852005869 0.17363544883159257
		outer loop
			vertex -7.384045600891113 1.475947618484496 5.018222808837891
			vertex -7.4531755447387695 1.4769240617752064 4.9183173179626465
			vertex -6.203104496002197 0.9999999999999991 4.215656280517578
		endloop
	endfacet
	facet normal -0.26431226265932906 -0.9486706369878602 0.17367512868846094
		outer loop
			vertex -6.203104496002197 0.9999999999999991 4.215656280517578
			vertex -7.4531755447387695 1.4769240617752064 4.9183173179626465
			vertex -7.454000949859619 1.4768687486648548 4.916759014129639
		endloop
	endfacet
	facet normal -0.26433486719148586 -0.9486716013050995 0.17363545393749
		outer loop
			vertex -6.203104496002197 0.9999999999999991 4.215656280517578
			vertex -7.454000949859619 1.4768687486648548 4.916759014129639
			vertex -6.332459449768066 0.9999999999999991 4.018732070922852
		endloop
	endfacet
	facet normal -0.7167224483579935 0.5144490411355097 0.4707983815758908
		outer loop
			vertex -6.332459449768066 0.9999999999999991 4.018732070922852
			vertex -7.280926704406738 -0.8722331523895274 4.620647430419922
			vertex -6.203104496002197 0.9999999999999991 4.215656280517578
		endloop
	endfacet
	facet normal -0.7167229844881479 0.5144491479738453 0.47079744865003986
		outer loop
			vertex -6.203104496002197 0.9999999999999991 4.215656280517578
			vertex -7.280926704406738 -0.8722331523895274 4.620647430419922
			vertex -7.209745407104492 -0.8905196189880381 4.748992919921875
		endloop
	endfacet
	facet normal -0.731156300440555 0.5144490485808696 0.448054283251839
		outer loop
			vertex -6.332459449768066 0.9999999999999991 4.018732070922852
			vertex -7.340047359466553 -0.8622260093688975 4.512681484222412
			vertex -7.280926704406738 -0.8722331523895274 4.620647430419922
		endloop
	endfacet
	facet normal -0.7448698682008047 0.5144491093023387 0.4248658533991008
		outer loop
			vertex -6.572299957275391 0.9999999999999992 3.6131832599639893
			vertex -7.539709568023682 -0.839937388896943 4.145021438598633
			vertex -7.469028949737549 -0.845577597618104 4.2757673263549805
		endloop
	endfacet
	facet normal -0.7448695107516595 0.5144491450631635 0.4248664367732095
		outer loop
			vertex -6.572299957275391 0.9999999999999992 3.6131832599639893
			vertex -7.469028949737549 -0.845577597618104 4.2757673263549805
			vertex -6.455564975738525 0.9999999999999991 3.8178412914276123
		endloop
	endfacet
	facet normal -0.27471580846440585 -0.9486716070187983 0.15669526673170134
		outer loop
			vertex -6.455564975738525 0.9999999999999991 3.8178412914276123
			vertex -7.718691825866699 1.4649749994277945 4.418418884277344
			vertex -6.572299957275391 0.9999999999999992 3.6131832599639893
		endloop
	endfacet
	facet normal -0.274715771002074 -0.9486716088802095 0.15669532114064824
		outer loop
			vertex -6.572299957275391 0.9999999999999992 3.6131832599639893
			vertex -7.718691825866699 1.4649749994277945 4.418418884277344
			vertex -7.790827751159668 1.4635088443756095 4.283074855804443
		endloop
	endfacet
	facet normal -0.2795021717957505 -0.9486716097038098 0.14798889452739716
		outer loop
			vertex -6.572299957275391 0.9999999999999992 3.6131832599639893
			vertex -7.790827751159668 1.4635088443756095 4.283074855804443
			vertex -7.850409984588623 1.4636813402175894 4.17164945602417
		endloop
	endfacet
	facet normal -0.2795021130271846 -0.9486716064577375 0.147989026330451
		outer loop
			vertex -6.572299957275391 0.9999999999999992 3.6131832599639893
			vertex -7.850409984588623 1.4636813402175894 4.17164945602417
			vertex -6.682548999786377 0.9999999999999992 3.4049594402313232
		endloop
	endfacet
	facet normal -0.7578471541955556 0.5144491960024934 0.40126015951011895
		outer loop
			vertex -6.682548999786377 0.9999999999999992 3.4049594402313232
			vertex -7.596874713897705 -0.8405956625938424 4.037899971008301
			vertex -6.572299957275391 0.9999999999999992 3.6131832599639893
		endloop
	endfacet
	facet normal -0.7578477067384911 0.5144491374391595 0.4012591910216075
		outer loop
			vertex -6.682548999786377 0.9999999999999992 3.4049594402313232
			vertex -7.666970252990723 -0.8414027094841012 3.9065470695495605
			vertex -7.596874713897705 -0.8405956625938424 4.037899971008301
		endloop
	endfacet
	facet normal -0.8112888790621336 0.5144489752891547 0.27776358028734677
		outer loop
			vertex -7.1329240798950195 0.9999999999999994 2.3176581859588623
			vertex -8.183694839477539 -0.8414103388786321 2.659074544906616
			vertex -8.139728546142578 -0.8486551642417914 2.8009090423583984
		endloop
	endfacet
	facet normal -0.8112878377258923 0.5144491288740979 0.2777663373390095
		outer loop
			vertex -7.1329240798950195 0.9999999999999994 2.3176581859588623
			vertex -8.139728546142578 -0.8486551642417914 2.8009090423583984
			vertex -7.056605815887451 0.9999999999999994 2.540565252304077
		endloop
	endfacet
	facet normal -0.2992116611315005 -0.9486715824551888 0.10244320614319163
		outer loop
			vertex -7.056605815887451 0.9999999999999994 2.540565252304077
			vertex -8.412108421325684 1.465780615806579 2.894816637039185
			vertex -7.1329240798950195 0.9999999999999994 2.3176581859588623
		endloop
	endfacet
	facet normal -0.2992112018875228 -0.9486716145872104 0.10244424991925818
		outer loop
			vertex -8.412108421325684 1.465780615806579 2.894816637039185
			vertex -8.456487655639648 1.463892221450805 2.74770998954773
			vertex -7.1329240798950195 0.9999999999999994 2.3176581859588623
		endloop
	endfacet
	facet normal -0.3022818504502476 -0.9486716195707778 0.09299376919628377
		outer loop
			vertex -7.1329240798950195 0.9999999999999994 2.3176581859588623
			vertex -8.456487655639648 1.463892221450805 2.74770998954773
			vertex -8.493147850036621 1.4637196063995355 2.626782894134522
		endloop
	endfacet
	facet normal -0.30228179005144734 -0.9486716136365411 0.09299402606368949
		outer loop
			vertex -7.1329240798950195 0.9999999999999994 2.3176581859588623
			vertex -8.493147850036621 1.4637196063995355 2.626782894134522
			vertex -7.202202796936035 0.9999999999999996 2.0924642086029053
		endloop
	endfacet
	facet normal -0.8196124942443235 0.5144491083288744 0.2521457400358469
		outer loop
			vertex -7.202202796936035 0.9999999999999996 2.0924642086029053
			vertex -8.219026565551758 -0.8407517671585089 2.5428848266601562
			vertex -7.1329240798950195 0.9999999999999994 2.3176581859588623
		endloop
	endfacet
	facet normal -0.8196131628201654 0.5144489999664386 0.2521437878779811
		outer loop
			vertex -7.202202796936035 0.9999999999999996 2.0924642086029053
			vertex -8.262334823608398 -0.8399446606636053 2.400461196899414
			vertex -8.219026565551758 -0.8407517671585089 2.5428848266601562
		endloop
	endfacet
	facet normal -0.8271275951319875 0.5144490004828322 0.22627895897186362
		outer loop
			vertex -7.202202796936035 0.9999999999999996 2.0924642086029053
			vertex -8.29710578918457 -0.8445623517036444 2.2838597297668457
			vertex -8.262334823608398 -0.8399446606636053 2.400461196899414
		endloop
	endfacet
	facet normal -0.8338275242013744 0.5144490627703813 0.20018446917501548
		outer loop
			vertex -7.319375514984131 0.9999999999999997 1.6361049413681032
			vertex -8.415666580200195 -0.8722414970397954 1.8811550140380857
			vertex -8.374070167541504 -0.8601893782615666 2.0234439373016357
		endloop
	endfacet
	facet normal -0.8338279115313811 0.5144489869901226 0.20018305057135116
		outer loop
			vertex -7.319375514984131 0.9999999999999997 1.6361049413681032
			vertex -8.374070167541504 -0.8601893782615666 2.0234439373016357
			vertex -7.264373779296875 0.9999999999999996 1.8652051687240603
		endloop
	endfacet
	facet normal -0.3075246270656428 -0.9486715909081316 0.07382964412735461
		outer loop
			vertex -7.264373779296875 0.9999999999999996 1.8652051687240603
			vertex -8.655657768249512 1.4687479734420772 2.093213796615601
			vertex -7.319375514984131 0.9999999999999997 1.6361049413681032
		endloop
	endfacet
	facet normal -0.30752470722535447 -0.9486715837327304 0.0738294024355701
		outer loop
			vertex -7.319375514984131 0.9999999999999997 1.6361049413681032
			vertex -8.655657768249512 1.4687479734420772 2.093213796615601
			vertex -8.70104694366455 1.471922636032104 1.9449452161788943
		endloop
	endfacet
	facet normal -0.30969188203224274 -0.94867157965219 0.0641340172104167
		outer loop
			vertex -7.319375514984131 0.9999999999999997 1.6361049413681032
			vertex -8.70104694366455 1.471922636032104 1.9449452161788943
			vertex -8.737466812133789 1.4758077859878536 1.826549291610718
		endloop
	endfacet
	facet normal -0.30969176969576995 -0.948671562646566 0.06413481120596425
		outer loop
			vertex -7.319375514984131 0.9999999999999997 1.6361049413681032
			vertex -8.737466812133789 1.4758077859878536 1.826549291610718
			vertex -7.367154598236084 0.9999999999999997 1.4053910970687868
		endloop
	endfacet
	facet normal -0.8397036266094855 0.5144491403551747 0.17389623758638245
		outer loop
			vertex -7.367154598236084 0.9999999999999997 1.4053910970687868
			vertex -8.45002269744873 -0.8877838253974919 1.7612383365631101
			vertex -7.319375514984131 0.9999999999999997 1.6361049413681032
		endloop
	endfacet
	facet normal -0.8397036836058618 0.514449128038445 0.17389599880167064
		outer loop
			vertex -7.367154598236084 0.9999999999999997 1.4053910970687868
			vertex -8.479715347290039 -0.8877039551734928 1.6176230907440183
			vertex -8.45002269744873 -0.8877838253974919 1.7612383365631101
		endloop
	endfacet
	facet normal -0.839706127982825 0.5144449681614999 0.17389650186649871
		outer loop
			vertex -8.45002269744873 -0.8877838253974919 1.7612383365631101
			vertex -8.479715347290039 -0.8877039551734928 1.6176230907440183
			vertex -8.471821784973145 -0.8976455926895145 1.6851500272750852
		endloop
	endfacet
	facet normal -0.8447520504206741 0.5144490839191947 0.14743172441767244
		outer loop
			vertex -7.367154598236084 0.9999999999999997 1.4053910970687868
			vertex -8.50977897644043 -0.8597575426101688 1.3478477001190183
			vertex -8.493453979492188 -0.8749326467514041 1.494338512420654
		endloop
	endfacet
	facet normal -0.8447520858638083 0.5144491153750729 0.1474314115734838
		outer loop
			vertex -7.407662391662598 0.9999999999999998 1.1732896566390993
			vertex -8.50977897644043 -0.8597575426101688 1.3478477001190183
			vertex -7.367154598236084 0.9999999999999997 1.4053910970687868
		endloop
	endfacet
	facet normal -0.3115535670505507 -0.9486716044464858 0.05437427493777331
		outer loop
			vertex -7.367154598236084 0.9999999999999997 1.4053910970687868
			vertex -8.7815523147583 1.472719311714172 1.5487444400787356
			vertex -7.407662391662598 0.9999999999999998 1.1732896566390993
		endloop
	endfacet
	facet normal -0.31155356090765673 -0.9486716051264251 0.054374298272356
		outer loop
			vertex -7.407662391662598 0.9999999999999998 1.1732896566390993
			vertex -8.7815523147583 1.472719311714172 1.5487444400787356
			vertex -8.796361923217773 1.4686698913574217 1.3932379484176638
		endloop
	endfacet
	facet normal -0.31310775641298916 -0.9486716013759897 0.04456148131222537
		outer loop
			vertex -7.407662391662598 0.9999999999999998 1.1732896566390993
			vertex -8.796361923217773 1.4686698913574217 1.3932379484176638
			vertex -8.808463096618652 1.466779828071594 1.2679723501205447
		endloop
	endfacet
	facet normal -0.3131077124710154 -0.9486715883565422 0.04456206723485131
		outer loop
			vertex -7.407662391662598 0.9999999999999998 1.1732896566390993
			vertex -8.808463096618652 1.466779828071594 1.2679723501205447
			vertex -7.440860271453857 0.9999999999999998 0.9400304555892947
		endloop
	endfacet
	facet normal -0.8489659776582298 0.5144489759582132 0.12082640404461265
		outer loop
			vertex -7.440860271453857 0.9999999999999998 0.9400304555892947
			vertex -8.522674560546875 -0.8524620532989504 1.2261738777160642
			vertex -7.407662391662598 0.9999999999999998 1.1732896566390993
		endloop
	endfacet
	facet normal -0.8489658014359684 0.5144490292540983 0.12082741531498542
		outer loop
			vertex -7.440860271453857 0.9999999999999998 0.9400304555892947
			vertex -8.538308143615723 -0.8436174392700198 1.078670263290405
			vertex -8.522674560546875 -0.8524620532989504 1.2261738777160642
		endloop
	endfacet
	facet normal -0.857415035760481 0.5144492154733661 0.01347075167507356
		outer loop
			vertex -7.5 1 0.00003084540367148669
			vertex -8.63792896270752 -0.8965475559234619 0.000030845403671065575
			vertex -8.625547409057617 -0.8797611594200134 0.14704430103301983
		endloop
	endfacet
	facet normal -0.857415110307308 0.5144491335869468 0.013469133912281838
		outer loop
			vertex -7.5 1 0.00003084540367148669
			vertex -8.625547409057617 -0.8797611594200134 0.14704430103301983
			vertex -7.4962992668151855 1 0.235611289739609
		endloop
	endfacet
	facet normal -0.3162239734911284 -0.9486715563953059 0.0049675623790899825
		outer loop
			vertex -7.4962992668151855 1 0.235611289739609
			vertex -8.918827056884766 1.473760724067688 0.15628330409526858
			vertex -7.5 1 0.00003084540367148669
		endloop
	endfacet
	facet normal -0.31622391057842936 -0.9486715740936567 0.004968187310204419
		outer loop
			vertex -7.5 1 0.00003084540367148669
			vertex -8.918827056884766 1.473760724067688 0.15628330409526858
			vertex -8.934779167175293 1.478259801864624 0.00003084540367159289
		endloop
	endfacet
	facet normal -0.3162239138662957 -0.9486715839572541 -0.004966094150977215
		outer loop
			vertex -8.934779167175293 1.478259801864624 0.00003084540367159289
			vertex -8.922567367553711 1.4748157262802124 -0.11965404450893369
			vertex -7.5 1 0.00003084540367148669
		endloop
	endfacet
	facet normal -0.3162193826484776 -0.948672785650197 -0.005024719306716506
		outer loop
			vertex -7.5 1 0.00003084540367148669
			vertex -8.922567367553711 1.4748157262802124 -0.11965404450893369
			vertex -8.922151565551758 1.4746986627578735 -0.1237198784947392
		endloop
	endfacet
	facet normal -0.31622394872536125 -0.9486715646526017 -0.004967561990044548
		outer loop
			vertex -7.5 1 0.00003084540367148669
			vertex -8.922151565551758 1.4746986627578735 -0.1237198784947392
			vertex -7.4962992668151855 1 -0.235549598932266
		endloop
	endfacet
	facet normal -0.8574151140021425 0.5144491274273704 -0.013469133970323992
		outer loop
			vertex -7.4962992668151855 1 -0.235549598932266
			vertex -8.615132331848145 -0.8656421303749083 -0.2707104384899141
			vertex -7.5 1 0.00003084540367148669
		endloop
	endfacet
	facet normal -0.8574150897591798 0.5144491594420058 -0.01346945443110837
		outer loop
			vertex -7.5 1 0.00003084540367148669
			vertex -8.615132331848145 -0.8656421303749083 -0.2707104384899141
			vertex -8.627476692199707 -0.8823783993721008 -0.12413573265075703
		endloop
	endfacet
	facet normal -0.8565688666523114 0.514449164216227 -0.04039596662045045
		outer loop
			vertex -7.4962992668151855 1 -0.235549598932266
			vertex -8.590949058532715 -0.8465582132339476 -0.5404661297798159
			vertex -8.60417652130127 -0.8569964170455932 -0.392919033765793
		endloop
	endfacet
	facet normal -0.8565689573938485 0.5144490791568861 -0.04039512574367399
		outer loop
			vertex -7.48520040512085 1 -0.4708983004093168
			vertex -8.590949058532715 -0.8465582132339476 -0.5404661297798159
			vertex -7.4962992668151855 1 -0.235549598932266
		endloop
	endfacet
	facet normal -0.3159118314585597 -0.9486715763029973 -0.014898156237776483
		outer loop
			vertex -7.4962992668151855 1 -0.235549598932266
			vertex -8.893621444702148 1.4679733514785767 -0.4048597216606137
			vertex -7.48520040512085 1 -0.4708983004093168
		endloop
	endfacet
	facet normal -0.3159118217550655 -0.9486715835958291 -0.014897897609308493
		outer loop
			vertex -7.48520040512085 1 -0.4708983004093168
			vertex -8.893621444702148 1.4679733514785767 -0.4048597216606137
			vertex -8.878143310546875 1.4652323722839358 -0.5585348606109616
		endloop
	endfacet
	facet normal -0.3152880488614289 -0.9486715898368195 -0.024812514617320224
		outer loop
			vertex -8.878143310546875 1.4652323722839358 -0.5585348606109616
			vertex -8.865660667419434 1.464370131492615 -0.6841829419136044
			vertex -7.48520040512085 1 -0.4708983004093168
		endloop
	endfacet
	facet normal -0.31528790854424904 -0.9486716114839638 -0.024813469934949935
		outer loop
			vertex -7.48520040512085 1 -0.4708983004093168
			vertex -8.865660667419434 1.464370131492615 -0.6841829419136044
			vertex -7.466714859008789 1.0000000000000002 -0.7057815790176389
		endloop
	endfacet
	facet normal -0.8548775979938138 0.5144489603912541 -0.06727971165727031
		outer loop
			vertex -7.466714859008789 1.0000000000000002 -0.7057815790176389
			vertex -8.57943344116211 -0.8432606458663939 -0.6615681648254397
			vertex -7.48520040512085 1 -0.4708983004093168
		endloop
	endfacet
	facet normal -0.8548776198847315 0.5144489847447825 -0.06727924728531794
		outer loop
			vertex -7.466714859008789 1.0000000000000002 -0.7057815790176389
			vertex -8.565354347229004 -0.8392288088798521 -0.8096335530281069
			vertex -8.57943344116211 -0.8432606458663939 -0.6615681648254397
		endloop
	endfacet
	facet normal -0.0956631930637343 0.9952509194484882 0.018004466939891835
		outer loop
			vertex -8.57943344116211 -0.8432606458663939 -0.6615681648254397
			vertex -8.565354347229004 -0.8392288088798521 -0.8096335530281069
			vertex -8.566934585571289 -0.8396812677383421 -0.7930188179016116
		endloop
	endfacet
	facet normal -0.8523423701587726 0.5144489915457391 -0.0940995171597524
		outer loop
			vertex -7.466714859008789 1.0000000000000002 -0.7057815790176389
			vertex -8.553205490112305 -0.8412044048309324 -0.9304772019386294
			vertex -8.565354347229004 -0.8392288088798521 -0.8096335530281069
		endloop
	endfacet
	facet normal -0.8489654325780411 0.5144490605114762 -0.12082987389896248
		outer loop
			vertex -7.407662391662598 1.0000000000000002 -1.1732279062271116
			vertex -8.509783744812012 -0.8597659468650815 -1.3477866649627688
			vertex -8.525443077087402 -0.8509070277214048 -1.2000442743301394
		endloop
	endfacet
	facet normal -0.8489658189169972 0.514449243225941 -0.1208263814522676
		outer loop
			vertex -7.407662391662598 1.0000000000000002 -1.1732279062271116
			vertex -8.525443077087402 -0.8509070277214048 -1.2000442743301394
			vertex -7.440860271453857 1.0000000000000002 -0.9399687051773069
		endloop
	endfacet
	facet normal -0.3131077105004816 -0.9486715890200877 -0.0445620669544013
		outer loop
			vertex -7.440860271453857 1.0000000000000002 -0.9399687051773069
			vertex -8.811185836791992 1.4663578271865847 -1.239795923233032
			vertex -7.407662391662598 1.0000000000000002 -1.1732279062271116
		endloop
	endfacet
	facet normal -0.3131076623887166 -0.948671565116155 -0.044562913880696026
		outer loop
			vertex -7.407662391662598 1.0000000000000002 -1.1732279062271116
			vertex -8.811185836791992 1.4663578271865847 -1.239795923233032
			vertex -8.796367645263672 1.468672037124634 -1.3931771516799925
		endloop
	endfacet
	facet normal -0.3115540465109386 -0.9486715729193326 -0.05437207773682605
		outer loop
			vertex -7.407662391662598 1.0000000000000002 -1.1732279062271116
			vertex -8.796367645263672 1.468672037124634 -1.3931771516799925
			vertex -8.784550666809082 1.4719032049179082 -1.5172655582427976
		endloop
	endfacet
	facet normal -0.31155351639467593 -0.9486716215891174 -0.05437426609699417
		outer loop
			vertex -7.407662391662598 1.0000000000000002 -1.1732279062271116
			vertex -8.784550666809082 1.4719032049179082 -1.5172655582427976
			vertex -7.367154598236084 1.0000000000000002 -1.405329346656799
		endloop
	endfacet
	facet normal -0.8447520462856133 0.514449182344053 -0.14743140466604995
		outer loop
			vertex -7.367154598236084 1.0000000000000002 -1.405329346656799
			vertex -8.496089935302734 -0.872495889663696 -1.470671892166138
			vertex -7.407662391662598 1.0000000000000002 -1.1732279062271116
		endloop
	endfacet
	facet normal -0.8447517782522256 0.5144490860616029 -0.1474332764001546
		outer loop
			vertex -7.367154598236084 1.0000000000000002 -1.405329346656799
			vertex -8.479720115661621 -0.8877123594284054 -1.6175622940063479
			vertex -8.496089935302734 -0.872495889663696 -1.470671892166138
		endloop
	endfacet
	facet normal -0.8271269378213143 0.5144490027555422 -0.22628135648825287
		outer loop
			vertex -7.202202796936035 1.0000000000000004 -2.092402219772339
			vertex -8.262349128723145 -0.8399695158004755 -2.4004032611846924
			vertex -8.304821968078613 -0.8456096053123469 -2.257974863052368
		endloop
	endfacet
	facet normal -0.8271280638169454 0.5144492548047198 -0.2262766675494842
		outer loop
			vertex -7.202202796936035 1.0000000000000004 -2.092402219772339
			vertex -8.304821968078613 -0.8456096053123469 -2.257974863052368
			vertex -7.264373779296875 1.0000000000000004 -1.8651434183120725
		endloop
	endfacet
	facet normal -0.3050537648384803 -0.9486715715836748 -0.08345327930543034
		outer loop
			vertex -7.264373779296875 1.0000000000000004 -1.8651434183120725
			vertex -8.582235336303711 1.4649831056594853 -2.333640575408935
			vertex -7.202202796936035 1.0000000000000004 -2.092402219772339
		endloop
	endfacet
	facet normal -0.305054044003026 -0.9486716149472093 -0.08345176589416162
		outer loop
			vertex -7.202202796936035 1.0000000000000004 -2.092402219772339
			vertex -8.582235336303711 1.4649831056594853 -2.333640575408935
			vertex -8.537540435791016 1.4635169506073002 -2.4803535938262935
		endloop
	endfacet
	facet normal -0.3022816483610664 -0.9486716199652757 -0.0929944220723818
		outer loop
			vertex -7.202202796936035 1.0000000000000004 -2.092402219772339
			vertex -8.537540435791016 1.4635169506073002 -2.4803535938262935
			vertex -8.500882148742676 1.4636894464492805 -2.601272344589233
		endloop
	endfacet
	facet normal -0.3022819340718133 -0.948671602007416 -0.0929936765510803
		outer loop
			vertex -7.202202796936035 1.0000000000000004 -2.092402219772339
			vertex -8.500882148742676 1.4636894464492805 -2.601272344589233
			vertex -7.1329240798950195 1.0000000000000004 -2.3175971508026123
		endloop
	endfacet
	facet normal -0.8196128545057932 0.5144490034058613 -0.252144783058428
		outer loop
			vertex -7.1329240798950195 1.0000000000000004 -2.3175971508026123
			vertex -8.22702407836914 -0.8406279087066645 -2.516573190689087
			vertex -7.202202796936035 1.0000000000000004 -2.092402219772339
		endloop
	endfacet
	facet normal -0.8196129710603086 0.5144490266127688 -0.25214435684121267
		outer loop
			vertex -7.1329240798950195 1.0000000000000004 -2.3175971508026123
			vertex -8.183709144592285 -0.8414348363876337 -2.65901780128479
			vertex -8.22702407836914 -0.8406279087066645 -2.516573190689087
		endloop
	endfacet
	facet normal -0.8021637211276468 0.5144492024480626 -0.30310952246209505
		outer loop
			vertex -6.973323822021484 1.0000000000000007 -2.7609031200408936
			vertex -8.02190113067627 -0.8796218633651727 -3.1760642528533936
			vertex -8.06649398803711 -0.8659837841987603 -3.0349044799804688
		endloop
	endfacet
	facet normal -0.802163033675561 0.5144490939073122 -0.3031115259807298
		outer loop
			vertex -6.973323822021484 1.0000000000000007 -2.7609031200408936
			vertex -8.06649398803711 -0.8659837841987603 -3.0349044799804688
			vertex -7.056605815887451 1.0000000000000007 -2.5405032634735107
		endloop
	endfacet
	facet normal -0.2958463077298329 -0.9486715897628036 -0.11179077323079878
		outer loop
			vertex -7.056605815887451 1.0000000000000007 -2.5405032634735107
			vertex -8.339791297912598 1.4702351093292243 -3.135123014450073
			vertex -6.973323822021484 1.0000000000000007 -2.7609031200408936
		endloop
	endfacet
	facet normal -0.2958461786179596 -0.9486715764432171 -0.11179122794697217
		outer loop
			vertex -6.973323822021484 1.0000000000000007 -2.7609031200408936
			vertex -8.339791297912598 1.4702351093292243 -3.135123014450073
			vertex -8.295036315917969 1.473846077919007 -3.284206390380859
		endloop
	endfacet
	facet normal -0.292188957341932 -0.9486715771633235 -0.12102831028270664
		outer loop
			vertex -6.973323822021484 1.0000000000000007 -2.7609031200408936
			vertex -8.295036315917969 1.473846077919007 -3.284206390380859
			vertex -8.259709358215332 1.478052735328675 -3.402467012405395
		endloop
	endfacet
	facet normal -0.292188739623691 -0.9486715875409111 -0.12102875455744491
		outer loop
			vertex -6.973323822021484 1.0000000000000007 -2.7609031200408936
			vertex -8.259709358215332 1.478052735328675 -3.402467012405395
			vertex -6.883159637451172 1.0000000000000007 -2.9785783290863037
		endloop
	endfacet
	facet normal -0.7922458812180936 0.5144489845647795 -0.3281595739472394
		outer loop
			vertex -6.883159637451172 1.0000000000000007 -2.9785783290863037
			vertex -7.983490467071533 -0.8965998888015739 -3.295409917831421
			vertex -6.973323822021484 1.0000000000000007 -2.7609031200408936
		endloop
	endfacet
	facet normal -0.7922457541198917 0.5144489667512263 -0.3281599087146387
		outer loop
			vertex -6.883159637451172 1.0000000000000007 -2.9785783290863037
			vertex -7.918182849884033 -0.8796301484107963 -3.4264729022979736
			vertex -7.983490467071533 -0.8965998888015739 -3.295409917831421
		endloop
	endfacet
	facet normal -0.7922404391447203 0.5144597299358783 -0.3281558667128841
		outer loop
			vertex -7.983490467071533 -0.8965998888015739 -3.295409917831421
			vertex -7.918182849884033 -0.8796301484107963 -3.4264729022979736
			vertex -7.980236053466797 -0.8980383872985832 -3.3055219650268555
		endloop
	endfacet
	facet normal -0.781548151104961 0.5144489727674151 -0.3528806341002133
		outer loop
			vertex -6.883159637451172 1.0000000000000007 -2.9785783290863037
			vertex -7.861196517944336 -0.8682480454444877 -3.536090850830078
			vertex -7.918182849884033 -0.8796301484107963 -3.4264729022979736
		endloop
	endfacet
	facet normal -0.7700771755153507 0.5144490167248461 -0.37725767446287783
		outer loop
			vertex -6.682548999786377 1.0000000000000007 -3.4048984050750732
			vertex -7.666991233825684 -0.8414424061775199 -3.906496524810791
			vertex -7.736193656921387 -0.8486871719360343 -3.775116443634033
		endloop
	endfacet
	facet normal -0.7700775490031322 0.5144490640049596 -0.37725684760617617
		outer loop
			vertex -6.682548999786377 1.0000000000000007 -3.4048984050750732
			vertex -7.736193656921387 -0.8486871719360343 -3.775116443634033
			vertex -6.786202907562256 1.0000000000000007 -3.19331431388855
		endloop
	endfacet
	facet normal -0.28401294085179124 -0.9486715492854128 -0.13913641150012349
		outer loop
			vertex -6.786202907562256 1.0000000000000007 -3.19331431388855
			vertex -7.995204448699951 1.4657888412475595 -3.90131402015686
			vertex -6.682548999786377 1.0000000000000007 -3.4048984050750732
		endloop
	endfacet
	facet normal -0.28401318031662803 -0.9486715679016563 -0.13913579575884727
		outer loop
			vertex -6.682548999786377 1.0000000000000007 -3.4048984050750732
			vertex -7.995204448699951 1.4657888412475595 -3.90131402015686
			vertex -7.922563552856445 1.463900327682496 -4.036716938018799
		endloop
	endfacet
	facet normal -0.2795020877967086 -0.9486715976575324 -0.14798913039539763
		outer loop
			vertex -6.682548999786377 1.0000000000000007 -3.4048984050750732
			vertex -7.9225640296936035 1.463900327682496 -4.036716938018799
			vertex -7.862979412078857 1.463727831840516 -4.148146629333496
		endloop
	endfacet
	facet normal -0.2795019845126421 -0.9486716020691448 -0.14798929718414558
		outer loop
			vertex -6.682548999786377 1.0000000000000007 -3.4048984050750732
			vertex -7.862979412078857 1.463727831840516 -4.148146629333496
			vertex -6.572299957275391 1.0000000000000009 -3.613121747970581
		endloop
	endfacet
	facet normal -0.7578467804174895 0.5144491842646903 -0.40126088050075365
		outer loop
			vertex -6.572299957275391 1.0000000000000009 -3.613121747970581
			vertex -7.6098151206970215 -0.8407839536666861 -4.0136399269104
			vertex -6.682548999786377 1.0000000000000007 -3.4048984050750732
		endloop
	endfacet
	facet normal -0.7578457264047214 0.5144490584277974 -0.40126303250218975
		outer loop
			vertex -6.572299957275391 1.0000000000000009 -3.613121747970581
			vertex -7.539730548858643 -0.8399772047996512 -4.144970893859863
			vertex -7.6098151206970215 -0.8407839536666861 -4.0136399269104
		endloop
	endfacet
	facet normal -0.7311555828455023 0.5144491297774353 -0.4480553610270648
		outer loop
			vertex -6.332459449768066 1.0000000000000009 -4.018669605255127
			vertex -7.280947208404541 -0.8722735643386831 -4.620598316192627
			vertex -7.352146625518799 -0.8602216839790334 -4.490574359893799
		endloop
	endfacet
	facet normal -0.7311561244244312 0.5144491860561774 -0.44805441263621343
		outer loop
			vertex -6.332459449768066 1.0000000000000009 -4.018669605255127
			vertex -7.352146625518799 -0.8602216839790334 -4.490574359893799
			vertex -6.455564975738525 1.0000000000000009 -3.8177802562713623
		endloop
	endfacet
	facet normal -0.269658230157476 -0.9486715847771414 -0.16524727878172404
		outer loop
			vertex -6.455564975738525 1.0000000000000009 -3.8177802562713623
			vertex -7.600600242614746 1.4687560796737682 -4.640349864959717
			vertex -6.332459449768066 1.0000000000000009 -4.018669605255127
		endloop
	endfacet
	facet normal -0.2696586748004466 -0.9486716127092621 -0.1652463928334742
		outer loop
			vertex -6.332459449768066 1.0000000000000009 -4.018669605255127
			vertex -7.600600242614746 1.4687560796737682 -4.640349864959717
			vertex -7.527852535247803 1.471930742263795 -4.777289390563965
		endloop
	endfacet
	facet normal -0.26433515082424164 -0.9486716190231175 -0.17363492534275057
		outer loop
			vertex -6.332459449768066 1.0000000000000009 -4.018669605255127
			vertex -7.527852535247803 1.471930742263795 -4.777289390563965
			vertex -7.4698872566223145 1.475815773010255 -4.8867597579956055
		endloop
	endfacet
	facet normal -0.2643352142434124 -0.9486716167856453 -0.17363484102045684
		outer loop
			vertex -6.332459449768066 1.0000000000000009 -4.018669605255127
			vertex -7.4698872566223145 1.475815773010255 -4.8867597579956055
			vertex -6.203104496002197 1.0000000000000009 -4.21559476852417
		endloop
	endfacet
	facet normal -0.7167234975589899 0.5144490352250455 -0.47079679077371434
		outer loop
			vertex -6.203104496002197 1.0000000000000009 -4.21559476852417
			vertex -7.22044563293457 -0.8878164887428274 -4.729687213897705
			vertex -6.332459449768066 1.0000000000000009 -4.018669605255127
		endloop
	endfacet
	facet normal -0.7167231181704963 0.5144489988738404 -0.4707974080617527
		outer loop
			vertex -6.203104496002197 1.0000000000000009 -4.21559476852417
			vertex -7.139889717102051 -0.8877351284027089 -4.852233409881592
			vertex -7.22044563293457 -0.8878164887428274 -4.729687213897705
		endloop
	endfacet
	facet normal -0.7167180478084962 0.5144591190443539 -0.4707940683331569
		outer loop
			vertex -7.22044563293457 -0.8878164887428274 -4.729687213897705
			vertex -7.139889717102051 -0.8877351284027089 -4.852233409881592
			vertex -7.182060241699219 -0.8976774811744679 -4.798899173736572
		endloop
	endfacet
	facet normal -0.7015789495094066 0.5144491439917356 -0.49308118586237737
		outer loop
			vertex -6.203104496002197 1.0000000000000009 -4.21559476852417
			vertex -6.970387935638428 -0.8597888350486744 -5.064251899719238
			vertex -7.062427997589111 -0.8749635219573964 -4.949125289916992
		endloop
	endfacet
	facet normal -0.7015792487378699 0.5144490960072099 -0.49308081016986505
		outer loop
			vertex -6.067627429962158 1.0000000000000009 -4.408358097076416
			vertex -6.970387935638428 -0.8597888350486744 -5.064251899719238
			vertex -6.203104496002197 1.0000000000000009 -4.21559476852417
		endloop
	endfacet
	facet normal -0.2587499734490565 -0.9486715729787408 -0.18185350659845564
		outer loop
			vertex -6.203104496002197 1.0000000000000009 -4.21559476852417
			vertex -7.304621696472168 1.4727272987365734 -5.114369869232178
			vertex -6.067627429962158 1.0000000000000009 -4.408358097076416
		endloop
	endfacet
	facet normal -0.2587507877883491 -0.9486716185263783 -0.18185211030244025
		outer loop
			vertex -6.067627429962158 1.0000000000000009 -4.408358097076416
			vertex -7.304621696472168 1.4727272987365734 -5.114369869232178
			vertex -7.205132484436035 1.4686777591705333 -5.234804153442383
		endloop
	endfacet
	facet normal -0.252910291439642 -0.9486716211083104 -0.189890862833486
		outer loop
			vertex -6.067627429962158 1.0000000000000009 -4.408358097076416
			vertex -7.205132484436035 1.4686777591705333 -5.234804153442383
			vertex -7.125114440917969 1.4667876958847057 -5.331935405731201
		endloop
	endfacet
	facet normal -0.2529106903403525 -0.948671607557276 -0.1898903992471979
		outer loop
			vertex -6.067627429962158 1.0000000000000009 -4.408358097076416
			vertex -7.125114440917969 1.4667876958847057 -5.331935405731201
			vertex -5.9261627197265625 1.000000000000001 -4.596771717071533
		endloop
	endfacet
	facet normal -0.6857467678594279 0.5144490343268501 -0.5148723739437954
		outer loop
			vertex -5.9261627197265625 1.000000000000001 -4.596771717071533
			vertex -6.893468856811523 -0.8524929881095875 -5.1594085693359375
			vertex -6.067627429962158 1.0000000000000009 -4.408358097076416
		endloop
	endfacet
	facet normal -0.6857474834949163 0.5144490989183018 -0.5148713562653654
		outer loop
			vertex -5.9261627197265625 1.000000000000001 -4.596771717071533
			vertex -6.8002238273620605 -0.8436484932899463 -5.2747626304626465
			vertex -6.893468856811523 -0.8524929881095875 -5.1594085693359375
		endloop
	endfacet
	facet normal -0.6692346871637361 0.5144491012202868 -0.536159543187003
		outer loop
			vertex -5.9261627197265625 1.000000000000001 -4.596771717071533
			vertex -6.723321914672852 -0.8416723012924182 -5.3688554763793945
			vertex -6.8002238273620605 -0.8436484932899463 -5.2747626304626465
		endloop
	endfacet
	facet normal -0.6692347859457792 0.5144490948493935 -0.536159426000091
		outer loop
			vertex -5.778849124908447 1.000000000000001 -4.780648708343506
			vertex -6.723321914672852 -0.8416723012924182 -5.3688554763793945
			vertex -5.9261627197265625 1.000000000000001 -4.596771717071533
		endloop
	endfacet
	facet normal -0.2468208848092805 -0.9486716168274986 -0.19774128109189473
		outer loop
			vertex -5.9261627197265625 1.000000000000001 -4.596771717071533
			vertex -6.946990489959717 1.463956952095033 -5.548425197601318
			vertex -5.778849124908447 1.000000000000001 -4.780648708343506
		endloop
	endfacet
	facet normal -0.2468205619854312 -0.9486716004968353 -0.19774176238713156
		outer loop
			vertex -5.778849124908447 1.000000000000001 -4.780648708343506
			vertex -6.946990489959717 1.463956952095033 -5.548425197601318
			vertex -6.849855422973633 1.463330149650575 -5.666661739349365
		endloop
	endfacet
	facet normal -0.24048796009504042 -0.9486715937665536 -0.20539656333481737
		outer loop
			vertex -5.778849124908447 1.000000000000001 -4.780648708343506
			vertex -6.849855422973633 1.463330149650575 -5.666661739349365
			vertex -6.76986026763916 1.4641920328140272 -5.7643046379089355
		endloop
	endfacet
	facet normal -0.2404884039104131 -0.9486715795233577 -0.20539610947941492
		outer loop
			vertex -5.778849124908447 1.000000000000001 -4.780648708343506
			vertex -6.76986026763916 1.4641920328140272 -5.7643046379089355
			vertex -5.625833034515381 1.000000000000001 -4.959807872772217
		endloop
	endfacet
	facet normal -0.652064517576622 0.5144491604666085 -0.5569146489479055
		outer loop
			vertex -5.625833034515381 1.000000000000001 -4.959807872772217
			vertex -6.551730155944824 -0.8425463438034045 -5.5777692794799805
			vertex -5.778849124908447 1.000000000000001 -4.780648708343506
		endloop
	endfacet
	facet normal -0.652065334403911 0.5144491096524566 -0.5569137395023671
		outer loop
			vertex -5.778849124908447 1.000000000000001 -4.780648708343506
			vertex -6.551730155944824 -0.8425463438034045 -5.5777692794799805
			vertex -6.629150390625 -0.839252173900603 -5.484078407287598
		endloop
	endfacet
	facet normal 0.71953139326411 0.35716452490670164 0.5955737370431798
		outer loop
			vertex -6.723321914672852 -0.8416723012924182 -5.3688554763793945
			vertex -6.629150390625 -0.839252173900603 -5.484078407287598
			vertex -6.682426452636719 -0.8406212925910937 -5.418892860412598
		endloop
	endfacet
	facet normal -0.6520639648072023 0.5144491141182317 -0.5569153389725215
		outer loop
			vertex -5.625833034515381 1.000000000000001 -4.959807872772217
			vertex -6.4569172859191895 -0.8465808629989612 -5.692507743835449
			vertex -6.551730155944824 -0.8425463438034045 -5.5777692794799805
		endloop
	endfacet
	facet normal -0.6342491356242993 0.5144491180463521 -0.5771222911144221
		outer loop
			vertex -5.625833034515381 1.000000000000001 -4.959807872772217
			vertex -6.378430366516113 -0.8552071452140795 -5.7864532470703125
			vertex -6.4569172859191895 -0.8465808629989612 -5.692507743835449
		endloop
	endfacet
	facet normal -0.6342484110177892 0.5144491616200481 -0.5771230486038824
		outer loop
			vertex -5.467264652252197 1.000000000000001 -5.1340718269348145
			vertex -6.378430366516113 -0.8552071452140795 -5.7864532470703125
			vertex -5.625833034515381 1.000000000000001 -4.959807872772217
		endloop
	endfacet
	facet normal -0.23391759206696755 -0.948671597735823 -0.21284914792160378
		outer loop
			vertex -5.625833034515381 1.000000000000001 -4.959807872772217
			vertex -6.593344211578369 1.4674659967422499 -5.980031967163086
			vertex -5.467264652252197 1.000000000000001 -5.1340718269348145
		endloop
	endfacet
	facet normal -0.2339173521661413 -0.9486715866188333 -0.21284946111674097
		outer loop
			vertex -5.467264652252197 1.000000000000001 -5.1340718269348145
			vertex -6.593344211578369 1.4674659967422499 -5.980031967163086
			vertex -6.4955668449401855 1.4702087640762342 -6.099711894989014
		endloop
	endfacet
	facet normal -0.2271174874407725 -0.9486715883493787 -0.22009058216392968
		outer loop
			vertex -5.467264652252197 1.000000000000001 -5.1340718269348145
			vertex -6.4955668449401855 1.4702087640762342 -6.099711894989014
			vertex -6.417068958282471 1.4737685918807997 -6.1960601806640625
		endloop
	endfacet
	facet normal -0.22711701244215782 -0.94867160208671 -0.22009101311408452
		outer loop
			vertex -5.467264652252197 1.000000000000001 -5.1340718269348145
			vertex -6.417068958282471 1.4737685918807997 -6.1960601806640625
			vertex -5.303300857543945 1.000000000000001 -5.303269863128662
		endloop
	endfacet
	facet normal -0.6158092294026084 0.5144491426321196 -0.596758806074651
		outer loop
			vertex -5.303300857543945 1.000000000000001 -5.303269863128662
			vertex -6.203149795532227 -0.8797929883003222 -5.995212078094482
			vertex -5.467264652252197 1.000000000000001 -5.1340718269348145
		endloop
	endfacet
	facet normal -0.6158093640932927 0.5144491347861352 -0.5967586738479899
		outer loop
			vertex -5.467264652252197 1.000000000000001 -5.1340718269348145
			vertex -6.203149795532227 -0.8797929883003222 -5.995212078094482
			vertex -6.283271789550781 -0.8656655550003038 -5.90035343170166
		endloop
	endfacet
	facet normal -0.6158085409652554 0.5144490909725334 -0.5967595610225089
		outer loop
			vertex -5.303300857543945 1.000000000000001 -5.303269863128662
			vertex -6.1079511642456055 -0.8965789079666124 -6.107920169830322
			vertex -6.203149795532227 -0.8797929883003222 -5.995212078094482
		endloop
	endfacet
	facet normal -0.5967599843287541 0.5144490950741052 -0.6158081273265071
		outer loop
			vertex -5.303300857543945 1.000000000000001 -5.303269863128662
			vertex -6.012758731842041 -0.8824068903923021 -6.188328742980957
			vertex -6.1079511642456055 -0.8965789079666124 -6.107920169830322
		endloop
	endfacet
	facet normal -0.5970324639535264 0.5135577702957308 -0.616287800913225
		outer loop
			vertex -6.1079511642456055 -0.8965789079666124 -6.107920169830322
			vertex -6.012758731842041 -0.8824068903923021 -6.188328742980957
			vertex -6.107936859130859 -0.8965823054313646 -6.107936859130859
		endloop
	endfacet
	facet normal -0.5771197061071237 0.5144491208236509 -0.6342514855375587
		outer loop
			vertex -5.134103298187256 1.000000000000001 -5.467234134674072
			vertex -5.692541122436523 -0.8465875387191758 -6.456888675689697
			vertex -5.806224346160889 -0.8570250868797288 -6.361911773681641
		endloop
	endfacet
	facet normal -0.5771214607932292 0.5144490243706411 -0.634249967139128
		outer loop
			vertex -5.134103298187256 1.000000000000001 -5.467234134674072
			vertex -5.806224346160889 -0.8570250868797288 -6.361911773681641
			vertex -5.900386810302734 -0.8656705021858201 -6.283243179321289
		endloop
	endfacet
	facet normal -0.5967606175338008 0.5144490249180969 -0.6158075723158135
		outer loop
			vertex -5.134103298187256 1.000000000000001 -5.467234134674072
			vertex -5.900386810302734 -0.8656705021858201 -6.283243179321289
			vertex -5.303300857543945 1.000000000000001 -5.303269863128662
		endloop
	endfacet
	facet normal -0.2200916833859693 -0.948671592356474 -0.22711640354708526
		outer loop
			vertex -5.303300857543945 1.000000000000001 -5.303269863128662
			vertex -6.221425533294678 1.4747059345245375 -6.396402835845947
			vertex -5.134103298187256 1.000000000000001 -5.467234134674072
		endloop
	endfacet
	facet normal -0.22009160862580193 -0.9486715891488113 -0.22711648939338622
		outer loop
			vertex -5.134103298187256 1.000000000000001 -5.467234134674072
			vertex -6.221425533294678 1.4747059345245375 -6.396402835845947
			vertex -6.099746227264404 1.4702100753784193 -6.49553918838501
		endloop
	endfacet
	facet normal -0.21284829498191166 -0.9486715864638111 -0.2339184138958041
		outer loop
			vertex -5.134103298187256 1.000000000000001 -5.467234134674072
			vertex -6.099746227264404 1.4702100753784193 -6.49553918838501
			vertex -6.002455711364746 1.4679806232452408 -6.575024604797363
		endloop
	endfacet
	facet normal -0.2128481431295949 -0.9486715907387596 -0.2339185347326611
		outer loop
			vertex -5.134103298187256 1.000000000000001 -5.467234134674072
			vertex -6.002455711364746 1.4679806232452408 -6.575024604797363
			vertex -4.9598388671875 1.0000000000000013 -5.6258015632629395
		endloop
	endfacet
	facet normal -0.21284777489445744 -0.948671575481191 -0.23391893167615502
		outer loop
			vertex -4.9598388671875 1.0000000000000013 -5.6258015632629395
			vertex -6.002455711364746 1.4679806232452408 -6.575024604797363
			vertex -5.8828444480896 1.4652397632598892 -6.672745704650879
		endloop
	endfacet
	facet normal -0.20539728615774677 -0.9486715738094472 -0.2404874214692722
		outer loop
			vertex -4.9598388671875 1.0000000000000013 -5.6258015632629395
			vertex -5.8828444480896 1.4652397632598892 -6.672745704650879
			vertex -5.785171985626221 1.464377403259279 -6.752764701843262
		endloop
	endfacet
	facet normal -0.2053968363184815 -0.9486715863783889 -0.24048775608889122
		outer loop
			vertex -4.9598388671875 1.0000000000000013 -5.6258015632629395
			vertex -5.785171985626221 1.464377403259279 -6.752764701843262
			vertex -4.780679702758789 1.0000000000000013 -5.778818607330322
		endloop
	endfacet
	facet normal -0.5569166938971313 0.5144490629984851 -0.6520628479208656
		outer loop
			vertex -4.780679702758789 1.0000000000000013 -5.778818607330322
			vertex -5.598764419555664 -0.8432894349098191 -6.534379959106445
			vertex -4.9598388671875 1.0000000000000013 -5.6258015632629395
		endloop
	endfacet
	facet normal -0.5569172168674268 0.5144490349968273 -0.652062423351839
		outer loop
			vertex -4.9598388671875 1.0000000000000013 -5.6258015632629395
			vertex -5.598764419555664 -0.8432894349098191 -6.534379959106445
			vertex -5.692541122436523 -0.8465875387191758 -6.456888675689697
		endloop
	endfacet
	facet normal -0.5569181652562986 0.5144491672074403 -0.6520615090366317
		outer loop
			vertex -4.780679702758789 1.0000000000000013 -5.778818607330322
			vertex -5.484111785888672 -0.8392572999000535 -6.629122257232666
			vertex -5.598764419555664 -0.8432894349098191 -6.534379959106445
		endloop
	endfacet
	facet normal -0.5361560152131345 0.5144491727355579 -0.6692374586217312
		outer loop
			vertex -4.780679702758789 1.0000000000000013 -5.778818607330322
			vertex -5.39007043838501 -0.8412330150604234 -6.705981731414795
			vertex -5.484111785888672 -0.8392572999000535 -6.629122257232666
		endloop
	endfacet
	facet normal -0.4480542946549186 0.5144492238875223 -0.7311561701051351
		outer loop
			vertex -4.018701076507568 1.0000000000000013 -6.332427501678467
			vertex -4.382925510406494 -0.8502584695816023 -7.411091327667236
			vertex -4.512665748596191 -0.862283825874327 -7.340047359466553
		endloop
	endfacet
	facet normal -0.448056122510062 0.5144491360874536 -0.7311551117650216
		outer loop
			vertex -4.018701076507568 1.0000000000000013 -6.332427501678467
			vertex -4.512665748596191 -0.862283825874327 -7.340047359466553
			vertex -4.620635509490967 -0.8722921013832076 -7.2809247970581055
		endloop
	endfacet
	facet normal -0.4707971420425162 0.514449123605154 -0.7167232033822318
		outer loop
			vertex -4.018701076507568 1.0000000000000013 -6.332427501678467
			vertex -4.620635509490967 -0.8722921013832076 -7.2809247970581055
			vertex -4.215625286102295 1.0000000000000013 -6.203073024749756
		endloop
	endfacet
	facet normal -0.17363501594673617 -0.948671595752552 -0.26433517482447033
		outer loop
			vertex -4.215625286102295 1.0000000000000013 -6.203073024749756
			vertex -4.916756629943848 1.476883769035341 -7.454004287719727
			vertex -4.018701076507568 1.0000000000000013 -6.332427501678467
		endloop
	endfacet
	facet normal -0.17363547696983114 -0.9486716122718675 -0.26433481270342557
		outer loop
			vertex -4.018701076507568 1.0000000000000013 -6.332427501678467
			vertex -4.916756629943848 1.476883769035341 -7.454004287719727
			vertex -4.777328014373779 1.4719353914260882 -7.527832508087158
		endloop
	endfacet
	facet normal -0.16524625795564593 -0.9486716089613901 -0.26965877063849303
		outer loop
			vertex -4.018701076507568 1.0000000000000013 -6.332427501678467
			vertex -4.777328014373779 1.4719353914260882 -7.527832508087158
			vertex -4.666602611541748 1.4693684577941912 -7.586654186248779
		endloop
	endfacet
	facet normal -0.1652470229639101 -0.9486715900488282 -0.2696583683770877
		outer loop
			vertex -4.018701076507568 1.0000000000000013 -6.332427501678467
			vertex -4.666602611541748 1.4693684577941912 -7.586654186248779
			vertex -3.817810535430908 1.0000000000000013 -6.455533504486084
		endloop
	endfacet
	facet normal -0.16524847346894403 -0.9486716407937775 -0.26965730097630547
		outer loop
			vertex -3.817810535430908 1.0000000000000013 -6.455533504486084
			vertex -4.666602611541748 1.4693684577941912 -7.586654186248779
			vertex -4.529748916625977 1.466195464134218 -7.659356594085693
		endloop
	endfacet
	facet normal -0.15669600833987785 -0.9486716559992102 -0.2747152163133037
		outer loop
			vertex -3.817810535430908 1.0000000000000013 -6.455533504486084
			vertex -4.529748916625977 1.466195464134218 -7.659356594085693
			vertex -4.418413162231445 1.4649894237518328 -7.7186970710754395
		endloop
	endfacet
	facet normal -0.15669566417446595 -0.94867166454782 -0.2747153831022051
		outer loop
			vertex -3.817810535430908 1.0000000000000013 -6.455533504486084
			vertex -4.418413162231445 1.4649894237518328 -7.7186970710754395
			vertex -3.613152503967285 1.0000000000000016 -6.572268962860107
		endloop
	endfacet
	facet normal -0.42486779036562533 0.5144489965847571 -0.7448688412215723
		outer loop
			vertex -3.613152503967285 1.0000000000000016 -6.572268962860107
			vertex -4.275750637054443 -0.8456358909606917 -7.469029426574707
			vertex -3.817810535430908 1.0000000000000013 -6.455533504486084
		endloop
	endfacet
	facet normal -0.4248621167052598 0.5144492643651646 -0.7448718924639776
		outer loop
			vertex -3.817810535430908 1.0000000000000013 -6.455533504486084
			vertex -4.275750637054443 -0.8456358909606917 -7.469029426574707
			vertex -4.382925510406494 -0.8502584695816023 -7.411091327667236
		endloop
	endfacet
	facet normal -0.42486853556829834 0.5144490422620414 -0.7448683846155092
		outer loop
			vertex -3.613152503967285 1.0000000000000016 -6.572268962860107
			vertex -4.145007133483887 -0.8399953842163069 -7.539709091186523
			vertex -4.275750637054443 -0.8456358909606917 -7.469029426574707
		endloop
	endfacet
	facet normal -0.4012597005335513 0.5144490624349239 -0.7578474878810068
		outer loop
			vertex -3.613152503967285 1.0000000000000016 -6.572268962860107
			vertex -4.037882328033447 -0.8406537175178511 -7.5968756675720215
			vertex -4.145007133483887 -0.8399953842163069 -7.539709091186523
		endloop
	endfacet
	facet normal -0.03690050501114773 0.9960617269866646 -0.08061878665835644
		outer loop
			vertex -4.145007133483887 -0.8399953842163069 -7.539709091186523
			vertex -4.037882328033447 -0.8406537175178511 -7.5968756675720215
			vertex -4.100083351135254 -0.8402714729309065 -7.563682556152344
		endloop
	endfacet
	facet normal -0.4012588301714587 0.5144491028512457 -0.7578479212777329
		outer loop
			vertex -3.404928684234619 1.0000000000000016 -6.6825175285339355
			vertex -4.037882328033447 -0.8406537175178511 -7.5968756675720215
			vertex -3.613152503967285 1.0000000000000016 -6.572268962860107
		endloop
	endfacet
	facet normal -0.14798854687583568 -0.9486715918782703 -0.2795024163701048
		outer loop
			vertex -3.613152503967285 1.0000000000000016 -6.572268962860107
			vertex -4.171643257141113 1.4636961221694964 -7.8504157066345215
			vertex -3.404928684234619 1.0000000000000016 -6.6825175285339355
		endloop
	endfacet
	facet normal -0.14798920510286348 -0.94867161393119 -0.27950199300579903
		outer loop
			vertex -3.404928684234619 1.0000000000000016 -6.6825175285339355
			vertex -4.171643257141113 1.4636961221694964 -7.8504157066345215
			vertex -4.036754131317139 1.4639049768447894 -7.922544956207275
		endloop
	endfacet
	facet normal -0.1391368568542564 -0.948671618676397 -0.28401249089190295
		outer loop
			vertex -3.404928684234619 1.0000000000000016 -6.6825175285339355
			vertex -4.036754131317139 1.4639049768447894 -7.922544956207275
			vertex -3.925760507583618 1.4654527902603167 -7.982090473175049
		endloop
	endfacet
	facet normal -0.13913736856643377 -0.9486716063448322 -0.28401228139558443
		outer loop
			vertex -3.404928684234619 1.0000000000000016 -6.6825175285339355
			vertex -3.925760507583618 1.4654527902603167 -7.982090473175049
			vertex -3.1933445930480957 1.0000000000000016 -6.786172389984131
		endloop
	endfacet
	facet normal -0.377259618431462 0.514449171412339 -0.7700761198310887
		outer loop
			vertex -3.1933445930480957 1.0000000000000016 -6.786172389984131
			vertex -3.7987048625946045 -0.8474063873290999 -7.723766326904297
			vertex -3.404928684234619 1.0000000000000016 -6.6825175285339355
		endloop
	endfacet
	facet normal -0.3772617685489822 0.5144490730532183 -0.7700751321955402
		outer loop
			vertex -3.404928684234619 1.0000000000000016 -6.6825175285339355
			vertex -3.7987048625946045 -0.8474063873290999 -7.723766326904297
			vertex -3.906532049179077 -0.8414611220359786 -7.6669697761535645
		endloop
	endfacet
	facet normal -0.3772600440931551 0.514449196540369 -0.7700758945128716
		outer loop
			vertex -3.1933445930480957 1.0000000000000016 -6.786172389984131
			vertex -3.6671500205993652 -0.854659974575041 -7.793060779571533
			vertex -3.7987048625946045 -0.8474063873290999 -7.723766326904297
		endloop
	endfacet
	facet normal -0.3528787744322922 0.5144491970196142 -0.7815488431576352
		outer loop
			vertex -3.1933445930480957 1.0000000000000016 -6.786172389984131
			vertex -3.557853937149048 -0.866009056568144 -7.849879741668701
			vertex -3.6671500205993652 -0.854659974575041 -7.793060779571533
		endloop
	endfacet
	facet normal -0.3528805133743975 0.5144491185704405 -0.7815481096405511
		outer loop
			vertex -2.978609085083008 1.0000000000000016 -6.883128643035889
			vertex -3.557853937149048 -0.866009056568144 -7.849879741668701
			vertex -3.1933445930480957 1.0000000000000016 -6.786172389984131
		endloop
	endfacet
	facet normal -0.13014607098169567 -0.948671621709912 -0.288243220857513
		outer loop
			vertex -3.1933445930480957 1.0000000000000016 -6.786172389984131
			vertex -3.680243730545044 1.470241308212282 -8.113997459411621
			vertex -2.978609085083008 1.0000000000000016 -6.883128643035889
		endloop
	endfacet
	facet normal -0.13014524966375188 -0.9486715952097723 -0.28824367891092717
		outer loop
			vertex -2.978609085083008 1.0000000000000016 -6.883128643035889
			vertex -3.680243730545044 1.470241308212282 -8.113997459411621
			vertex -3.543177843093872 1.4738526344299334 -8.187769889831543
		endloop
	endfacet
	facet normal -0.1210295689265614 -0.9486715926199653 -0.2921883858084536
		outer loop
			vertex -2.978609085083008 1.0000000000000016 -6.883128643035889
			vertex -3.543177843093872 1.4738526344299334 -8.187769889831543
			vertex -3.4345762729644775 1.4780591726303118 -8.24641227722168
		endloop
	endfacet
	facet normal -0.12102884341273108 -0.9486716087042691 -0.29218863410583024
		outer loop
			vertex -2.978609085083008 1.0000000000000016 -6.883128643035889
			vertex -3.4345762729644775 1.4780591726303118 -8.24641227722168
			vertex -2.7609341144561768 1.0000000000000016 -6.973292827606201
		endloop
	endfacet
	facet normal -0.3281598430879168 0.5144491485732879 -0.7922456632363051
		outer loop
			vertex -2.7609341144561768 1.0000000000000016 -6.973292827606201
			vertex -3.3149561882019043 -0.8966251015663129 -7.975392818450928
			vertex -2.978609085083008 1.0000000000000016 -6.883128643035889
		endloop
	endfacet
	facet normal -0.3281606569375762 0.5144491123184877 -0.7922453496695445
		outer loop
			vertex -2.978609085083008 1.0000000000000016 -6.883128643035889
			vertex -3.3149561882019043 -0.8966251015663129 -7.975392818450928
			vertex -3.4265079498291016 -0.8796476125717145 -7.918161869049072
		endloop
	endfacet
	facet normal -0.3281603162489578 0.5144491743804107 -0.792245450487851
		outer loop
			vertex -2.7609341144561768 1.0000000000000016 -6.973292827606201
			vertex -3.1761014461517334 -0.8796502351760846 -8.021885871887207
			vertex -3.3149561882019043 -0.8966251015663129 -7.975392818450928
		endloop
	endfacet
	facet normal -0.32815697241752656 0.5144891752215636 -0.7922208593779884
		outer loop
			vertex -3.3149561882019043 -0.8966251015663129 -7.975392818450928
			vertex -3.1761014461517334 -0.8796502351760846 -8.021885871887207
			vertex -3.305521011352539 -0.8980610966682416 -7.980233669281006
		endloop
	endfacet
	facet normal -0.2777640665081931 0.5144493750175477 -0.811288459119743
		outer loop
			vertex -2.317627429962158 1.0000000000000016 -7.13289213180542
			vertex -2.6590538024902344 -0.841464161872862 -8.183694839477539
			vertex -2.8008856773376465 -0.8487077355384809 -8.139728546142578
		endloop
	endfacet
	facet normal -0.27776165541003595 0.5144492407089811 -0.8112893697798766
		outer loop
			vertex -2.317627429962158 1.0000000000000016 -7.13289213180542
			vertex -2.8008856773376465 -0.8487077355384809 -8.139728546142578
			vertex -2.540534496307373 1.0000000000000016 -7.056575298309326
		endloop
	endfacet
	facet normal -0.10244151881630979 -0.9486715501341046 -0.2992123413042359
		outer loop
			vertex -2.540534496307373 1.0000000000000016 -7.056575298309326
			vertex -2.8948025703430176 1.4657942056655902 -8.412114143371582
			vertex -2.317627429962158 1.0000000000000016 -7.13289213180542
		endloop
	endfacet
	facet normal -0.1024434539448018 -0.9486716097084105 -0.2992114898815097
		outer loop
			vertex -2.8948025703430176 1.4657942056655902 -8.412114143371582
			vertex -2.7476918697357178 1.4639058113098162 -8.456494331359863
			vertex -2.317627429962158 1.0000000000000016 -7.13289213180542
		endloop
	endfacet
	facet normal -0.09299360969210826 -0.9486716096963417 -0.30228193050955593
		outer loop
			vertex -2.317627429962158 1.0000000000000016 -7.13289213180542
			vertex -2.7476918697357178 1.4639058113098162 -8.456494331359863
			vertex -2.626767635345459 1.4637331962585467 -8.49315357208252
		endloop
	endfacet
	facet normal -0.0929939464579854 -0.9486716019168021 -0.3022818513222027
		outer loop
			vertex -2.317627429962158 1.0000000000000016 -7.13289213180542
			vertex -2.626767635345459 1.4637331962585467 -8.49315357208252
			vertex -2.092433214187622 1.0000000000000016 -7.2021708488464355
		endloop
	endfacet
	facet normal -0.2521454816703445 0.5144491904894981 -0.8196125221578365
		outer loop
			vertex -2.092433214187622 1.0000000000000016 -7.2021708488464355
			vertex -2.542860746383667 -0.8408055901527387 -8.219026565551758
			vertex -2.317627429962158 1.0000000000000016 -7.13289213180542
		endloop
	endfacet
	facet normal -0.25214682313460934 0.5144492649480522 -0.8196120627330548
		outer loop
			vertex -2.092433214187622 1.0000000000000016 -7.2021708488464355
			vertex -2.4004392623901367 -0.8399986028671246 -8.262334823608398
			vertex -2.542860746383667 -0.8408055901527387 -8.219026565551758
		endloop
	endfacet
	facet normal -0.22628086353473498 0.5144493041295887 -0.8271268852350023
		outer loop
			vertex -2.092433214187622 1.0000000000000016 -7.2021708488464355
			vertex -2.283834457397461 -0.8446158766746502 -8.297106742858887
			vertex -2.4004392623901367 -0.8399986028671246 -8.262334823608398
		endloop
	endfacet
	facet normal -0.22627852322571518 0.5144492934402674 -0.8271275321288727
		outer loop
			vertex -1.8651741743087769 1.0000000000000016 -7.264342784881592
			vertex -2.141258955001831 -0.8502610921859722 -8.339622497558594
			vertex -2.283834457397461 -0.8446158766746502 -8.297106742858887
		endloop
	endfacet
	facet normal -0.20017731589800764 0.5144492588366792 -0.8338291205530429
		outer loop
			vertex -1.8651741743087769 1.0000000000000016 -7.264342784881592
			vertex -2.0234174728393555 -0.860242784023283 -8.37407112121582
			vertex -2.141258955001831 -0.8502610921859722 -8.339622497558594
		endloop
	endfacet
	facet normal -0.20018499457864958 0.5144489324455924 -0.8338274784696991
		outer loop
			vertex -1.6360743045806885 1.0000000000000016 -7.319344997406006
			vertex -2.0234174728393555 -0.860242784023283 -8.37407112121582
			vertex -1.8651741743087769 1.0000000000000016 -7.264342784881592
		endloop
	endfacet
	facet normal -0.07383035538692082 -0.948671595040532 -0.307524443559685
		outer loop
			vertex -1.8651741743087769 1.0000000000000016 -7.264342784881592
			vertex -2.093195676803589 1.4687610864639302 -8.655664443969727
			vertex -1.6360743045806885 1.0000000000000016 -7.319344997406006
		endloop
	endfacet
	facet normal -0.07382984527852811 -0.9486715798966406 -0.30752461274272125
		outer loop
			vertex -1.6360743045806885 1.0000000000000016 -7.319344997406006
			vertex -2.093195676803589 1.4687610864639302 -8.655664443969727
			vertex -1.9449231624603271 1.4719359874725362 -8.701055526733398
		endloop
	endfacet
	facet normal -0.06413396778936052 -0.9486715780293077 -0.30969189723816937
		outer loop
			vertex -1.6360743045806885 1.0000000000000016 -7.319344997406006
			vertex -1.9449231624603271 1.4719359874725362 -8.701055526733398
			vertex -1.8265299797058105 1.4758210182189961 -8.73747444152832
		endloop
	endfacet
	facet normal -0.06413465188344582 -0.9486715633784807 -0.3096918004481529
		outer loop
			vertex -1.6360743045806885 1.0000000000000016 -7.319344997406006
			vertex -1.8265299797058105 1.4758210182189961 -8.73747444152832
			vertex -1.4053598642349243 1.0000000000000016 -7.367124080657959
		endloop
	endfacet
	facet normal -0.17389581895893116 0.5144490404425149 -0.8397037745159767
		outer loop
			vertex -1.4053598642349243 1.0000000000000016 -7.367124080657959
			vertex -1.7612112760543823 -0.8878369927406292 -8.450023651123047
			vertex -1.6360743045806885 1.0000000000000016 -7.319344997406006
		endloop
	endfacet
	facet normal -0.17389734610717344 0.5144489759263833 -0.8397034977807212
		outer loop
			vertex -1.6360743045806885 1.0000000000000016 -7.319344997406006
			vertex -1.7612112760543823 -0.8878369927406292 -8.450023651123047
			vertex -1.8811312913894653 -0.8722941875457745 -8.415666580200195
		endloop
	endfacet
	facet normal -0.17389455484149913 0.514448975240577 -0.8397040762497211
		outer loop
			vertex -1.4053598642349243 1.0000000000000016 -7.367124080657959
			vertex -1.6175973415374756 -0.8877502083778362 -8.479711532592773
			vertex -1.7612112760543823 -0.8878369927406292 -8.450023651123047
		endloop
	endfacet
	facet normal -0.1738956943893765 0.5144395471973443 -0.8397096163271136
		outer loop
			vertex -1.7612112760543823 -0.8878369927406292 -8.450023651123047
			vertex -1.6175973415374756 -0.8877502083778362 -8.479711532592773
			vertex -1.68514883518219 -0.8976954221725445 -8.47181510925293
		endloop
	endfacet
	facet normal -0.12082730344694009 0.5144491009870554 -0.8489657738892373
		outer loop
			vertex -0.9399992227554321 1.0000000000000016 -7.440829753875732
			vertex -1.0786426067352295 -0.8436635732650738 -8.538305282592773
			vertex -1.2261440753936768 -0.8525076508522015 -8.522671699523926
		endloop
	endfacet
	facet normal -0.12082464376805128 0.514448960821737 -0.848966237354442
		outer loop
			vertex -0.9399992227554321 1.0000000000000016 -7.440829753875732
			vertex -1.2261440753936768 -0.8525076508522015 -8.522671699523926
			vertex -1.1732585430145264 1.0000000000000016 -7.407632350921631
		endloop
	endfacet
	facet normal -0.04456142189375913 -0.9486715780889479 -0.31310783542580334
		outer loop
			vertex -1.1732585430145264 1.0000000000000016 -7.407632350921631
			vertex -1.2679494619369507 1.4667915105819722 -8.808466911315918
			vertex -0.9399992227554321 1.0000000000000016 -7.440829753875732
		endloop
	endfacet
	facet normal -0.044562414638635674 -0.9486716067925708 -0.3131076071691268
		outer loop
			vertex -0.9399992227554321 1.0000000000000016 -7.440829753875732
			vertex -1.2679494619369507 1.4667915105819722 -8.808466911315918
			vertex -1.1146429777145386 1.4644783735275289 -8.823277473449707
		endloop
	endfacet
	facet normal -0.03470207989917773 -0.9486715963006749 -0.3143532535587961
		outer loop
			vertex -0.9399992227554321 1.0000000000000016 -7.440829753875732
			vertex -1.1146429777145386 1.4644783735275289 -8.823277473449707
			vertex -0.9889150261878967 1.463960886001589 -8.83559513092041
		endloop
	endfacet
	facet normal -0.03470442483261637 -0.9486715435826696 -0.3143531537833085
		outer loop
			vertex -0.9399992227554321 1.0000000000000016 -7.440829753875732
			vertex -0.9889150261878967 1.463960886001589 -8.83559513092041
			vertex -0.7058123350143433 1.0000000000000016 -7.466683864593506
		endloop
	endfacet
	facet normal -0.09409815801978755 0.5144491913629602 -0.8523423996043371
		outer loop
			vertex -0.7058123350143433 1.0000000000000016 -7.466683864593506
			vertex -0.9577302932739258 -0.8416863679885845 -8.550460815429688
			vertex -0.9399992227554321 1.0000000000000016 -7.440829753875732
		endloop
	endfacet
	facet normal -0.09410054934364027 0.5144493180929536 -0.8523420591094402
		outer loop
			vertex -0.7058123350143433 1.0000000000000016 -7.466683864593506
			vertex -0.8096665143966675 -0.8392663002014141 -8.565346717834473
			vertex -0.9577302932739258 -0.8416863679885845 -8.550460815429688
		endloop
	endfacet
	facet normal -0.06727807543854294 0.5144493106334218 -0.8548775159951763
		outer loop
			vertex -0.7058123350143433 1.0000000000000016 -7.466683864593506
			vertex -0.6886721253395081 -0.8425614833831768 -8.576851844787598
			vertex -0.8096665143966675 -0.8392663002014141 -8.565346717834473
		endloop
	endfacet
	facet normal -0.067281528439073 0.5144491805204594 -0.854877322539749
		outer loop
			vertex -0.4709289073944092 1.0000000000000016 -7.485169887542725
			vertex -0.5404981374740601 -0.8465958833694439 -8.590941429138184
			vertex -0.6886721253395081 -0.8425614833831768 -8.576851844787598
		endloop
	endfacet
	facet normal -0.04039192605697044 0.5144491694784386 -0.8565690540361315
		outer loop
			vertex -0.4709289073944092 1.0000000000000016 -7.485169887542725
			vertex -0.4185686409473419 -0.8552213907241802 -8.601871490478516
			vertex -0.5404981374740601 -0.8465958833694439 -8.590941429138184
		endloop
	endfacet
	facet normal -0.04039521126586891 0.5144490328873679 -0.8565689811498182
		outer loop
			vertex -0.2355806976556778 1.0000000000000016 -7.4962687492370605
			vertex -0.4185686409473419 -0.8552213907241802 -8.601871490478516
			vertex -0.4709289073944092 1.0000000000000016 -7.485169887542725
		endloop
	endfacet
	facet normal -0.014898183329469114 -0.9486716043812284 -0.31591174586302984
		outer loop
			vertex -0.4709289073944092 1.0000000000000016 -7.485169887542725
			vertex -0.43365687131881714 1.4674696922302266 -8.890722274780273
			vertex -0.2355806976556778 1.0000000000000016 -7.4962687492370605
		endloop
	endfacet
	facet normal -0.014899011079079007 -0.9486716279092103 -0.3159116361721336
		outer loop
			vertex -0.2355806976556778 1.0000000000000016 -7.4962687492370605
			vertex -0.43365687131881714 1.4674696922302266 -8.890722274780273
			vertex -0.27988988161087036 1.4702122211456319 -8.906209945678711
		endloop
	endfacet
	facet normal -0.0049663233209722765 -0.9486716264013924 -0.31622378293482106
		outer loop
			vertex -0.2355806976556778 1.0000000000000016 -7.4962687492370605
			vertex -0.27988988161087036 1.4702122211456319 -8.906209945678711
			vertex -0.15625622868537903 1.4737722873687764 -8.918831825256348
		endloop
	endfacet
	facet normal -0.004966914429211836 -0.9486716137267447 -0.31622381167481234
		outer loop
			vertex -0.2355806976556778 1.0000000000000016 -7.4962687492370605
			vertex -0.15625622868537903 1.4737722873687764 -8.918831825256348
			vertex 1.8735013540549517e-16 1.0000000000000016 -7.499969005584717
		endloop
	endfacet
	facet normal -0.013467384554835623 0.5144491142839567 -0.8574151493679739
		outer loop
			vertex 1.6119542559039728e-16 1.0000000000000016 -7.499969005584717
			vertex -0.1470114141702652 -0.8798076510429363 -8.625544548034668
			vertex -0.2355806976556778 1.0000000000000016 -7.4962687492370605
		endloop
	endfacet
	facet normal -0.01346355871675763 0.5144492733154371 -0.8574151140328117
		outer loop
			vertex -0.2355806976556778 1.0000000000000016 -7.4962687492370605
			vertex -0.1470114141702652 -0.8798076510429363 -8.625544548034668
			vertex -0.27074214816093445 -0.8656793832778912 -8.615124702453613
		endloop
	endfacet
	facet normal -0.013470305898395435 0.5144492621489605 -0.8574150147585438
		outer loop
			vertex 1.6119542559039728e-16 1.0000000000000016 -7.499969005584717
			vertex 4.6374736224817723e-17 -0.8965942263603192 -8.63792610168457
			vertex -0.1470114141702652 -0.8798076510429363 -8.625544548034668
		endloop
	endfacet
	facet normal 0.01347224783916282 0.5144492486883083 -0.8574149923241344
		outer loop
			vertex 1.8735013540549517e-16 1.0000000000000016 -7.499969005584717
			vertex 0.12416904419660568 -0.8824159502983074 -8.62746810913086
			vertex 5.193050155882393e-15 -0.8965942263603192 -8.63792610168457
		endloop
	endfacet
	facet normal 0.013463241309416374 0.5144488739881249 -0.8574153586131958
		outer loop
			vertex 1.8735013540549517e-16 1.0000000000000016 -7.499969005584717
			vertex 0.27074214816093445 -0.865679442882536 -8.615124702453613
			vertex 0.12416904419660568 -0.8824159502983074 -8.62746810913086
		endloop
	endfacet
	facet normal 0.013467382920522464 0.5144492877437935 -0.857415045317713
		outer loop
			vertex 0.2355806976556778 1.0000000000000016 -7.4962687492370605
			vertex 0.27074214816093445 -0.865679442882536 -8.615124702453613
			vertex 1.8735013540549517e-16 1.0000000000000016 -7.499969005584717
		endloop
	endfacet
	facet normal 0.004966914128348054 -0.9486716201132546 -0.3162237925200039
		outer loop
			vertex 1.8735013540549517e-16 1.0000000000000016 -7.499969005584717
			vertex 0.12374858558177948 1.4747083187103291 -8.922150611877441
			vertex 0.2355806976556778 1.0000000000000016 -7.4962687492370605
		endloop
	endfacet
	facet normal 0.004966638817504296 -0.948671627889264 -0.31622377351614567
		outer loop
			vertex 0.2355806976556778 1.0000000000000016 -7.4962687492370605
			vertex 0.12374858558177948 1.4747083187103291 -8.922150611877441
			vertex 0.27988988161087036 1.4702122211456319 -8.906209945678711
		endloop
	endfacet
	facet normal 0.014899602075077675 -0.9486716251217419 -0.31591161666972295
		outer loop
			vertex 0.2355806976556778 1.0000000000000016 -7.4962687492370605
			vertex 0.27988988161087036 1.4702122211456319 -8.906209945678711
			vertex 0.4048890769481659 1.4679827690124532 -8.893619537353516
		endloop
	endfacet
	facet normal 0.014898184838634995 -0.9486715937009117 -0.3159117778644637
		outer loop
			vertex 0.2355806976556778 1.0000000000000016 -7.4962687492370605
			vertex 0.4048890769481659 1.4679827690124532 -8.893619537353516
			vertex 0.4709289073944092 1.0000000000000016 -7.485169887542725
		endloop
	endfacet
	facet normal 0.04039520745244944 0.5144491678245849 -0.8565689002873416
		outer loop
			vertex 0.4709289073944092 1.0000000000000016 -7.485169887542725
			vertex 0.5404981374740601 -0.8465960025787335 -8.590941429138184
			vertex 0.2355806976556778 1.0000000000000016 -7.4962687492370605
		endloop
	endfacet
	facet normal 0.040391474331724395 0.5144487902025154 -0.856569303127586
		outer loop
			vertex 0.2355806976556778 1.0000000000000016 -7.4962687492370605
			vertex 0.5404981374740601 -0.8465960025787335 -8.590941429138184
			vertex 0.392953097820282 -0.8570340871810894 -8.604167938232422
		endloop
	endfacet
	facet normal 0.067278503466427 0.5144491771280977 -0.8548775626506648
		outer loop
			vertex 0.4709289073944092 1.0000000000000016 -7.485169887542725
			vertex 0.6616027355194092 -0.8432978987693768 -8.579425811767578
			vertex 0.5404981374740601 -0.8465960025787335 -8.590941429138184
		endloop
	endfacet
	facet normal 0.06728137818499579 0.514449297267464 -0.8548772641090299
		outer loop
			vertex 0.7058123350143433 1.0000000000000016 -7.466683864593506
			vertex 0.6616027355194092 -0.8432978987693768 -8.579425811767578
			vertex 0.4709289073944092 1.0000000000000016 -7.485169887542725
		endloop
	endfacet
	facet normal 0.024814088969771324 -0.9486716176298139 -0.3152878413326979
		outer loop
			vertex 0.4709289073944092 1.0000000000000016 -7.485169887542725
			vertex 0.6842131614685059 1.4643796682357808 -8.8656587600708
			vertex 0.7058123350143433 1.0000000000000016 -7.466683864593506
		endloop
	endfacet
	facet normal 0.024814483451451826 -0.9486716065135861 -0.3152878437332614
		outer loop
			vertex 0.7058123350143433 1.0000000000000016 -7.466683864593506
			vertex 0.6842131614685059 1.4643796682357808 -8.8656587600708
			vertex 0.8366230130195618 1.4633337259292623 -8.850516319274902
		endloop
	endfacet
	facet normal 0.034702700926811963 -0.9486716131293851 -0.31435313421512834
		outer loop
			vertex 0.7058123350143433 1.0000000000000016 -7.466683864593506
			vertex 0.8366230130195618 1.4633337259292623 -8.850516319274902
			vertex 0.9623281359672546 1.4638510942459126 -8.838200569152832
		endloop
	endfacet
	facet normal 0.034704389251051786 -0.9486716516814803 -0.31435283148501086
		outer loop
			vertex 0.7058123350143433 1.0000000000000016 -7.466683864593506
			vertex 0.9623281359672546 1.4638510942459126 -8.838200569152832
			vertex 0.9399992227554321 1.0000000000000016 -7.440829753875732
		endloop
	endfacet
	facet normal 0.09409817777563255 0.5144488912660249 -0.8523425785530507
		outer loop
			vertex 0.9399992227554321 1.0000000000000016 -7.440829753875732
			vertex 0.9305126667022705 -0.8412426114082318 -8.553196907043457
			vertex 0.7058123350143433 1.0000000000000016 -7.466683864593506
		endloop
	endfacet
	facet normal 0.09410648947470156 0.514449239921987 -0.8523414504659724
		outer loop
			vertex 0.7058123350143433 1.0000000000000016 -7.466683864593506
			vertex 0.9305126667022705 -0.8412426114082318 -8.553196907043457
			vertex 0.8096665143966675 -0.8392664790153485 -8.565346717834473
		endloop
	endfacet
	facet normal 0.09409503661565297 0.5144490566468821 -0.8523428255106228
		outer loop
			vertex 0.9399992227554321 1.0000000000000016 -7.440829753875732
			vertex 1.0786426067352295 -0.8436636924743633 -8.538305282592773
			vertex 0.9305126667022705 -0.8412426114082318 -8.553196907043457
		endloop
	endfacet
	facet normal 0.12082525366336315 0.5144490908818563 -0.8489660717413953
		outer loop
			vertex 0.9399992227554321 1.0000000000000016 -7.440829753875732
			vertex 1.200080156326294 -0.8509449958801251 -8.525434494018555
			vertex 1.0786426067352295 -0.8436636924743633 -8.538305282592773
		endloop
	endfacet
	facet normal 0.1208246349784554 0.5144490648043097 -0.8489661755949375
		outer loop
			vertex 1.1732585430145264 1.0000000000000016 -7.407632350921631
			vertex 1.200080156326294 -0.8509449958801251 -8.525434494018555
			vertex 0.9399992227554321 1.0000000000000016 -7.440829753875732
		endloop
	endfacet
	facet normal 0.044561415015794956 -0.948671594362468 -0.3131077870982505
		outer loop
			vertex 0.9399992227554321 1.0000000000000016 -7.440829753875732
			vertex 1.2398279905319214 1.466367244720461 -8.81118392944336
			vertex 1.1732585430145264 1.0000000000000016 -7.407632350921631
		endloop
	endfacet
	facet normal 0.044562022294465695 -0.9486715772228911 -0.3131077526003783
		outer loop
			vertex 1.1732585430145264 1.0000000000000016 -7.407632350921631
			vertex 1.2398279905319214 1.466367244720461 -8.81118392944336
			vertex 1.3932123184204102 1.4686814546585103 -8.796365737915039
		endloop
	endfacet
	facet normal 0.054376255310190205 -0.9486715694245217 -0.31155332805806474
		outer loop
			vertex 1.1732585430145264 1.0000000000000016 -7.407632350921631
			vertex 1.3932123184204102 1.4686814546585103 -8.796365737915039
			vertex 1.5172985792160034 1.4719127416610738 -8.784547805786133
		endloop
	endfacet
	facet normal 0.05437495614663925 -0.9486715405350473 -0.3115536427694456
		outer loop
			vertex 1.1732585430145264 1.0000000000000016 -7.407632350921631
			vertex 1.5172985792160034 1.4719127416610738 -8.784547805786133
			vertex 1.4053598642349243 1.0000000000000016 -7.367124080657959
		endloop
	endfacet
	facet normal 0.1474331684186568 0.5144491233910387 -0.844751774364652
		outer loop
			vertex 1.4053598642349243 1.0000000000000016 -7.367124080657959
			vertex 1.4707087278366089 -0.8725335597991924 -8.496081352233887
			vertex 1.1732585430145264 1.0000000000000016 -7.407632350921631
		endloop
	endfacet
	facet normal 0.14743299722214862 0.5144491161333611 -0.8447518086631705
		outer loop
			vertex 1.1732585430145264 1.0000000000000016 -7.407632350921631
			vertex 1.4707087278366089 -0.8725335597991924 -8.496081352233887
			vertex 1.3478209972381592 -0.8598033785819988 -8.50977611541748
		endloop
	endfacet
	facet normal 0.14743564807833945 0.5144489958389656 -0.8447514192684143
		outer loop
			vertex 1.4053598642349243 1.0000000000000016 -7.367124080657959
			vertex 1.6175973415374756 -0.8877502083778362 -8.479711532592773
			vertex 1.4707087278366089 -0.8725335597991924 -8.496081352233887
		endloop
	endfacet
	facet normal 0.22627996149216048 0.5144493099115378 -0.8271271284141567
		outer loop
			vertex 2.092433214187622 1.0000000000000016 -7.2021708488464355
			vertex 2.4004392623901367 -0.8399985432624798 -8.262334823608398
			vertex 2.258011817932129 -0.8456379175186138 -8.30480670928955
		endloop
	endfacet
	facet normal 0.2262796647329574 0.5144493258632588 -0.8271271996780055
		outer loop
			vertex 2.092433214187622 1.0000000000000016 -7.2021708488464355
			vertex 2.258011817932129 -0.8456379175186138 -8.30480670928955
			vertex 1.8651741743087769 1.0000000000000016 -7.264342784881592
		endloop
	endfacet
	facet normal 0.08345435505771215 -0.9486716142731906 -0.3050533377857064
		outer loop
			vertex 1.8651741743087769 1.0000000000000016 -7.264342784881592
			vertex 2.3336751461029053 1.46499025821686 -8.582225799560547
			vertex 2.092433214187622 1.0000000000000016 -7.2021708488464355
		endloop
	endfacet
	facet normal 0.08345289439657863 -0.9486716561270323 -0.3050536072201534
		outer loop
			vertex 2.092433214187622 1.0000000000000016 -7.2021708488464355
			vertex 2.3336751461029053 1.46499025821686 -8.582225799560547
			vertex 2.480390787124634 1.4635242223739644 -8.537529945373535
		endloop
	endfacet
	facet normal 0.09299457632314465 -0.9486716544871943 -0.30228149256447806
		outer loop
			vertex 2.092433214187622 1.0000000000000016 -7.2021708488464355
			vertex 2.480390787124634 1.4635242223739644 -8.537529945373535
			vertex 2.6013073921203613 1.463696837425234 -8.500872611999512
		endloop
	endfacet
	facet normal 0.09299391415763557 -0.9486716385380323 -0.3022817463281691
		outer loop
			vertex 2.092433214187622 1.0000000000000016 -7.2021708488464355
			vertex 2.6013073921203613 1.463696837425234 -8.500872611999512
			vertex 2.317627429962158 1.0000000000000016 -7.13289213180542
		endloop
	endfacet
	facet normal 0.252145480995443 0.5144491943154181 -0.819612519964034
		outer loop
			vertex 2.317627429962158 1.0000000000000016 -7.13289213180542
			vertex 2.516610860824585 -0.8406569957733137 -8.227008819580078
			vertex 2.092433214187622 1.0000000000000016 -7.2021708488464355
		endloop
	endfacet
	facet normal 0.25214277442481603 0.5144493416788852 -0.8196132601120593
		outer loop
			vertex 2.317627429962158 1.0000000000000016 -7.13289213180542
			vertex 2.6590538024902344 -0.841464161872862 -8.183694839477539
			vertex 2.516610860824585 -0.8406569957733137 -8.227008819580078
		endloop
	endfacet
	facet normal 0.2777712195651211 0.5144493226878049 -0.8112860432469946
		outer loop
			vertex 2.317627429962158 1.0000000000000016 -7.13289213180542
			vertex 2.7754602432250977 -0.847410321235655 -8.14760971069336
			vertex 2.6590538024902344 -0.841464161872862 -8.183694839477539
		endloop
	endfacet
	facet normal 0.2777617212988275 0.5144489016413953 -0.8112895622286007
		outer loop
			vertex 2.540534496307373 1.0000000000000016 -7.056575298309326
			vertex 2.7754602432250977 -0.847410321235655 -8.14760971069336
			vertex 2.317627429962158 1.0000000000000016 -7.13289213180542
		endloop
	endfacet
	facet normal 0.10244141949710944 -0.9486716523545783 -0.29921205121159755
		outer loop
			vertex 2.317627429962158 1.0000000000000016 -7.13289213180542
			vertex 2.8682806491851807 1.4654533863067645 -8.42011547088623
			vertex 2.540534496307373 1.0000000000000016 -7.056575298309326
		endloop
	endfacet
	facet normal 0.10244434785294247 -0.9486715672938931 -0.2992113183038604
		outer loop
			vertex 2.540534496307373 1.0000000000000016 -7.056575298309326
			vertex 2.8682806491851807 1.4654533863067645 -8.42011547088623
			vertex 3.0154545307159424 1.4673427343368548 -8.375716209411621
		endloop
	endfacet
	facet normal 0.11179189009497044 -0.9486715567126776 -0.2958459916803657
		outer loop
			vertex 2.540534496307373 1.0000000000000016 -7.056575298309326
			vertex 3.0154545307159424 1.4673427343368548 -8.375716209411621
			vertex 3.135159492492676 1.4702422618865985 -8.339780807495117
		endloop
	endfacet
	facet normal 0.11179148448155324 -0.9486715470046494 -0.2958461760800972
		outer loop
			vertex 2.540534496307373 1.0000000000000016 -7.056575298309326
			vertex 3.135159492492676 1.4702422618865985 -8.339780807495117
			vertex 2.7609341144561768 1.0000000000000016 -6.973292827606201
		endloop
	endfacet
	facet normal 0.30311331137537234 0.514449189058128 -0.8021622980073866
		outer loop
			vertex 2.7609341144561768 1.0000000000000016 -6.973292827606201
			vertex 3.034943103790283 -0.8660118579864484 -8.066478729248047
			vertex 2.540534496307373 1.0000000000000016 -7.056575298309326
		endloop
	endfacet
	facet normal 0.30310857594464674 0.5144489765600534 -0.8021642236506951
		outer loop
			vertex 2.540534496307373 1.0000000000000016 -7.056575298309326
			vertex 3.034943103790283 -0.8660118579864484 -8.066478729248047
			vertex 2.9174814224243164 -0.8546635508537275 -8.103585243225098
		endloop
	endfacet
	facet normal 0.3031132378320683 0.5144491930423554 -0.8021623232420165
		outer loop
			vertex 2.7609341144561768 1.0000000000000016 -6.973292827606201
			vertex 3.1761014461517334 -0.8796502351760846 -8.021885871887207
			vertex 3.034943103790283 -0.8660118579864484 -8.066478729248047
		endloop
	endfacet
	facet normal 0.32816001722027616 0.5144491766198197 -0.7922455728959159
		outer loop
			vertex 2.7609341144561768 1.0000000000000016 -6.973292827606201
			vertex 3.2954490184783936 -0.8966284394264203 -7.983475208282471
			vertex 3.1761014461517334 -0.8796502351760846 -8.021885871887207
		endloop
	endfacet
	facet normal 0.32815983851470887 0.5144491684929731 -0.7922456521956364
		outer loop
			vertex 2.978609085083008 1.0000000000000016 -6.883128643035889
			vertex 3.2954490184783936 -0.8966284394264203 -7.983475208282471
			vertex 2.7609341144561768 1.0000000000000016 -6.973292827606201
		endloop
	endfacet
	facet normal 0.12102887535486846 -0.9486715808779629 -0.29218871122074963
		outer loop
			vertex 2.7609341144561768 1.0000000000000016 -6.973292827606201
			vertex 3.4025042057037354 1.4780598878860491 -8.259698867797852
			vertex 2.978609085083008 1.0000000000000016 -6.883128643035889
		endloop
	endfacet
	facet normal 0.121028639537518 -0.9486715878512291 -0.29218878625903033
		outer loop
			vertex 3.4025042057037354 1.4780598878860491 -8.259698867797852
			vertex 3.543177843093872 1.4738526344299334 -8.187769889831543
			vertex 2.978609085083008 1.0000000000000016 -6.883128643035889
		endloop
	endfacet
	facet normal 0.13014698285752052 -0.9486715863047798 -0.2882429256565671
		outer loop
			vertex 2.978609085083008 1.0000000000000016 -6.883128643035889
			vertex 3.543177843093872 1.4738526344299334 -8.187769889831543
			vertex 3.6533260345458984 1.4709506034851092 -8.128484725952148
		endloop
	endfacet
	facet normal 0.13014614027193064 -0.948671565576506 -0.2882433743192377
		outer loop
			vertex 2.978609085083008 1.0000000000000016 -6.883128643035889
			vertex 3.6533260345458984 1.4709506034851092 -8.128484725952148
			vertex 3.1933445930480957 1.0000000000000016 -6.786172389984131
		endloop
	endfacet
	facet normal 0.35288051825224315 0.5144490988122397 -0.7815481204438424
		outer loop
			vertex 3.1933445930480957 1.0000000000000016 -6.786172389984131
			vertex 3.6671500205993652 -0.8546597957611066 -7.793060302734375
			vertex 2.978609085083008 1.0000000000000016 -6.883128643035889
		endloop
	endfacet
	facet normal 0.3528822790931344 0.514449298098263 -0.7815471942168559
		outer loop
			vertex 2.978609085083008 1.0000000000000016 -6.883128643035889
			vertex 3.6671500205993652 -0.8546597957611066 -7.793060302734375
			vertex 3.5361268520355225 -0.8682649135589582 -7.861175060272217
		endloop
	endfacet
	facet normal 0.352878802563338 0.5144491376788173 -0.7815488695167987
		outer loop
			vertex 2.978609085083008 1.0000000000000016 -6.883128643035889
			vertex 3.5361268520355225 -0.8682649135589582 -7.861175060272217
			vertex 3.4265079498291016 -0.8796475529670698 -7.918161869049072
		endloop
	endfacet
	facet normal 0.32815576863947116 0.5144621644189549 -0.7922388988745772
		outer loop
			vertex 3.2954490184783936 -0.8966284394264203 -7.983475208282471
			vertex 3.4265079498291016 -0.8796475529670698 -7.918161869049072
			vertex 3.305521011352539 -0.8980612158775312 -7.980233669281006
		endloop
	endfacet
	facet normal 0.3772589259873145 0.5144491001571424 -0.7700765066604776
		outer loop
			vertex 3.404928684234619 1.0000000000000016 -6.6825175285339355
			vertex 3.906532049179077 -0.8414608836173995 -7.6669697761535645
			vertex 3.7751524448394775 -0.8487048745155318 -7.736171722412109
		endloop
	endfacet
	facet normal 0.3772596481366639 0.5144490588639771 -0.7700761804664322
		outer loop
			vertex 3.404928684234619 1.0000000000000016 -6.6825175285339355
			vertex 3.7751524448394775 -0.8487048745155318 -7.736171722412109
			vertex 3.1933445930480957 1.0000000000000016 -6.786172389984131
		endloop
	endfacet
	facet normal 0.13913735909962094 -0.9486716135184858 -0.28401226207158015
		outer loop
			vertex 3.1933445930480957 1.0000000000000016 -6.786172389984131
			vertex 3.9013495445251465 1.4657931327819842 -7.9951863288879395
			vertex 3.404928684234619 1.0000000000000016 -6.6825175285339355
		endloop
	endfacet
	facet normal 0.13913796697192823 -0.9486715951390655 -0.2840120256665543
		outer loop
			vertex 3.404928684234619 1.0000000000000016 -6.6825175285339355
			vertex 3.9013495445251465 1.4657931327819842 -7.9951863288879395
			vertex 4.036754131317139 1.4639049768447894 -7.922544479370117
		endloop
	endfacet
	facet normal 0.14798890300297562 -0.9486715870082111 -0.2795022443403597
		outer loop
			vertex 3.404928684234619 1.0000000000000016 -6.6825175285339355
			vertex 4.036754131317139 1.4639049768447894 -7.922544479370117
			vertex 4.148182392120361 1.4637323617935198 -7.862960338592529
		endloop
	endfacet
	facet normal 0.14798856621515522 -0.9486715781000327 -0.27950245289581344
		outer loop
			vertex 3.404928684234619 1.0000000000000016 -6.6825175285339355
			vertex 4.148182392120361 1.4637323617935198 -7.862960338592529
			vertex 3.613152503967285 1.0000000000000016 -6.572268962860107
		endloop
	endfacet
	facet normal 0.40125883761291314 0.5144490763430439 -0.7578479353322293
		outer loop
			vertex 3.613152503967285 1.0000000000000016 -6.572268962860107
			vertex 4.013676643371582 -0.8408023715019209 -7.609792709350586
			vertex 3.404928684234619 1.0000000000000016 -6.6825175285339355
		endloop
	endfacet
	facet normal 0.40125822375159304 0.5144491122360774 -0.757848235988729
		outer loop
			vertex 3.613152503967285 1.0000000000000016 -6.572268962860107
			vertex 4.145007133483887 -0.839995086193083 -7.539709091186523
			vertex 4.013676643371582 -0.8408023715019209 -7.609792709350586
		endloop
	endfacet
	facet normal 0.4248640639487551 0.514449138981317 -0.7448708683834601
		outer loop
			vertex 3.613152503967285 1.0000000000000016 -6.572268962860107
			vertex 4.252045631408691 -0.8446118831634505 -7.481844425201416
			vertex 4.145007133483887 -0.839995086193083 -7.539709091186523
		endloop
	endfacet
	facet normal 0.4248672447847088 0.5144493420262286 -0.744868913835066
		outer loop
			vertex 3.817810535430908 1.0000000000000013 -6.455533504486084
			vertex 4.382925510406494 -0.850258290767668 -7.411091327667236
			vertex 4.252045631408691 -0.8446118831634505 -7.481844425201416
		endloop
	endfacet
	facet normal 0.44805589267663765 0.514449309298971 -0.7311551307346158
		outer loop
			vertex 3.817810535430908 1.0000000000000013 -6.455533504486084
			vertex 4.490611553192139 -0.8602403402328475 -7.352124214172363
			vertex 4.382925510406494 -0.850258290767668 -7.411091327667236
		endloop
	endfacet
	facet normal 0.4480537362535882 0.5144492025057236 -0.7311565273389995
		outer loop
			vertex 4.018701076507568 1.0000000000000013 -6.332427501678467
			vertex 4.490611553192139 -0.8602403402328475 -7.352124214172363
			vertex 3.817810535430908 1.0000000000000013 -6.455533504486084
		endloop
	endfacet
	facet normal 0.16524690263365996 -0.9486716668241365 -0.2696581720161588
		outer loop
			vertex 3.817810535430908 1.0000000000000013 -6.455533504486084
			vertex 4.640387058258057 1.4687603712081927 -7.600581169128418
			vertex 4.018701076507568 1.0000000000000013 -6.332427501678467
		endloop
	endfacet
	facet normal 0.16524836520904757 -0.9486716207104077 -0.2696574379734885
		outer loop
			vertex 4.018701076507568 1.0000000000000013 -6.332427501678467
			vertex 4.640387058258057 1.4687603712081927 -7.600581169128418
			vertex 4.777328014373779 1.4719353914260882 -7.527832508087158
		endloop
	endfacet
	facet normal 0.1736354706977884 -0.9486716123069109 -0.264334816697619
		outer loop
			vertex 4.018701076507568 1.0000000000000013 -6.332427501678467
			vertex 4.777328014373779 1.4719353914260882 -7.527832508087158
			vertex 4.886796474456787 1.475820422172548 -7.469868183135986
		endloop
	endfacet
	facet normal 0.1736350088645721 -0.9486716000529555 -0.2643351640428599
		outer loop
			vertex 4.018701076507568 1.0000000000000013 -6.332427501678467
			vertex 4.886796474456787 1.475820422172548 -7.469868183135986
			vertex 4.215625286102295 1.0000000000000013 -6.203073024749756
		endloop
	endfacet
	facet normal 0.47079719593746383 0.5144489599757575 -0.7167232854297975
		outer loop
			vertex 4.215625286102295 1.0000000000000013 -6.203073024749756
			vertex 4.729725360870361 -0.887835025787352 -7.220422267913818
			vertex 4.018701076507568 1.0000000000000013 -6.332427501678467
		endloop
	endfacet
	facet normal 0.47080017304033384 0.5144491105516285 -0.716721221757686
		outer loop
			vertex 4.018701076507568 1.0000000000000013 -6.332427501678467
			vertex 4.729725360870361 -0.887835025787352 -7.220422267913818
			vertex 4.620635509490967 -0.8722920417785628 -7.2809247970581055
		endloop
	endfacet
	facet normal 0.4707961756350068 0.5144490200581182 -0.7167239125135241
		outer loop
			vertex 4.215625286102295 1.0000000000000013 -6.203073024749756
			vertex 4.852266311645508 -0.8877418041229233 -7.139861583709717
			vertex 4.729725360870361 -0.887835025787352 -7.220422267913818
		endloop
	endfacet
	facet normal 0.4707916525694398 0.5144627221731863 -0.7167170483287607
		outer loop
			vertex 4.729725360870361 -0.887835025787352 -7.220422267913818
			vertex 4.852266311645508 -0.8877418041229233 -7.139861583709717
			vertex 4.798898220062256 -0.8976904749870285 -7.182058811187744
		endloop
	endfacet
	facet normal 0.5361576114846403 0.5144490052351135 -0.6692363085336059
		outer loop
			vertex 4.596802711486816 1.0000000000000013 -5.926131725311279
			vertex 5.368888854980469 -0.8416778445243821 -6.723293304443359
			vertex 5.274796009063721 -0.8436546325683578 -6.800195217132568
		endloop
	endfacet
	facet normal 0.5148727259967772 0.5144489924582135 -0.6857465349408457
		outer loop
			vertex 4.596802711486816 1.0000000000000013 -5.926131725311279
			vertex 5.274796009063721 -0.8436546325683578 -6.800195217132568
			vertex 5.15944242477417 -0.8524991273879989 -6.893440246582031
		endloop
	endfacet
	facet normal 0.5148720981203183 0.5144490323090584 -0.6857469764668708
		outer loop
			vertex 4.596802711486816 1.0000000000000013 -5.926131725311279
			vertex 5.15944242477417 -0.8524991273879989 -6.893440246582031
			vertex 4.408389568328857 1.0000000000000013 -6.067595958709717
		endloop
	endfacet
	facet normal 0.18989026743682502 -0.9486716241120169 -0.2529107272091069
		outer loop
			vertex 4.408389568328857 1.0000000000000013 -6.067595958709717
			vertex 5.331968784332275 1.4667891263961808 -7.125087261199951
			vertex 4.596802711486816 1.0000000000000013 -5.926131725311279
		endloop
	endfacet
	facet normal 0.18989144282575973 -0.9486715850348569 -0.2529099912795131
		outer loop
			vertex 5.331968784332275 1.4667891263961808 -7.125087261199951
			vertex 5.450844764709473 1.464476108551027 -7.027155876159668
			vertex 4.596802711486816 1.0000000000000013 -5.926131725311279
		endloop
	endfacet
	facet normal 0.19774134600638585 -0.9486715789515271 -0.24682097838149764
		outer loop
			vertex 4.596802711486816 1.0000000000000013 -5.926131725311279
			vertex 5.450844764709473 1.464476108551027 -7.027155876159668
			vertex 5.548458576202393 1.4639585018157975 -6.946962833404541
		endloop
	endfacet
	facet normal 0.1977409830436837 -0.9486715678816547 -0.24682131171736488
		outer loop
			vertex 4.596802711486816 1.0000000000000013 -5.926131725311279
			vertex 5.548458576202393 1.4639585018157975 -6.946962833404541
			vertex 4.780679702758789 1.0000000000000013 -5.778818607330322
		endloop
	endfacet
	facet normal 0.19774013513929667 -0.948671596650265 -0.24682188044038858
		outer loop
			vertex 4.780679702758789 1.0000000000000013 -5.778818607330322
			vertex 5.548458576202393 1.4639585018157975 -6.946962833404541
			vertex 5.666695594787598 1.4633314609527603 -6.849827766418457
		endloop
	endfacet
	facet normal 0.20539654071570235 -0.948671600664732 -0.24048795220184743
		outer loop
			vertex 4.780679702758789 1.0000000000000013 -5.778818607330322
			vertex 5.666695594787598 1.4633314609527603 -6.849827766418457
			vertex 5.764338493347168 1.464193463325502 -6.769833087921143
		endloop
	endfacet
	facet normal 0.20539679305995912 -0.9486716085837829 -0.2404877054398882
		outer loop
			vertex 4.780679702758789 1.0000000000000013 -5.778818607330322
			vertex 5.764338493347168 1.464193463325502 -6.769833087921143
			vertex 4.9598388671875 1.0000000000000013 -5.6258015632629395
		endloop
	endfacet
	facet normal 0.5569166631199607 0.5144491419909194 -0.6520628118855846
		outer loop
			vertex 4.9598388671875 1.0000000000000013 -5.6258015632629395
			vertex 5.577803134918213 -0.8425524830818162 -6.551701545715332
			vertex 4.780679702758789 1.0000000000000013 -5.778818607330322
		endloop
	endfacet
	facet normal 0.5569168852619386 0.5144491544024118 -0.6520626123653956
		outer loop
			vertex 4.780679702758789 1.0000000000000013 -5.778818607330322
			vertex 5.577803134918213 -0.8425524830818162 -6.551701545715332
			vertex 5.484111785888672 -0.839257419109343 -6.629122257232666
		endloop
	endfacet
	facet normal 0.5361567511087202 0.5144491546926219 -0.6692368829320369
		outer loop
			vertex 4.780679702758789 1.0000000000000013 -5.778818607330322
			vertex 5.484111785888672 -0.839257419109343 -6.629122257232666
			vertex 5.368888854980469 -0.8416778445243821 -6.723293304443359
		endloop
	endfacet
	facet normal 0.20481913751746467 0.9394467702470115 -0.27475240996042344
		outer loop
			vertex 5.368888854980469 -0.8416778445243821 -6.723293304443359
			vertex 5.484111785888672 -0.839257419109343 -6.629122257232666
			vertex 5.418892860412598 -0.8406274914741502 -6.682425498962402
		endloop
	endfacet
	facet normal 0.5569182920452685 0.5144490325742542 -0.6520615069675522
		outer loop
			vertex 4.9598388671875 1.0000000000000013 -5.6258015632629395
			vertex 5.692541122436523 -0.8465875983238206 -6.456888675689697
			vertex 5.577803134918213 -0.8425524830818162 -6.551701545715332
		endloop
	endfacet
	facet normal 0.577119909332662 0.514449031411376 -0.6342513731414045
		outer loop
			vertex 4.9598388671875 1.0000000000000013 -5.6258015632629395
			vertex 5.786486625671387 -0.8552131056785569 -6.378401756286621
			vertex 5.692541122436523 -0.8465875983238206 -6.456888675689697
		endloop
	endfacet
	facet normal 0.5771203287239249 0.5144490555372292 -0.6342509719586102
		outer loop
			vertex 5.134103298187256 1.000000000000001 -5.467234134674072
			vertex 5.786486625671387 -0.8552131056785569 -6.378401756286621
			vertex 4.9598388671875 1.0000000000000013 -5.6258015632629395
		endloop
	endfacet
	facet normal 0.21284812893816696 -0.9486715977684593 -0.23391851913638675
		outer loop
			vertex 4.9598388671875 1.0000000000000013 -5.6258015632629395
			vertex 5.980065822601318 1.4674675464630142 -6.593317031860352
			vertex 5.134103298187256 1.000000000000001 -5.467234134674072
		endloop
	endfacet
	facet normal 0.21284842397127182 -0.9486715872966234 -0.23391829314752377
		outer loop
			vertex 5.134103298187256 1.000000000000001 -5.467234134674072
			vertex 5.980065822601318 1.4674675464630142 -6.593317031860352
			vertex 6.099746227264404 1.4702100753784193 -6.49553918838501
		endloop
	endfacet
	facet normal 0.22009182850425474 -0.9486715877250784 -0.22711628226270453
		outer loop
			vertex 5.134103298187256 1.000000000000001 -5.467234134674072
			vertex 6.099746227264404 1.4702100753784193 -6.49553918838501
			vertex 6.196093559265137 1.4737700223922743 -6.417041778564453
		endloop
	endfacet
	facet normal 0.22009170150421972 -0.9486715836770041 -0.22711642224362033
		outer loop
			vertex 5.134103298187256 1.000000000000001 -5.467234134674072
			vertex 6.196093559265137 1.4737700223922743 -6.417041778564453
			vertex 5.303300857543945 1.000000000000001 -5.303269863128662
		endloop
	endfacet
	facet normal 0.5967605987779141 0.5144490698427322 -0.615807552961291
		outer loop
			vertex 5.303300857543945 1.000000000000001 -5.303269863128662
			vertex 5.995245456695557 -0.8797983527183519 -6.203121185302734
			vertex 5.134103298187256 1.000000000000001 -5.467234134674072
		endloop
	endfacet
	facet normal 0.596759775232758 0.5144490209769329 -0.6158083918557975
		outer loop
			vertex 5.134103298187256 1.000000000000001 -5.467234134674072
			vertex 5.995245456695557 -0.8797983527183519 -6.203121185302734
			vertex 5.900386810302734 -0.8656705617904649 -6.283243179321289
		endloop
	endfacet
	facet normal 0.5970329147503071 0.5135569764621244 -0.6162880257086242
		outer loop
			vertex 5.995245456695557 -0.8797983527183519 -6.203121185302734
			vertex 6.1079511642456055 -0.8965789079666124 -6.107920169830322
			vertex 6.107936859130859 -0.8965823054313646 -6.107936859130859
		endloop
	endfacet
	facet normal 0.5967601995772264 0.5144490971596594 -0.615807916993733
		outer loop
			vertex 5.303300857543945 1.000000000000001 -5.303269863128662
			vertex 6.1079511642456055 -0.8965789079666124 -6.107920169830322
			vertex 5.995245456695557 -0.8797983527183519 -6.203121185302734
		endloop
	endfacet
	facet normal 0.6158100009636481 0.5144490764939792 -0.5967580668978374
		outer loop
			vertex 5.303300857543945 1.000000000000001 -5.303269863128662
			vertex 6.188356876373291 -0.882401347160338 -6.012725353240967
			vertex 6.1079511642456055 -0.8965789079666124 -6.107920169830322
		endloop
	endfacet
	facet normal 0.6158079554912826 0.5144489510484039 -0.5967602858090033
		outer loop
			vertex 5.303300857543945 1.000000000000001 -5.303269863128662
			vertex 6.283271789550781 -0.8656654953956591 -5.90035343170166
			vertex 6.188356876373291 -0.882401347160338 -6.012725353240967
		endloop
	endfacet
	facet normal 0.6158092281392679 0.514449145564506 -0.5967588048503927
		outer loop
			vertex 5.467264652252197 1.000000000000001 -5.1340718269348145
			vertex 6.283271789550781 -0.8656654953956591 -5.90035343170166
			vertex 5.303300857543945 1.000000000000001 -5.303269863128662
		endloop
	endfacet
	facet normal 0.2271170056763864 -0.9486716052275666 -0.22009100655761624
		outer loop
			vertex 5.303300857543945 1.000000000000001 -5.303269863128662
			vertex 6.396430492401123 1.4747045040130629 -6.221391677856445
			vertex 5.467264652252197 1.000000000000001 -5.1340718269348145
		endloop
	endfacet
	facet normal 0.22711746203733107 -0.9486715881748197 -0.22009060913084644
		outer loop
			vertex 5.467264652252197 1.000000000000001 -5.1340718269348145
			vertex 6.396430492401123 1.4747045040130629 -6.221391677856445
			vertex 6.4955668449401855 1.4702087640762342 -6.099711894989014
		endloop
	endfacet
	facet normal 0.2339177595188103 -0.9486715838099742 -0.21284902596247712
		outer loop
			vertex 5.467264652252197 1.000000000000001 -5.1340718269348145
			vertex 6.4955668449401855 1.4702087640762342 -6.099711894989014
			vertex 6.575052738189697 1.467979192733766 -6.002420902252197
		endloop
	endfacet
	facet normal 0.2339176329018646 -0.9486715793302594 -0.21284918507859127
		outer loop
			vertex 5.467264652252197 1.000000000000001 -5.1340718269348145
			vertex 6.575052738189697 1.467979192733766 -6.002420902252197
			vertex 5.625833034515381 1.000000000000001 -4.959807872772217
		endloop
	endfacet
	facet normal 0.6342484227385484 0.5144491352054922 -0.5771230592689786
		outer loop
			vertex 5.625833034515381 1.000000000000001 -4.959807872772217
			vertex 6.4569172859191895 -0.8465807437896716 -5.692507743835449
			vertex 5.467264652252197 1.000000000000001 -5.1340718269348145
		endloop
	endfacet
	facet normal 0.6342479135385973 0.5144490535505825 -0.5771236916579028
		outer loop
			vertex 5.467264652252197 1.000000000000001 -5.1340718269348145
			vertex 6.4569172859191895 -0.8465807437896716 -5.692507743835449
			vertex 6.361939907073975 -0.8570192456245409 -5.8061909675598145
		endloop
	endfacet
	facet normal 0.6520650774617189 0.5144491266050827 -0.5569140246843404
		outer loop
			vertex 5.625833034515381 1.000000000000001 -4.959807872772217
			vertex 6.534408092498779 -0.8432835340499866 -5.598731517791748
			vertex 6.4569172859191895 -0.8465807437896716 -5.692507743835449
		endloop
	endfacet
	facet normal 0.6520645489252439 0.5144490917479192 -0.556914675722107
		outer loop
			vertex 5.778849124908447 1.000000000000001 -4.780648708343506
			vertex 6.534408092498779 -0.8432835340499866 -5.598731517791748
			vertex 5.625833034515381 1.000000000000001 -4.959807872772217
		endloop
	endfacet
	facet normal 0.24048835551191605 -0.9486716007420369 -0.20539606814327216
		outer loop
			vertex 5.625833034515381 1.000000000000001 -4.959807872772217
			vertex 6.7527923583984375 1.4643758535385145 -5.785138130187988
			vertex 5.778849124908447 1.000000000000001 -4.780648708343506
		endloop
	endfacet
	facet normal 0.24048844186032675 -0.9486715973217464 -0.2053959828394862
		outer loop
			vertex 5.778849124908447 1.000000000000001 -4.780648708343506
			vertex 6.7527923583984375 1.4643758535385145 -5.785138130187988
			vertex 6.849855422973633 1.463330149650575 -5.666661739349365
		endloop
	endfacet
	facet normal 0.24682048240707213 -0.948671601086187 -0.19774185888908488
		outer loop
			vertex 5.778849124908447 1.000000000000001 -4.780648708343506
			vertex 6.849855422973633 1.463330149650575 -5.666661739349365
			vertex 6.930034160614014 1.4638475179672255 -5.569065093994141
		endloop
	endfacet
	facet normal 0.24682088461086235 -0.9486716169122564 -0.19774128093293145
		outer loop
			vertex 5.778849124908447 1.000000000000001 -4.780648708343506
			vertex 6.930034160614014 1.4638475179672255 -5.569065093994141
			vertex 5.9261627197265625 1.000000000000001 -4.596771717071533
		endloop
	endfacet
	facet normal 0.6692347615050759 0.5144491470507995 -0.5361594064193493
		outer loop
			vertex 5.9261627197265625 1.000000000000001 -4.596771717071533
			vertex 6.706009864807129 -0.8412271738052356 -5.390037536621094
			vertex 5.778849124908447 1.000000000000001 -4.780648708343506
		endloop
	endfacet
	facet normal 0.669232987910538 0.5144490253060585 -0.5361617370290239
		outer loop
			vertex 5.778849124908447 1.000000000000001 -4.780648708343506
			vertex 6.706009864807129 -0.8412271738052356 -5.390037536621094
			vertex 6.629149913787842 -0.8392520546913135 -5.484078407287598
		endloop
	endfacet
	facet normal 0.7448693926318951 0.5144491866620623 -0.4248665934889852
		outer loop
			vertex 6.572299957275391 1.0000000000000009 -3.613121747970581
			vertex 7.539731025695801 -0.8399775028228751 -4.1449713706970215
			vertex 7.469050884246826 -0.8456174731254568 -4.2757158279418945
		endloop
	endfacet
	facet normal 0.7448699438353112 0.5144491315191878 -0.4248656938962404
		outer loop
			vertex 6.572299957275391 1.0000000000000009 -3.613121747970581
			vertex 7.469050884246826 -0.8456174731254568 -4.2757158279418945
			vertex 6.455564975738525 1.0000000000000009 -3.8177802562713623
		endloop
	endfacet
	facet normal 0.2747160512308957 -0.9486715741493873 -0.15669504011623206
		outer loop
			vertex 6.455564975738525 1.0000000000000009 -3.8177802562713623
			vertex 7.718716621398926 1.4649851322174081 -4.418374538421631
			vertex 6.572299957275391 1.0000000000000009 -3.613121747970581
		endloop
	endfacet
	facet normal 0.27471555290302696 -0.948671598909974 -0.15669576386992096
		outer loop
			vertex 7.718716621398926 1.4649851322174081 -4.418374538421631
			vertex 7.790854454040527 1.463518977165223 -4.283027648925781
			vertex 6.572299957275391 1.0000000000000009 -3.613121747970581
		endloop
	endfacet
	facet normal 0.2795021005489712 -0.9486716036395713 -0.14798906796327016
		outer loop
			vertex 6.572299957275391 1.0000000000000009 -3.613121747970581
			vertex 7.790854454040527 1.463518977165223 -4.283027648925781
			vertex 7.850435256958008 1.463691473007203 -4.171605110168457
		endloop
	endfacet
	facet normal 0.27950199570112766 -0.9486715978486157 -0.14798930310816835
		outer loop
			vertex 6.572299957275391 1.0000000000000009 -3.613121747970581
			vertex 7.850435256958008 1.463691473007203 -4.171605110168457
			vertex 6.682548999786377 1.0000000000000007 -3.4048984050750732
		endloop
	endfacet
	facet normal 0.7578468786993161 0.5144489988949567 -0.40126093253851813
		outer loop
			vertex 6.682548999786377 1.0000000000000007 -3.4048984050750732
			vertex 7.596896648406982 -0.8406358361244193 -4.037847518920898
			vertex 6.572299957275391 1.0000000000000009 -3.613121747970581
		endloop
	endfacet
	facet normal 0.7578460799721887 0.514449083545612 -0.4012623325330536
		outer loop
			vertex 6.682548999786377 1.0000000000000007 -3.4048984050750732
			vertex 7.666991710662842 -0.841442644596099 -3.906496524810791
			vertex 7.596896648406982 -0.8406358361244193 -4.037847518920898
		endloop
	endfacet
	facet normal 0.7700782448339389 0.5144490968548899 -0.37725538243830065
		outer loop
			vertex 6.682548999786377 1.0000000000000007 -3.4048984050750732
			vertex 7.723787307739258 -0.8473888635635367 -3.7986702919006348
			vertex 7.666991710662842 -0.841442644596099 -3.906496524810791
		endloop
	endfacet
	facet normal 0.7700775676379086 0.5144490294160532 -0.37725685673525283
		outer loop
			vertex 6.786202907562256 1.0000000000000007 -3.19331431388855
			vertex 7.723787307739258 -0.8473888635635367 -3.7986702919006348
			vertex 6.682548999786377 1.0000000000000007 -3.4048984050750732
		endloop
	endfacet
	facet normal 0.28401285089834655 -0.9486715826788034 -0.13913636743241498
		outer loop
			vertex 6.682548999786377 1.0000000000000007 -3.4048984050750732
			vertex 7.982110023498535 1.4654483795166025 -3.9257228374481197
			vertex 6.786202907562256 1.0000000000000007 -3.19331431388855
		endloop
	endfacet
	facet normal 0.28401308938710534 -0.9486715696112429 -0.13913596971356088
		outer loop
			vertex 6.786202907562256 1.0000000000000007 -3.19331431388855
			vertex 7.982110023498535 1.4654483795166025 -3.9257228374481197
			vertex 8.054781913757324 1.4673376083374032 -3.7902617454528804
		endloop
	endfacet
	facet normal 0.28824339112714276 -0.9486715647558949 -0.13014610902799692
		outer loop
			vertex 6.786202907562256 1.0000000000000007 -3.19331431388855
			vertex 8.054781913757324 1.4673376083374032 -3.7902617454528804
			vertex 8.11401653289795 1.4702371358871469 -3.6802062988281246
		endloop
	endfacet
	facet normal 0.2882432661070253 -0.9486715569964211 -0.1301464424790042
		outer loop
			vertex 6.786202907562256 1.0000000000000007 -3.19331431388855
			vertex 8.11401653289795 1.4702371358871469 -3.6802062988281246
			vertex 6.883159637451172 1.0000000000000007 -2.9785783290863037
		endloop
	endfacet
	facet normal 0.781547832642362 0.514448972236619 -0.3528813401934328
		outer loop
			vertex 6.883159637451172 1.0000000000000007 -2.9785783290863037
			vertex 7.849900245666504 -0.8659917712211601 -3.5578198432922363
			vertex 6.786202907562256 1.0000000000000007 -3.19331431388855
		endloop
	endfacet
	facet normal 0.781548403300766 0.5144490332690589 -0.35287998734209064
		outer loop
			vertex 6.786202907562256 1.0000000000000007 -3.19331431388855
			vertex 7.849900245666504 -0.8659917712211601 -3.5578198432922363
			vertex 7.793081760406494 -0.8546432256698601 -3.6671152114868164
		endloop
	endfacet
	facet normal 0.8112880781628173 0.5144491363298866 -0.27776562127145243
		outer loop
			vertex 7.056605815887451 1.0000000000000007 -2.5405032634735107
			vertex 8.139742851257324 -0.8486799001693719 -2.8008508682250977
			vertex 8.10360050201416 -0.8546355962753289 -2.9174447059631348
		endloop
	endfacet
	facet normal 0.8021630053119869 0.5144491444484861 -0.3031115152630504
		outer loop
			vertex 7.056605815887451 1.0000000000000007 -2.5405032634735107
			vertex 8.10360050201416 -0.8546355962753289 -2.9174447059631348
			vertex 6.973323822021484 1.0000000000000007 -2.7609031200408936
		endloop
	endfacet
	facet normal 0.29584627796814617 -0.9486716003692999 -0.11179076198481773
		outer loop
			vertex 6.973323822021484 1.0000000000000007 -2.7609031200408936
			vertex 8.331003189086914 1.4709441661834723 -3.1643977165222164
			vertex 7.056605815887451 1.0000000000000007 -2.5405032634735107
		endloop
	endfacet
	facet normal 0.29584685095636226 -0.948671562931011 -0.11178956331087936
		outer loop
			vertex 7.056605815887451 1.0000000000000007 -2.5405032634735107
			vertex 8.331003189086914 1.4709441661834723 -3.1643977165222164
			vertex 8.375726699829102 1.4673357009887702 -3.0154163837432857
		endloop
	endfacet
	facet normal 0.2992110409153293 -0.9486715653456599 -0.10244517606496034
		outer loop
			vertex 7.056605815887451 1.0000000000000007 -2.5405032634735107
			vertex 8.375726699829102 1.4673357009887702 -3.0154163837432857
			vertex 8.412125587463379 1.465786814689637 -2.8947632312774654
		endloop
	endfacet
	facet normal 0.2992114708777213 -0.9486716021662109 -0.10244357929409215
		outer loop
			vertex 7.056605815887451 1.0000000000000007 -2.5405032634735107
			vertex 8.412125587463379 1.465786814689637 -2.8947632312774654
			vertex 7.1329240798950195 1.0000000000000004 -2.3175971508026123
		endloop
	endfacet
	facet normal 0.29921175944889333 -0.9486715819753482 -0.102442923425134
		outer loop
			vertex 8.412125587463379 1.465786814689637 -2.8947632312774654
			vertex 8.456504821777344 1.463898420333863 -2.7476544380187984
			vertex 7.1329240798950195 1.0000000000000004 -2.3175971508026123
		endloop
	endfacet
	facet normal 0.30228202236960977 -0.9486715794704337 -0.09299361944354907
		outer loop
			vertex 7.1329240798950195 1.0000000000000004 -2.3175971508026123
			vertex 8.456504821777344 1.463898420333863 -2.7476544380187984
			vertex 8.493165016174316 1.463725924491883 -2.626728296279907
		endloop
	endfacet
	facet normal 0.3022820038909356 -0.9486715776549629 -0.0929936980301571
		outer loop
			vertex 7.1329240798950195 1.0000000000000004 -2.3175971508026123
			vertex 8.493165016174316 1.463725924491883 -2.626728296279907
			vertex 7.202202796936035 1.0000000000000004 -2.092402219772339
		endloop
	endfacet
	facet normal 0.8196128199444599 0.5144490636797021 -0.252144772426018
		outer loop
			vertex 7.202202796936035 1.0000000000000004 -2.092402219772339
			vertex 8.219040870666504 -0.8407763838768 -2.5428266525268555
			vertex 7.1329240798950195 1.0000000000000004 -2.3175971508026123
		endloop
	endfacet
	facet normal 0.8196126305379091 0.514449034531913 -0.2521454475732441
		outer loop
			vertex 7.1329240798950195 1.0000000000000004 -2.3175971508026123
			vertex 8.219040870666504 -0.8407763838768 -2.5428266525268555
			vertex 8.183709144592285 -0.8414348363876337 -2.65901780128479
		endloop
	endfacet
	facet normal 0.8112877127292889 0.5144490288141272 -0.2777668877434457
		outer loop
			vertex 7.1329240798950195 1.0000000000000004 -2.3175971508026123
			vertex 8.183709144592285 -0.8414348363876337 -2.65901780128479
			vertex 8.139742851257324 -0.8486799001693719 -2.8008508682250977
		endloop
	endfacet
	facet normal 0.819613293890519 0.5144489868633088 -0.25214338855748164
		outer loop
			vertex 7.202202796936035 1.0000000000000004 -2.092402219772339
			vertex 8.262349128723145 -0.8399695158004755 -2.4004032611846924
			vertex 8.219040870666504 -0.8407763838768 -2.5428266525268555
		endloop
	endfacet
	facet normal 0.8271280623879734 0.5144489736690607 -0.2262773119452478
		outer loop
			vertex 7.202202796936035 1.0000000000000004 -2.092402219772339
			vertex 8.297120094299316 -0.844587087631225 -2.2838006019592285
			vertex 8.262349128723145 -0.8399695158004755 -2.4004032611846924
		endloop
	endfacet
	facet normal 0.8271282115351883 0.514448999529692 -0.22627670796062876
		outer loop
			vertex 7.264373779296875 1.0000000000000004 -1.8651434183120725
			vertex 8.297120094299316 -0.844587087631225 -2.2838006019592285
			vertex 7.202202796936035 1.0000000000000004 -2.092402219772339
		endloop
	endfacet
	facet normal 0.3050536393740505 -0.9486716149472275 -0.08345324498224108
		outer loop
			vertex 7.202202796936035 1.0000000000000004 -2.092402219772339
			vertex 8.574292182922363 1.4647225141525273 -2.359715938568115
			vertex 7.264373779296875 1.0000000000000004 -1.8651434183120725
		endloop
	endfacet
	facet normal 0.3050540690503777 -0.9486715797970009 -0.08345207391832904
		outer loop
			vertex 7.264373779296875 1.0000000000000004 -1.8651434183120725
			vertex 8.574292182922363 1.4647225141525273 -2.359715938568115
			vertex 8.619002342224121 1.4661891460418706 -2.212953090667724
		endloop
	endfacet
	facet normal 0.3075247879238974 -0.9486715694267907 -0.07382925012264573
		outer loop
			vertex 7.264373779296875 1.0000000000000004 -1.8651434183120725
			vertex 8.619002342224121 1.4661891460418706 -2.212953090667724
			vertex 8.655674934387207 1.4687541723251347 -2.0931582450866695
		endloop
	endfacet
	facet normal 0.30752471670779147 -0.9486715601745631 -0.07382966564838887
		outer loop
			vertex 7.264373779296875 1.0000000000000004 -1.8651434183120725
			vertex 8.655674934387207 1.4687541723251347 -2.0931582450866695
			vertex 7.319375514984131 1.0000000000000004 -1.6360431909561155
		endloop
	endfacet
	facet normal 0.833827809044025 0.5144491626776608 -0.20018302596647602
		outer loop
			vertex 7.319375514984131 1.0000000000000004 -1.6360431909561155
			vertex 8.374085426330566 -0.8602141737937923 -2.0233845710754395
			vertex 7.264373779296875 1.0000000000000004 -1.8651434183120725
		endloop
	endfacet
	facet normal 0.833827858141508 0.514449172436721 -0.20018279637950537
		outer loop
			vertex 7.264373779296875 1.0000000000000004 -1.8651434183120725
			vertex 8.374085426330566 -0.8602141737937923 -2.0233845710754395
			vertex 8.33963680267334 -0.8502330780029292 -2.1412241458892822
		endloop
	endfacet
	facet normal 0.8396830563123886 0.5144831614344251 -0.17389491522849465
		outer loop
			vertex 8.479720115661621 -0.8877122998237607 -1.6175622940063479
			vertex 8.471819877624512 -0.8976628780364987 -1.685149669647217
			vertex 8.450037002563477 -0.8878088593482967 -1.761178255081177
		endloop
	endfacet
	facet normal 0.8397032509148513 0.5144487974900608 -0.17389906602411848
		outer loop
			vertex 8.479720115661621 -0.8877122998237607 -1.6175622940063479
			vertex 8.450037002563477 -0.8878088593482967 -1.761178255081177
			vertex 7.319375514984131 1.0000000000000004 -1.6360431909561155
		endloop
	endfacet
	facet normal 0.8397036630004577 0.5144490784089791 -0.17389624512267612
		outer loop
			vertex 7.367154598236084 1.0000000000000002 -1.405329346656799
			vertex 8.479720115661621 -0.8877122998237607 -1.6175622940063479
			vertex 7.319375514984131 1.0000000000000004 -1.6360431909561155
		endloop
	endfacet
	facet normal 0.3096917045659456 -0.9486715848199002 -0.0641347977180737
		outer loop
			vertex 7.319375514984131 1.0000000000000004 -1.6360431909561155
			vertex 8.7374849319458 1.475813984870911 -1.8264933824539182
			vertex 7.367154598236084 1.0000000000000002 -1.405329346656799
		endloop
	endfacet
	facet normal 0.3096916991121502 -0.948671585359432 -0.06413481607248506
		outer loop
			vertex 7.367154598236084 1.0000000000000002 -1.405329346656799
			vertex 8.7374849319458 1.475813984870911 -1.8264933824539182
			vertex 8.769729614257812 1.4759554862976079 -1.6728845834732053
		endloop
	endfacet
	facet normal 0.31155373740460507 -0.9486715838882834 -0.05437365752014391
		outer loop
			vertex 7.367154598236084 1.0000000000000002 -1.405329346656799
			vertex 8.769729614257812 1.4759554862976079 -1.6728845834732053
			vertex 8.7815580368042 1.4727214574813847 -1.5486843585968015
		endloop
	endfacet
	facet normal 0.3115536684372914 -0.9486715701358348 -0.05437429263242129
		outer loop
			vertex 7.367154598236084 1.0000000000000002 -1.405329346656799
			vertex 8.7815580368042 1.4727214574813847 -1.5486843585968015
			vertex 7.407662391662598 1.0000000000000002 -1.1732279062271116
		endloop
	endfacet
	facet normal 0.8447521231011749 0.5144490523669221 -0.14743141807238164
		outer loop
			vertex 7.407662391662598 1.0000000000000002 -1.1732279062271116
			vertex 8.509783744812012 -0.8597658872604367 -1.3477866649627688
			vertex 7.367154598236084 1.0000000000000002 -1.405329346656799
		endloop
	endfacet
	facet normal 0.8447520719626664 0.5144490069816411 -0.14743186945292866
		outer loop
			vertex 7.367154598236084 1.0000000000000002 -1.405329346656799
			vertex 8.509783744812012 -0.8597658872604367 -1.3477866649627688
			vertex 8.49345874786377 -0.8749409317970273 -1.4942771196365359
		endloop
	endfacet
	facet normal 0.8489664071479325 0.5144490257215981 -0.12082317438484061
		outer loop
			vertex 7.407662391662598 1.0000000000000002 -1.1732279062271116
			vertex 8.522679328918457 -0.8524703979492185 -1.2261123657226565
			vertex 8.509783744812012 -0.8597658872604367 -1.3477866649627688
		endloop
	endfacet
	facet normal 0.8489658032590427 0.5144489583933184 -0.12082770421040966
		outer loop
			vertex 7.440860271453857 1.0000000000000002 -0.9399687051773069
			vertex 8.538312911987305 -0.8436257839202879 -1.078609108924866
			vertex 8.522679328918457 -0.8524703979492185 -1.2261123657226565
		endloop
	endfacet
	facet normal 0.8523423423530708 0.51444897574682 -0.09409985539377184
		outer loop
			vertex 7.440860271453857 1.0000000000000002 -0.9399687051773069
			vertex 8.550468444824219 -0.8416490554809568 -0.957699239253998
			vertex 8.538312911987305 -0.8436257839202879 -1.078609108924866
		endloop
	endfacet
	facet normal 0.051177886490803015 0.9984588085751691 -0.0214669865837857
		outer loop
			vertex 8.565354347229004 -0.8392286300659177 -0.8096335530281069
			vertex 8.556927680969238 -0.8405988812446592 -0.8934552073478701
			vertex 8.550468444824219 -0.8416490554809568 -0.957699239253998
		endloop
	endfacet
	facet normal 0.8523422337819017 0.5144490208137013 -0.09410059242907176
		outer loop
			vertex 8.565354347229004 -0.8392286300659177 -0.8096335530281069
			vertex 8.550468444824219 -0.8416490554809568 -0.957699239253998
			vertex 7.466714859008789 1.0000000000000002 -0.7057815790176389
		endloop
	endfacet
	facet normal 0.8548773617967024 0.5144490413301307 -0.06728209391821685
		outer loop
			vertex 7.466714859008789 1.0000000000000002 -0.7057815790176389
			vertex 8.576859474182129 -0.8425232172012328 -0.6886418461799624
			vertex 8.565354347229004 -0.8392286300659177 -0.8096335530281069
		endloop
	endfacet
	facet normal 0.8548774900641519 0.5144491408525251 -0.06727970316309928
		outer loop
			vertex 7.48520040512085 1 -0.4708983004093168
			vertex 8.576859474182129 -0.8425232172012328 -0.6886418461799624
			vertex 7.466714859008789 1.0000000000000002 -0.7057815790176389
		endloop
	endfacet
	facet normal 0.31528797185571994 -0.948671590312274 -0.02481347491762525
		outer loop
			vertex 7.466714859008789 1.0000000000000002 -0.7057815790176389
			vertex 8.862998008728027 1.4641861915588381 -0.7109791636466977
			vertex 7.48520040512085 1 -0.4708983004093168
		endloop
	endfacet
	facet normal 0.31528787649759 -0.9486716068536608 -0.02481405414949063
		outer loop
			vertex 7.48520040512085 1 -0.4708983004093168
			vertex 8.862998008728027 1.4641861915588381 -0.7109791636466977
			vertex 8.878143310546875 1.4652322530746462 -0.5585348606109616
		endloop
	endfacet
	facet normal 0.3159118239587471 -0.9486716021311682 -0.014896670532042624
		outer loop
			vertex 7.48520040512085 1 -0.4708983004093168
			vertex 8.878143310546875 1.4652322530746462 -0.5585348606109616
			vertex 8.890724182128906 1.46746027469635 -0.4336220324039456
		endloop
	endfacet
	facet normal 0.3159118524658748 -0.9486715692919102 -0.01489815722846512
		outer loop
			vertex 7.48520040512085 1 -0.4708983004093168
			vertex 8.890724182128906 1.46746027469635 -0.4336220324039456
			vertex 7.4962992668151855 1 -0.235549598932266
		endloop
	endfacet
	facet normal 0.8565690563862448 0.5144489139657791 -0.040395130412078394
		outer loop
			vertex 7.4962992668151855 1 -0.235549598932266
			vertex 8.601879119873047 -0.8551839590072631 -0.4185390174388887
			vertex 7.48520040512085 1 -0.4708983004093168
		endloop
	endfacet
	facet normal 0.856569143108653 0.5144490764879712 -0.04039122150643325
		outer loop
			vertex 7.48520040512085 1 -0.4708983004093168
			vertex 8.601879119873047 -0.8551839590072631 -0.4185390174388887
			vertex 8.590949058532715 -0.8465580940246581 -0.5404661297798159
		endloop
	endfacet
	facet normal 0.8565687562429867 0.5144491129236083 -0.04039896088336122
		outer loop
			vertex 7.4962992668151855 1 -0.235549598932266
			vertex 8.615132331848145 -0.8656420707702636 -0.2707104384899141
			vertex 8.601879119873047 -0.8551839590072631 -0.4185390174388887
		endloop
	endfacet
	facet normal 0.8574151477022768 0.5144491252248958 -0.013467072659725113
		outer loop
			vertex 7.4962992668151855 1 -0.235549598932266
			vertex 8.6255521774292 -0.8797695636749268 -0.14698220789432545
			vertex 8.615132331848145 -0.8656420707702636 -0.2707104384899141
		endloop
	endfacet
	facet normal 0.8799018838884588 0.47473862628386143 -0.01989752355579431
		outer loop
			vertex 8.63792896270752 -0.8965475559234619 0.000030845403671065575
			vertex 8.637930870056152 -0.8965523838996887 -1.3495079541936336e-14
			vertex 8.6255521774292 -0.8797695636749268 -0.14698220789432545
		endloop
	endfacet
	facet normal 0.8574151972269399 0.5144489022303066 -0.013472436985199232
		outer loop
			vertex 8.63792896270752 -0.8965475559234619 0.000030845403671065575
			vertex 8.6255521774292 -0.8797695636749268 -0.14698220789432545
			vertex 7.4962992668151855 1 -0.235549598932266
		endloop
	endfacet
	facet normal 0.8574150544580845 0.5144492266919324 -0.01346913303494639
		outer loop
			vertex 7.5 1 0.00003084540367148669
			vertex 8.63792896270752 -0.8965475559234619 0.000030845403671065575
			vertex 7.4962992668151855 1 -0.235549598932266
		endloop
	endfacet
	facet normal 0.31622392359429785 -0.948671573031692 -0.004967561595260674
		outer loop
			vertex 7.4962992668151855 1 -0.235549598932266
			vertex 8.91883373260498 1.4737628698349 -0.1562222987413403
			vertex 7.5 1 0.00003084540367148669
		endloop
	endfacet
	facet normal 0.31622391137068456 -0.9486715764704219 -0.004967683016288369
		outer loop
			vertex 7.5 1 0.00003084540367148669
			vertex 8.91883373260498 1.4737628698349 -0.1562222987413403
			vertex 8.934779167175293 1.478259801864624 0.00003084540367159289
		endloop
	endfacet
	facet normal 0.3162239137175012 -0.9486715835108707 0.0049661888973201295
		outer loop
			vertex 7.5 1 0.00003084540367148669
			vertex 8.934779167175293 1.478259801864624 0.00003084540367159289
			vertex 8.92214584350586 1.4746965169906616 0.12378206849098239
		endloop
	endfacet
	facet normal 0.31622380421969537 -0.9486716128330458 0.004967559720005052
		outer loop
			vertex 7.5 1 0.00003084540367148669
			vertex 8.92214584350586 1.4746965169906616 0.12378206849098239
			vertex 7.4962992668151855 1 0.235611289739609
		endloop
	endfacet
	facet normal 0.8574150661441541 0.5144492072103504 0.013469133218522857
		outer loop
			vertex 7.4962992668151855 1 0.235611289739609
			vertex 8.615127563476562 -0.86563378572464 0.27077198028564436
			vertex 7.5 1 0.00003084540367148669
		endloop
	endfacet
	facet normal 0.8574154757644133 0.5144486662499923 0.013463718404984837
		outer loop
			vertex 7.5 1 0.00003084540367148669
			vertex 8.615127563476562 -0.86563378572464 0.27077198028564436
			vertex 8.627470970153809 -0.882370114326477 0.124196872115135
		endloop
	endfacet
	facet normal 0.8565688748320851 0.5144492063120214 0.040395257070937475
		outer loop
			vertex 7.4962992668151855 1 0.235611289739609
			vertex 8.604171752929688 -0.8569880723953248 0.3929800391197203
			vertex 8.615127563476562 -0.86563378572464 0.27077198028564436
		endloop
	endfacet
	facet normal 0.854877272166134 0.514449140090956 0.06728247761093416
		outer loop
			vertex 7.48520040512085 0.9999999999999999 0.47095999121665977
			vertex 8.579428672790527 -0.8432523012161256 0.6616290211677549
			vertex 8.590944290161133 -0.8465498685836793 0.5405275225639341
		endloop
	endfacet
	facet normal 0.856568910520158 0.5144491573761701 0.0403951235331472
		outer loop
			vertex 7.48520040512085 0.9999999999999999 0.47095999121665977
			vertex 8.590944290161133 -0.8465498685836793 0.5405275225639341
			vertex 7.4962992668151855 1 0.235611289739609
		endloop
	endfacet
	facet normal 0.31591187556447325 -0.9486715615828669 0.014898158317776735
		outer loop
			vertex 7.4962992668151855 1 0.235611289739609
			vertex 8.893614768981934 1.4679712057113647 0.40492171049118075
			vertex 7.48520040512085 0.9999999999999999 0.47095999121665977
		endloop
	endfacet
	facet normal 0.31591186835491986 -0.9486715670013417 0.01489796616061343
		outer loop
			vertex 7.48520040512085 0.9999999999999999 0.47095999121665977
			vertex 8.893614768981934 1.4679712057113647 0.40492171049118075
			vertex 8.87813663482666 1.4652302265167234 0.5585961937904361
		endloop
	endfacet
	facet normal 0.31528810573676147 -0.9486715735544728 0.024812414445296672
		outer loop
			vertex 7.48520040512085 0.9999999999999999 0.47095999121665977
			vertex 8.87813663482666 1.4652302265167234 0.5585961937904361
			vertex 8.865653991699219 1.4643679857254026 0.6842448115348819
		endloop
	endfacet
	facet normal 0.31528795113799135 -0.9486715974050899 0.024813466990383056
		outer loop
			vertex 7.48520040512085 0.9999999999999999 0.47095999121665977
			vertex 8.865653991699219 1.4643679857254026 0.6842448115348819
			vertex 7.466714859008789 0.9999999999999999 0.7058433294296267
		endloop
	endfacet
	facet normal 0.3152879538575938 -0.948671584812002 0.024813913890727797
		outer loop
			vertex 7.466714859008789 0.9999999999999999 0.7058433294296267
			vertex 8.865653991699219 1.4643679857254026 0.6842448115348819
			vertex 8.850512504577637 1.4633221626281736 0.8366506695747379
		endloop
	endfacet
	facet normal 0.31435295210401154 -0.9486715822715001 0.03470519404904063
		outer loop
			vertex 7.466714859008789 0.9999999999999999 0.7058433294296267
			vertex 8.850512504577637 1.4633221626281736 0.8366506695747379
			vertex 8.83819580078125 1.4638396501541135 0.9623585939407352
		endloop
	endfacet
	facet normal 0.31435298494012964 -0.9486715780900158 0.03470501092680618
		outer loop
			vertex 7.466714859008789 0.9999999999999999 0.7058433294296267
			vertex 8.83819580078125 1.4638396501541135 0.9623585939407352
			vertex 7.440860271453857 0.9999999999999998 0.9400304555892947
		endloop
	endfacet
	facet normal 0.8523423013425512 0.514449056229191 0.09409978685936903
		outer loop
			vertex 7.440860271453857 0.9999999999999998 0.9400304555892947
			vertex 8.553200721740723 -0.8411960601806643 0.930537939071655
			vertex 7.466714859008789 0.9999999999999999 0.7058433294296267
		endloop
	endfacet
	facet normal 0.8523422822950424 0.5144490621164431 0.09409992720289781
		outer loop
			vertex 7.466714859008789 0.9999999999999999 0.7058433294296267
			vertex 8.553200721740723 -0.8411960601806643 0.930537939071655
			vertex 8.565349578857422 -0.839220464229584 0.8096948266029356
		endloop
	endfacet
	facet normal 0.8548775915939951 0.5144490571599294 0.06727905303815025
		outer loop
			vertex 8.565349578857422 -0.839220464229584 0.8096948266029356
			vertex 8.579428672790527 -0.8432523012161256 0.6616290211677549
			vertex 7.466714859008789 0.9999999999999999 0.7058433294296267
		endloop
	endfacet
	facet normal 0.8523422531006145 0.514449023920818 0.09410040045762608
		outer loop
			vertex 7.440860271453857 0.9999999999999998 0.9400304555892947
			vertex 8.538308143615723 -0.8436175584793093 1.078670263290405
			vertex 8.553200721740723 -0.8411960601806643 0.930537939071655
		endloop
	endfacet
	facet normal 0.848965814365168 0.5144490047122462 0.12082742896323861
		outer loop
			vertex 7.440860271453857 0.9999999999999998 0.9400304555892947
			vertex 8.525437355041504 -0.8508986830711367 1.2001048326492307
			vertex 8.538308143615723 -0.8436175584793093 1.078670263290405
		endloop
	endfacet
	facet normal 0.8338275245768201 0.5144490750373916 0.20018443608648712
		outer loop
			vertex 7.319375514984131 0.9999999999999997 1.6361049413681032
			vertex 8.38112735748291 -0.8622341752052312 1.9993036985397337
			vertex 8.415666580200195 -0.8722414374351506 1.8811550140380857
		endloop
	endfacet
	facet normal 0.8397036563938496 0.5144490896550173 0.17389624375449778
		outer loop
			vertex 7.319375514984131 0.9999999999999997 1.6361049413681032
			vertex 8.415666580200195 -0.8722414374351506 1.8811550140380857
			vertex 7.367154598236084 0.9999999999999997 1.4053910970687868
		endloop
	endfacet
	facet normal 0.309691675697285 -0.9486715946481833 0.06413479173959262
		outer loop
			vertex 7.367154598236084 0.9999999999999997 1.4053910970687868
			vertex 8.747432708740234 1.4768708944320674 1.7941540479660036
			vertex 7.319375514984131 0.9999999999999997 1.6361049413681032
		endloop
	endfacet
	facet normal 0.3096916349671517 -0.9486715850270734 0.06413513072874469
		outer loop
			vertex 7.319375514984131 0.9999999999999997 1.6361049413681032
			vertex 8.747432708740234 1.4768708944320674 1.7941540479660036
			vertex 8.70104694366455 1.471922636032104 1.9449452161788943
		endloop
	endfacet
	facet normal 0.3075245966529626 -0.948671581360829 0.07382989348344506
		outer loop
			vertex 7.319375514984131 0.9999999999999997 1.6361049413681032
			vertex 8.70104694366455 1.471922636032104 1.9449452161788943
			vertex 8.664344787597656 1.4693555831909175 2.0648360252380376
		endloop
	endfacet
	facet normal 0.3075246708765608 -0.948671575887678 0.0738296546453561
		outer loop
			vertex 7.319375514984131 0.9999999999999997 1.6361049413681032
			vertex 8.664344787597656 1.4693555831909175 2.0648360252380376
			vertex 7.264373779296875 0.9999999999999996 1.8652051687240603
		endloop
	endfacet
	facet normal 0.8338278127548108 0.5144491563164989 0.20018302685735104
		outer loop
			vertex 7.264373779296875 0.9999999999999996 1.8652051687240603
			vertex 8.339622497558594 -0.8502084016799931 2.141281843185425
			vertex 7.319375514984131 0.9999999999999997 1.6361049413681032
		endloop
	endfacet
	facet normal 0.8271279870308128 0.5144491586703807 0.22627716679703463
		outer loop
			vertex 7.264373779296875 0.9999999999999996 1.8652051687240603
			vertex 8.304807662963867 -0.8455848693847662 2.2580313682556152
			vertex 8.339622497558594 -0.8502084016799931 2.141281843185425
		endloop
	endfacet
	facet normal 0.8271276232765401 0.5144489997548553 0.22627885774886472
		outer loop
			vertex 7.202202796936035 0.9999999999999996 2.0924642086029053
			vertex 8.262334823608398 -0.8399446606636053 2.400461196899414
			vertex 8.304807662963867 -0.8455848693847662 2.2580313682556152
		endloop
	endfacet
	facet normal 0.8196138087883256 0.5144490153960167 0.25214165661699606
		outer loop
			vertex 7.202202796936035 0.9999999999999996 2.0924642086029053
			vertex 8.227010726928711 -0.840603113174439 2.516629457473755
			vertex 8.262334823608398 -0.8399446606636053 2.400461196899414
		endloop
	endfacet
	facet normal 0.819612445258187 0.5144491937591074 0.2521457249657428
		outer loop
			vertex 7.1329240798950195 0.9999999999999994 2.3176581859588623
			vertex 8.227010726928711 -0.840603113174439 2.516629457473755
			vertex 7.202202796936035 0.9999999999999996 2.0924642086029053
		endloop
	endfacet
	facet normal 0.30228179638683655 -0.9486716114267986 0.0929940280127098
		outer loop
			vertex 7.202202796936035 0.9999999999999996 2.0924642086029053
			vertex 8.500864028930664 1.4636832475662225 2.6013300418853764
			vertex 7.1329240798950195 0.9999999999999994 2.3176581859588623
		endloop
	endfacet
	facet normal 0.3022818569646954 -0.9486716194709391 0.09299374903917686
		outer loop
			vertex 7.1329240798950195 0.9999999999999994 2.3176581859588623
			vertex 8.500864028930664 1.4636832475662225 2.6013300418853764
			vertex 8.456487655639648 1.463892221450805 2.74770998954773
		endloop
	endfacet
	facet normal 0.2992108145480895 -0.9486716087061063 0.10244543568376993
		outer loop
			vertex 7.1329240798950195 0.9999999999999994 2.3176581859588623
			vertex 8.456487655639648 1.463892221450805 2.74770998954773
			vertex 8.420106887817383 1.4654402732849114 2.8683021068573002
		endloop
	endfacet
	facet normal 0.29921173782580873 -0.9486715554302126 0.1024432324015627
		outer loop
			vertex 7.1329240798950195 0.9999999999999994 2.3176581859588623
			vertex 8.420106887817383 1.4654402732849114 2.8683021068573002
			vertex 7.056605815887451 0.9999999999999994 2.540565252304077
		endloop
	endfacet
	facet normal 0.8112879110892017 0.5144489996180075 0.2777663624569231
		outer loop
			vertex 7.056605815887451 0.9999999999999994 2.540565252304077
			vertex 8.147611618041992 -0.8473562598228461 2.775477647781372
			vertex 7.1329240798950195 0.9999999999999994 2.3176581859588623
		endloop
	endfacet
	facet normal 0.8112881438815034 0.5144489717641544 0.2777657341143962
		outer loop
			vertex 7.1329240798950195 0.9999999999999994 2.3176581859588623
			vertex 8.147611618041992 -0.8473562598228461 2.775477647781372
			vertex 8.183694839477539 -0.8414102792739874 2.659074544906616
		endloop
	endfacet
	facet normal 0.8112880127812588 0.5144490176572559 0.27776603202861333
		outer loop
			vertex 7.056605815887451 0.9999999999999994 2.540565252304077
			vertex 8.103586196899414 -0.8546108007431037 2.917501449584961
			vertex 8.147611618041992 -0.8473562598228461 2.775477647781372
		endloop
	endfacet
	facet normal 0.8021639175582547 0.5144490387003154 0.3031092805374241
		outer loop
			vertex 7.056605815887451 0.9999999999999994 2.540565252304077
			vertex 8.06648063659668 -0.8659588098526008 3.0349597930908203
			vertex 8.103586196899414 -0.8546108007431037 2.917501449584961
		endloop
	endfacet
	facet normal 0.7815473628083245 0.514449091706435 0.35288220659276304
		outer loop
			vertex 6.883159637451172 0.9999999999999993 2.978639841079712
			vertex 7.861175537109375 -0.8682079315185555 3.5361406803131104
			vertex 7.918160915374756 -0.879589796066285 3.426525115966797
		endloop
	endfacet
	facet normal 0.7922458219171684 0.514449093497487 0.3281595463405023
		outer loop
			vertex 6.883159637451172 0.9999999999999993 2.978639841079712
			vertex 7.918160915374756 -0.879589796066285 3.426525115966797
			vertex 7.9834771156311035 -0.8965746760368355 3.2954649925231934
		endloop
	endfacet
	facet normal 0.7922455850820299 0.5144490603029178 0.3281601701478671
		outer loop
			vertex 6.883159637451172 0.9999999999999993 2.978639841079712
			vertex 7.9834771156311035 -0.8965746760368355 3.2954649925231934
			vertex 6.973323822021484 0.9999999999999993 2.76096510887146
		endloop
	endfacet
	facet normal 0.2921886139510075 -0.9486715990650089 0.12102896762688058
		outer loop
			vertex 6.973323822021484 0.9999999999999993 2.76096510887146
			vertex 8.259692192077637 1.4780466556549066 3.402523040771485
			vertex 6.883159637451172 0.9999999999999993 2.978639841079712
		endloop
	endfacet
	facet normal 0.2921882864825412 -0.9486715686326785 0.12102999673803941
		outer loop
			vertex 8.259692192077637 1.4780466556549066 3.402523040771485
			vertex 8.187760353088379 1.4738380908966056 3.5431914329528813
			vertex 6.883159637451172 0.9999999999999993 2.978639841079712
		endloop
	endfacet
	facet normal 0.28824376506860516 -0.9486715700996633 0.13014524187888843
		outer loop
			vertex 6.883159637451172 0.9999999999999993 2.978639841079712
			vertex 8.187760353088379 1.4738380908966056 3.5431914329528813
			vertex 8.128474235534668 1.4709359407424918 3.653342723846436
		endloop
	endfacet
	facet normal 0.2882430289031468 -0.9486716041137644 0.13014662437787913
		outer loop
			vertex 6.883159637451172 0.9999999999999993 2.978639841079712
			vertex 8.128474235534668 1.4709359407424918 3.653342723846436
			vertex 6.786202907562256 0.9999999999999993 3.1933753490448
		endloop
	endfacet
	facet normal 0.7815474742246339 0.5144490902455747 0.35288196196263094
		outer loop
			vertex 6.786202907562256 0.9999999999999993 3.1933753490448
			vertex 7.793059825897217 -0.8546029925346382 3.6671664714813232
			vertex 6.883159637451172 0.9999999999999993 2.978639841079712
		endloop
	endfacet
	facet normal 0.7700777386601322 0.5144490988220416 0.3772564129889469
		outer loop
			vertex 6.786202907562256 0.9999999999999993 3.1933753490448
			vertex 7.736173152923584 -0.8486472964286813 3.775165319442749
			vertex 7.793059825897217 -0.8546029925346382 3.6671664714813232
		endloop
	endfacet
	facet normal 0.7700775196328589 0.5144491185205322 0.3772568332178377
		outer loop
			vertex 6.682548999786377 0.9999999999999992 3.4049594402313232
			vertex 7.736173152923584 -0.8486472964286813 3.775165319442749
			vertex 6.786202907562256 0.9999999999999993 3.1933753490448
		endloop
	endfacet
	facet normal 0.2840128211967051 -0.9486715937049325 0.1391363528817397
		outer loop
			vertex 6.786202907562256 0.9999999999999993 3.1933753490448
			vertex 7.995175838470459 1.4657785892486563 3.9013650417327885
			vertex 6.682548999786377 0.9999999999999992 3.4049594402313232
		endloop
	endfacet
	facet normal 0.2840129775625165 -0.9486716058609291 0.13913595081545158
		outer loop
			vertex 7.995175838470459 1.4657785892486563 3.9013650417327885
			vertex 7.922536849975586 1.4638901948928824 4.036764621734619
			vertex 6.682548999786377 0.9999999999999992 3.4049594402313232
		endloop
	endfacet
	facet normal 0.27950189556807703 -0.948671604536708 0.14798944935230998
		outer loop
			vertex 6.682548999786377 0.9999999999999992 3.4049594402313232
			vertex 7.922536849975586 1.4638901948928824 4.036764621734619
			vertex 7.862950801849365 1.4637176990509024 4.148196697235107
		endloop
	endfacet
	facet normal 0.279502146539087 -0.9486715938163586 0.1479890440741229
		outer loop
			vertex 6.682548999786377 0.9999999999999992 3.4049594402313232
			vertex 7.862950801849365 1.4637176990509024 4.148196697235107
			vertex 6.572299957275391 0.9999999999999992 3.6131832599639893
		endloop
	endfacet
	facet normal 0.7578471357513349 0.5144492307901807 0.4012601497443886
		outer loop
			vertex 6.572299957275391 0.9999999999999992 3.6131832599639893
			vertex 7.609795093536377 -0.8407440185546884 4.013688087463379
			vertex 6.682548999786377 0.9999999999999992 3.4049594402313232
		endloop
	endfacet
	facet normal 0.7578475382368374 0.5144491966340926 0.40125943337310116
		outer loop
			vertex 6.682548999786377 0.9999999999999992 3.4049594402313232
			vertex 7.609795093536377 -0.8407440185546884 4.013688087463379
			vertex 7.666970252990723 -0.8414024114608774 3.9065470695495605
		endloop
	endfacet
	facet normal 0.7578466883007164 0.5144491773681382 0.4012610633202315
		outer loop
			vertex 6.572299957275391 0.9999999999999992 3.6131832599639893
			vertex 7.539709568023682 -0.8399370908737191 4.145021438598633
			vertex 7.609795093536377 -0.8407440185546884 4.013688087463379
		endloop
	endfacet
	facet normal 0.7448693665514765 0.5144491639583971 0.42486666670345913
		outer loop
			vertex 6.572299957275391 0.9999999999999992 3.6131832599639893
			vertex 7.481846809387207 -0.844554603099824 4.25205659866333
			vertex 7.539709568023682 -0.8399370908737191 4.145021438598633
		endloop
	endfacet
	facet normal 0.7448695067808567 0.5144491526829901 0.4248664345083017
		outer loop
			vertex 6.455564975738525 0.9999999999999991 3.8178412914276123
			vertex 7.481846809387207 -0.844554603099824 4.25205659866333
			vertex 6.572299957275391 0.9999999999999992 3.6131832599639893
		endloop
	endfacet
	facet normal 0.27471582855833726 -0.9486715993068926 0.15669527819308743
		outer loop
			vertex 6.572299957275391 0.9999999999999992 3.6131832599639893
			vertex 7.731510639190674 1.4647144079208365 4.394367218017578
			vertex 6.455564975738525 0.9999999999999991 3.8178412914276123
		endloop
	endfacet
	facet normal 0.27471596114595503 -0.9486716081967326 0.15669499192086334
		outer loop
			vertex 6.455564975738525 0.9999999999999991 3.8178412914276123
			vertex 7.731510639190674 1.4647144079208365 4.394367218017578
			vertex 7.6593499183654785 1.4661810398101796 4.529757976531982
		endloop
	endfacet
	facet normal 0.2696584906255116 -0.9486716105110928 0.16524670600002955
		outer loop
			vertex 6.455564975738525 0.9999999999999991 3.8178412914276123
			vertex 7.6593499183654785 1.4661810398101796 4.529757976531982
			vertex 7.60057258605957 1.4687459468841542 4.640398979187012
		endloop
	endfacet
	facet normal 0.2696587098760866 -0.9486716021783043 0.1652463960527252
		outer loop
			vertex 6.455564975738525 0.9999999999999991 3.8178412914276123
			vertex 7.60057258605957 1.4687459468841542 4.640398979187012
			vertex 6.332459449768066 0.9999999999999991 4.018732070922852
		endloop
	endfacet
	facet normal 0.7311576172707506 0.5144490463628697 0.44805213692526075
		outer loop
			vertex 6.332459449768066 0.9999999999999991 4.018732070922852
			vertex 7.3521270751953125 -0.8601815700531016 4.490621089935303
			vertex 6.455564975738525 0.9999999999999991 3.8178412914276123
		endloop
	endfacet
	facet normal 0.7311566411125217 0.5144491210086434 0.4480536441660636
		outer loop
			vertex 6.455564975738525 0.9999999999999991 3.8178412914276123
			vertex 7.3521270751953125 -0.8601815700531016 4.490621089935303
			vertex 7.411092281341553 -0.8502007722854624 4.382938861846924
		endloop
	endfacet
	facet normal 0.7311575902162777 0.514449043551416 0.4480521843024083
		outer loop
			vertex 6.332459449768066 0.9999999999999991 4.018732070922852
			vertex 7.280926704406738 -0.8722330927848826 4.620647430419922
			vertex 7.3521270751953125 -0.8601815700531016 4.490621089935303
		endloop
	endfacet
	facet normal 0.7167225615926899 0.5144490546941173 0.47079819437667986
		outer loop
			vertex 6.332459449768066 0.9999999999999991 4.018732070922852
			vertex 7.220426082611084 -0.8877755403518687 4.729734420776367
			vertex 7.280926704406738 -0.8722330927848826 4.620647430419922
		endloop
	endfacet
	facet normal 0.71672278238149 0.5144490385840205 0.4707978758610883
		outer loop
			vertex 7.139863014221191 -0.8876808881759655 4.852276802062988
			vertex 7.220426082611084 -0.8877755403518687 4.729734420776367
			vertex 6.332459449768066 0.9999999999999991 4.018732070922852
		endloop
	endfacet
	facet normal 0.7167224196393377 0.514449098409862 0.4707983627112708
		outer loop
			vertex 6.203104496002197 0.9999999999999991 4.215656280517578
			vertex 7.139863014221191 -0.8876808881759655 4.852276802062988
			vertex 6.332459449768066 0.9999999999999991 4.018732070922852
		endloop
	endfacet
	facet normal 0.26433490075492877 -0.948671587917813 0.17363547598453843
		outer loop
			vertex 6.332459449768066 0.9999999999999991 4.018732070922852
			vertex 7.469860553741455 1.4758057594299305 4.886806964874268
			vertex 6.203104496002197 0.9999999999999991 4.215656280517578
		endloop
	endfacet
	facet normal 0.26433511611703764 -0.9486716006556561 0.17363507853203908
		outer loop
			vertex 6.203104496002197 0.9999999999999991 4.215656280517578
			vertex 7.469860553741455 1.4758057594299305 4.886806964874268
			vertex 7.384045600891113 1.475947618484496 5.018223285675049
		endloop
	endfacet
	facet normal 0.2587502958478583 -0.9486716030891992 0.18185289079587072
		outer loop
			vertex 6.203104496002197 0.9999999999999991 4.215656280517578
			vertex 7.384045600891113 1.475947618484496 5.018223285675049
			vertex 7.3045854568481445 1.4727133512496937 5.114411354064941
		endloop
	endfacet
	facet normal 0.25875032528944414 -0.9486716020777178 0.18185285418134928
		outer loop
			vertex 6.203104496002197 0.9999999999999991 4.215656280517578
			vertex 7.3045854568481445 1.4727133512496937 5.114411354064941
			vertex 6.067627429962158 0.999999999999999 4.408420562744141
		endloop
	endfacet
	facet normal 0.7015804056752355 0.5144490770183454 0.49307918383110083
		outer loop
			vertex 6.067627429962158 0.999999999999999 4.408420562744141
			vertex 6.970361709594727 -0.8597343564033519 5.064294815063477
			vertex 6.203104496002197 0.9999999999999991 4.215656280517578
		endloop
	endfacet
	facet normal 0.70158126362542 0.5144489394305777 0.49307810664083745
		outer loop
			vertex 6.203104496002197 0.9999999999999991 4.215656280517578
			vertex 6.970361709594727 -0.8597343564033519 5.064294815063477
			vertex 7.062403202056885 -0.8749098181724559 4.9491658210754395
		endloop
	endfacet
	facet normal 0.685746368261342 0.5144490710548171 0.5148728694612056
		outer loop
			vertex 6.067627429962158 0.999999999999999 4.408420562744141
			vertex 6.893444538116455 -0.8524385690689098 5.159449100494385
			vertex 6.970361709594727 -0.8597343564033519 5.064294815063477
		endloop
	endfacet
	facet normal 0.6857472019311487 0.5144491859045129 0.5148716443598196
		outer loop
			vertex 5.9261627197265625 0.999999999999999 4.5968337059021
			vertex 6.800198078155518 -0.8435941934585584 5.274805068969727
			vertex 6.893444538116455 -0.8524385690689098 5.159449100494385
		endloop
	endfacet
	facet normal 0.6692339677878882 0.5144491814699774 0.5361603641111025
		outer loop
			vertex 5.9261627197265625 0.999999999999999 4.5968337059021
			vertex 6.7232985496521 -0.8416178822517407 5.368894577026367
			vertex 6.800198078155518 -0.8435941934585584 5.274805068969727
		endloop
	endfacet
	facet normal 0.6692347696016075 0.5144491297579119 0.5361594129059104
		outer loop
			vertex 5.778849124908447 0.9999999999999989 4.780710697174072
			vertex 6.7232985496521 -0.8416178822517407 5.368894577026367
			vertex 5.9261627197265625 0.999999999999999 4.5968337059021
		endloop
	endfacet
	facet normal 0.24682095090009404 -0.9486715885956322 0.19774133404074462
		outer loop
			vertex 5.9261627197265625 0.999999999999999 4.5968337059021
			vertex 6.946955680847168 1.4639433622360216 5.548464775085449
			vertex 5.778849124908447 0.9999999999999989 4.780710697174072
		endloop
	endfacet
	facet normal 0.24682086492451946 -0.9486715842464372 0.19774146222091993
		outer loop
			vertex 5.778849124908447 0.9999999999999989 4.780710697174072
			vertex 6.946955680847168 1.4639433622360216 5.548464775085449
			vertex 6.849823474884033 1.463316440582274 5.6666975021362305
		endloop
	endfacet
	facet normal 0.24048864482817814 -0.9486715846679018 0.20539580363872761
		outer loop
			vertex 5.778849124908447 0.9999999999999989 4.780710697174072
			vertex 6.849823474884033 1.463316440582274 5.6666975021362305
			vertex 6.769826412200928 1.4641783237457262 5.76434326171875
		endloop
	endfacet
	facet normal 0.24048837221896016 -0.9486715934174006 0.20539608241240892
		outer loop
			vertex 5.778849124908447 0.9999999999999989 4.780710697174072
			vertex 6.769826412200928 1.4641783237457262 5.76434326171875
			vertex 5.625833034515381 0.9999999999999989 4.959869861602783
		endloop
	endfacet
	facet normal 0.6520645235949046 0.5144491472740522 0.5569146540879947
		outer loop
			vertex 5.625833034515381 0.9999999999999989 4.959869861602783
			vertex 6.5517072677612305 -0.8424921035766614 5.577807903289795
			vertex 5.778849124908447 0.9999999999999989 4.780710697174072
		endloop
	endfacet
	facet normal 0.6520646207948159 0.5144491412273601 0.5569145458669085
		outer loop
			vertex 5.778849124908447 0.9999999999999989 4.780710697174072
			vertex 6.5517072677612305 -0.8424921035766614 5.577807903289795
			vertex 6.629125118255615 -0.8391977548599255 5.484119892120361
		endloop
	endfacet
	facet normal 0.6520632715223337 0.5144490422846659 0.5569162170596054
		outer loop
			vertex 5.625833034515381 0.9999999999999989 4.959869861602783
			vertex 6.456892967224121 -0.8465266823768628 5.692547798156738
			vertex 6.5517072677612305 -0.8424921035766614 5.577807903289795
		endloop
	endfacet
	facet normal 0.6342497787788681 0.5144490407541588 0.5771216531946128
		outer loop
			vertex 5.625833034515381 0.9999999999999989 4.959869861602783
			vertex 6.378407955169678 -0.8551524281501783 5.7864909172058105
			vertex 6.456892967224121 -0.8465266823768628 5.692547798156738
		endloop
	endfacet
	facet normal 0.6342492362554313 0.5144490733789288 0.5771222203389536
		outer loop
			vertex 5.467264652252197 0.9999999999999989 5.134134292602539
			vertex 6.378407955169678 -0.8551524281501783 5.7864909172058105
			vertex 5.625833034515381 0.9999999999999989 4.959869861602783
		endloop
	endfacet
	facet normal 0.23391789373850558 -0.9486715924371464 0.21284884000555515
		outer loop
			vertex 5.625833034515381 0.9999999999999989 4.959869861602783
			vertex 6.593311309814453 1.4674524068832384 5.980069637298584
			vertex 5.467264652252197 0.9999999999999989 5.134134292602539
		endloop
	endfacet
	facet normal 0.23391812062652484 -0.9486716029508444 0.21284854379870685
		outer loop
			vertex 5.467264652252197 0.9999999999999989 5.134134292602539
			vertex 6.593311309814453 1.4674524068832384 5.980069637298584
			vertex 6.495536804199219 1.4701949357986437 6.099746227264404
		endloop
	endfacet
	facet normal 0.22711611041931629 -0.9486716012978733 0.22009194732867934
		outer loop
			vertex 5.467264652252197 0.9999999999999989 5.134134292602539
			vertex 6.495536804199219 1.4701949357986437 6.099746227264404
			vertex 6.417037010192871 1.4737550020217882 6.196096420288086
		endloop
	endfacet
	facet normal 0.22711674360846693 -0.9486715829854477 0.22009137286266045
		outer loop
			vertex 5.467264652252197 0.9999999999999989 5.134134292602539
			vertex 6.417037010192871 1.4737550020217882 6.196096420288086
			vertex 5.303300857543945 0.9999999999999988 5.3033318519592285
		endloop
	endfacet
	facet normal 0.6158084425467059 0.5144490181505462 0.5967597253603327
		outer loop
			vertex 5.303300857543945 0.9999999999999988 5.3033318519592285
			vertex 6.1079254150390625 -0.8965185880661024 6.107956409454346
			vertex 5.467264652252197 0.9999999999999989 5.134134292602539
		endloop
	endfacet
	facet normal 0.615807893377652 0.5144490912611317 0.5967602290320411
		outer loop
			vertex 6.1079254150390625 -0.8965185880661024 6.107956409454346
			vertex 6.203128337860107 -0.8797380924224867 5.995248794555664
			vertex 5.467264652252197 0.9999999999999989 5.134134292602539
		endloop
	endfacet
	facet normal 0.6158082795143069 0.5144490687685681 0.5967598499604196
		outer loop
			vertex 5.467264652252197 0.9999999999999989 5.134134292602539
			vertex 6.203128337860107 -0.8797380924224867 5.995248794555664
			vertex 6.283247470855713 -0.8656107187271131 5.900393486022949
		endloop
	endfacet
	facet normal 0.6183228687043743 0.5097554283008537 0.5981857849823969
		outer loop
			vertex 6.1079254150390625 -0.8965185880661024 6.107956409454346
			vertex 6.1079421043396 -0.8965220451354994 6.1079421043396
			vertex 6.203128337860107 -0.8797380924224867 5.995248794555664
		endloop
	endfacet
	facet normal 0.596760576052656 0.5144490263929262 0.6158076112818618
		outer loop
			vertex 5.303300857543945 0.9999999999999988 5.3033318519592285
			vertex 6.0127339363098145 -0.8823412060737623 6.18835973739624
			vertex 6.1079254150390625 -0.8965185880661024 6.107956409454346
		endloop
	endfacet
	facet normal 0.577122689929818 0.514449055512952 0.6342488234518082
		outer loop
			vertex 5.134103298187256 0.9999999999999988 5.4672956466674805
			vertex 5.692514419555664 -0.8465206623077407 6.456921577453613
			vertex 5.8062005043029785 -0.8569590449333205 6.361941814422607
		endloop
	endfacet
	facet normal 0.5771213650811046 0.5144491283403104 0.6342499698989488
		outer loop
			vertex 5.134103298187256 0.9999999999999988 5.4672956466674805
			vertex 5.8062005043029785 -0.8569590449333205 6.361941814422607
			vertex 5.900360107421875 -0.8656047582626357 6.283276081085205
		endloop
	endfacet
	facet normal 0.5967596747819861 0.5144491392974171 0.6158083903538869
		outer loop
			vertex 5.134103298187256 0.9999999999999988 5.4672956466674805
			vertex 5.900360107421875 -0.8656047582626357 6.283276081085205
			vertex 5.303300857543945 0.9999999999999988 5.3033318519592285
		endloop
	endfacet
	facet normal 0.22009139613623782 -0.9486715718363231 0.22711676762494198
		outer loop
			vertex 5.303300857543945 0.9999999999999988 5.3033318519592285
			vertex 6.2213873863220215 1.4746892452239977 6.3964314460754395
			vertex 5.134103298187256 0.9999999999999988 5.4672956466674805
		endloop
	endfacet
	facet normal 0.22009148864246694 -0.9486715758054509 0.22711666140101988
		outer loop
			vertex 5.134103298187256 0.9999999999999988 5.4672956466674805
			vertex 6.2213873863220215 1.4746892452239977 6.3964314460754395
			vertex 6.099711894989014 1.470193505287169 6.4955644607543945
		endloop
	endfacet
	facet normal 0.21284939849149687 -0.9486715795571495 0.2339174377902407
		outer loop
			vertex 5.134103298187256 0.9999999999999988 5.4672956466674805
			vertex 6.099711894989014 1.470193505287169 6.4955644607543945
			vertex 6.002418041229248 1.467963814735411 6.575052738189697
		endloop
	endfacet
	facet normal 0.21284883391675247 -0.9486715954532144 0.23391788704699673
		outer loop
			vertex 5.134103298187256 0.9999999999999988 5.4672956466674805
			vertex 6.002418041229248 1.467963814735411 6.575052738189697
			vertex 4.9598388671875 0.9999999999999988 5.625864028930664
		endloop
	endfacet
	facet normal 0.21284890977341067 -0.9486715985961501 0.23391780527633166
		outer loop
			vertex 4.9598388671875 0.9999999999999988 5.625864028930664
			vertex 6.002418041229248 1.467963814735411 6.575052738189697
			vertex 5.882811069488525 1.46522283554077 6.6727705001831055
		endloop
	endfacet
	facet normal 0.20539579616971992 -0.9486715957515544 0.2404886074848592
		outer loop
			vertex 5.882811069488525 1.46522283554077 6.6727705001831055
			vertex 5.785135746002197 1.4643607139587387 6.752791881561279
			vertex 4.9598388671875 0.9999999999999988 5.625864028930664
		endloop
	endfacet
	facet normal 0.20539609408136106 -0.9486715874274914 0.24048838588157304
		outer loop
			vertex 4.9598388671875 0.9999999999999988 5.625864028930664
			vertex 5.785135746002197 1.4643607139587387 6.752791881561279
			vertex 4.780679702758789 0.9999999999999987 5.7788801193237305
		endloop
	endfacet
	facet normal 0.5569146792320394 0.514449082739321 0.6520645530348556
		outer loop
			vertex 4.780679702758789 0.9999999999999987 5.7788801193237305
			vertex 5.59874153137207 -0.8432233929634109 6.534409523010254
			vertex 4.9598388671875 0.9999999999999988 5.625864028930664
		endloop
	endfacet
	facet normal 0.5569139898174096 0.5144491076734182 0.6520651221769785
		outer loop
			vertex 4.9598388671875 0.9999999999999988 5.625864028930664
			vertex 5.59874153137207 -0.8432234525680556 6.534409523010254
			vertex 5.692514419555664 -0.8465206623077407 6.456921577453613
		endloop
	endfacet
	facet normal 0.5569146099283112 0.5144490778304147 0.652064616098614
		outer loop
			vertex 4.780679702758789 0.9999999999999987 5.7788801193237305
			vertex 5.484086513519287 -0.839191854000093 6.629153251647949
			vertex 5.59874153137207 -0.8432233929634109 6.534409523010254
		endloop
	endfacet
	facet normal -0.031460107414655075 0.996260858003885 -0.0804646782807297
		outer loop
			vertex 5.59874153137207 -0.8432233929634109 6.534409523010254
			vertex 5.484086513519287 -0.839191854000093 6.629153251647949
			vertex 5.496993541717529 -0.8396456837654128 6.61848783493042
		endloop
	endfacet
	facet normal 0.5361588764710923 0.5144490759387355 0.6692352407390373
		outer loop
			vertex 4.780679702758789 0.9999999999999987 5.7788801193237305
			vertex 5.390048503875732 -0.8411670923233047 6.706010341644287
			vertex 5.484086513519287 -0.839191854000093 6.629153251647949
		endloop
	endfacet
	facet normal 0.5361594442177485 0.5144490462819037 0.6692348086850795
		outer loop
			vertex 4.596802711486816 0.9999999999999987 5.926193714141846
			vertex 5.390048503875732 -0.8411670923233047 6.706010341644287
			vertex 4.780679702758789 0.9999999999999987 5.7788801193237305
		endloop
	endfacet
	facet normal 0.19774132105806042 -0.9486715955178875 0.2468209346950922
		outer loop
			vertex 4.780679702758789 0.9999999999999987 5.7788801193237305
			vertex 5.569064617156982 1.4638323783874496 6.930031776428223
			vertex 4.596802711486816 0.9999999999999987 5.926193714141846
		endloop
	endfacet
	facet normal 0.19774109518313998 -0.9486715867363982 0.24682114940745423
		outer loop
			vertex 4.596802711486816 0.9999999999999987 5.926193714141846
			vertex 5.569064617156982 1.4638323783874496 6.930031776428223
			vertex 5.450814247131348 1.4644594192504867 7.0271782875061035
		endloop
	endfacet
	facet normal 0.1898905288855239 -0.9486715857064865 0.2529106749678963
		outer loop
			vertex 4.596802711486816 0.9999999999999987 5.926193714141846
			vertex 5.450814247131348 1.4644594192504867 7.0271782875061035
			vertex 5.353740215301514 1.4663482904434189 7.10714864730835
		endloop
	endfacet
	facet normal 0.18989075680552897 -0.948671579666555 0.2529105264965987
		outer loop
			vertex 4.596802711486816 0.9999999999999987 5.926193714141846
			vertex 5.353740215301514 1.4663482904434189 7.10714864730835
			vertex 4.408389568328857 0.9999999999999987 6.067658424377441
		endloop
	endfacet
	facet normal 0.5148731954096261 0.5144490671516181 0.6857461264604496
		outer loop
			vertex 4.408389568328857 0.9999999999999987 6.067658424377441
			vertex 5.179805278778076 -0.8508695960044876 6.876991271972656
			vertex 4.596802711486816 0.9999999999999987 5.926193714141846
		endloop
	endfacet
	facet normal 0.5148744074560889 0.5144490052870998 0.6857452628388
		outer loop
			vertex 4.596802711486816 0.9999999999999987 5.926193714141846
			vertex 5.179805278778076 -0.8508695960044876 6.876991271972656
			vertex 5.274771690368652 -0.8435883522033707 6.800225734710693
		endloop
	endfacet
	facet normal 0.4480529259508661 0.5144490294137362 0.7311571456821936
		outer loop
			vertex 4.018701076507568 0.9999999999999986 6.33249044418335
			vertex 4.512645721435547 -0.8622087240219133 7.340068817138672
			vertex 4.620611190795898 -0.8722157478332536 7.280948638916016
		endloop
	endfacet
	facet normal 0.47079959843248653 0.5144490275021819 0.7167216588173325
		outer loop
			vertex 4.018701076507568 0.9999999999999986 6.33249044418335
			vertex 4.620611190795898 -0.8722157478332536 7.280948638916016
			vertex 4.215625286102295 0.9999999999999987 6.203135013580322
		endloop
	endfacet
	facet normal 0.17363591837107592 -0.9486715908002858 0.26433459981600677
		outer loop
			vertex 4.215625286102295 0.9999999999999987 6.203135013580322
			vertex 4.916719913482666 1.476864337921141 7.454020977020264
			vertex 4.018701076507568 0.9999999999999986 6.33249044418335
		endloop
	endfacet
	facet normal 0.17363558240924198 -0.9486715787623494 0.26433486370502657
		outer loop
			vertex 4.018701076507568 0.9999999999999986 6.33249044418335
			vertex 4.916719913482666 1.476864337921141 7.454020977020264
			vertex 4.777297019958496 1.471916198730467 7.527846336364746
		endloop
	endfacet
	facet normal 0.1652463895582567 -0.9486715758659382 0.26965880642396695
		outer loop
			vertex 4.018701076507568 0.9999999999999986 6.33249044418335
			vertex 4.777297019958496 1.471916198730467 7.527846336364746
			vertex 4.666567802429199 1.46934926509857 7.586670398712158
		endloop
	endfacet
	facet normal 0.16524658753932195 -0.9486715709710557 0.2696587023218772
		outer loop
			vertex 4.018701076507568 0.9999999999999986 6.33249044418335
			vertex 4.666567802429199 1.46934926509857 7.586670398712158
			vertex 3.817810535430908 0.9999999999999986 6.455595970153809
		endloop
	endfacet
	facet normal 0.4480525207074555 0.5144490552944174 0.7311573758052207
		outer loop
			vertex 3.817810535430908 0.9999999999999986 6.455595970153809
			vertex 4.3829026222229 -0.8501834869384782 7.41111421585083
			vertex 4.018701076507568 0.9999999999999986 6.33249044418335
		endloop
	endfacet
	facet normal 0.42486766419804284 0.5144490578652238 0.7448688708628405
		outer loop
			vertex 3.817810535430908 0.9999999999999986 6.455595970153809
			vertex 4.275732040405273 -0.8455601930618303 7.469050407409668
			vertex 4.3829026222229 -0.8501834869384782 7.41111421585083
		endloop
	endfacet
	facet normal 0.4248664455957651 0.514449115381449 0.7448695262192336
		outer loop
			vertex 3.613152503967285 0.9999999999999986 6.572330951690674
			vertex 4.275732040405273 -0.8455601930618303 7.469050407409668
			vertex 3.817810535430908 0.9999999999999986 6.455595970153809
		endloop
	endfacet
	facet normal 0.15669528635504612 -0.9486715938150385 0.2747158428677614
		outer loop
			vertex 3.817810535430908 0.9999999999999986 6.455595970153809
			vertex 4.418380260467529 1.4649705886840803 7.718711853027344
			vertex 3.613152503967285 0.9999999999999986 6.572330951690674
		endloop
	endfacet
	facet normal 0.15669584339273845 -0.9486716128719174 0.27471545932916397
		outer loop
			vertex 3.613152503967285 0.9999999999999986 6.572330951690674
			vertex 4.418380260467529 1.4649705886840803 7.718711853027344
			vertex 4.2830376625061035 1.4635044336318952 7.790847301483154
		endloop
	endfacet
	facet normal 0.14798853471784865 -0.948671614956138 0.27950234447778255
		outer loop
			vertex 3.613152503967285 0.9999999999999986 6.572330951690674
			vertex 4.2830376625061035 1.4635044336318952 7.790847301483154
			vertex 4.171611785888672 1.4636770486831647 7.850430011749268
		endloop
	endfacet
	facet normal 0.14798903157785948 -0.9486716027192511 0.27950212293779597
		outer loop
			vertex 3.613152503967285 0.9999999999999986 6.572330951690674
			vertex 4.171611785888672 1.4636770486831647 7.850430011749268
			vertex 3.404928684234619 0.9999999999999986 6.68257999420166
		endloop
	endfacet
	facet normal 0.40126018538331115 0.5144491038364546 0.7578472030614215
		outer loop
			vertex 3.404928684234619 0.9999999999999986 6.68257999420166
			vertex 4.037865161895752 -0.840578198432924 7.596895694732666
			vertex 3.613152503967285 0.9999999999999986 6.572330951690674
		endloop
	endfacet
	facet normal 0.40126069384194835 0.5144490802252013 0.7578469498737347
		outer loop
			vertex 4.037865161895752 -0.840578198432924 7.596895694732666
			vertex 4.144985198974609 -0.8399199247360246 7.539731502532959
			vertex 3.613152503967285 0.9999999999999986 6.572330951690674
		endloop
	endfacet
	facet normal 0.3090877943183391 -0.7609640618609113 0.5704370534595096
		outer loop
			vertex 4.037865161895752 -0.840578198432924 7.596895694732666
			vertex 4.100093364715576 -0.8401958346366899 7.563687801361084
			vertex 4.144985198974609 -0.8399199247360246 7.539731502532959
		endloop
	endfacet
	facet normal 0.4012596513810852 0.5144490715454676 0.7578475077213995
		outer loop
			vertex 3.404928684234619 0.9999999999999986 6.68257999420166
			vertex 3.9065115451812744 -0.8413852453231828 7.666991710662842
			vertex 4.037865161895752 -0.840578198432924 7.596895694732666
		endloop
	endfacet
	facet normal 0.37725678496482684 0.5144490694538252 0.7700775760506833
		outer loop
			vertex 3.404928684234619 0.9999999999999986 6.68257999420166
			vertex 3.7986886501312256 -0.8473306894302385 7.723785400390625
			vertex 3.9065115451812744 -0.8413852453231828 7.666991710662842
		endloop
	endfacet
	facet normal 0.2777649730971636 0.5144491946588559 0.8112882630946825
		outer loop
			vertex 2.317627429962158 0.9999999999999984 7.1329545974731445
			vertex 2.659038543701172 -0.8413823246955889 8.183710098266602
			vertex 2.8008744716644287 -0.8486268520355242 8.139742851257324
		endloop
	endfacet
	facet normal 0.2777647733221119 0.5144491835298239 0.8112883385497499
		outer loop
			vertex 2.317627429962158 0.9999999999999984 7.1329545974731445
			vertex 2.8008744716644287 -0.8486268520355242 8.139742851257324
			vertex 2.540534496307373 0.9999999999999984 7.056636810302734
		endloop
	endfacet
	facet normal 0.10244259491783315 -0.9486716218903123 0.29921174536856887
		outer loop
			vertex 2.540534496307373 0.9999999999999984 7.056636810302734
			vertex 2.8947768211364746 1.4657733440399152 8.41211986541748
			vertex 2.317627429962158 0.9999999999999984 7.1329545974731445
		endloop
	endfacet
	facet normal 0.1024410302956538 -0.9486715737212462 0.29921243377443263
		outer loop
			vertex 2.317627429962158 0.9999999999999984 7.1329545974731445
			vertex 2.8947768211364746 1.4657733440399152 8.41211986541748
			vertex 2.7476727962493896 1.4638851881027204 8.456497192382812
		endloop
	endfacet
	facet normal 0.09299465478183641 -0.9486715658283265 0.3022817466716084
		outer loop
			vertex 2.317627429962158 0.9999999999999984 7.1329545974731445
			vertex 2.7476727962493896 1.4638851881027204 8.456497192382812
			vertex 2.626743793487549 1.4637125730514509 8.493158340454102
		endloop
	endfacet
	facet normal 0.09299396421638163 -0.9486715817828247 0.3022819090468296
		outer loop
			vertex 2.317627429962158 0.9999999999999984 7.1329545974731445
			vertex 2.626743793487549 1.4637125730514509 8.493158340454102
			vertex 2.092433214187622 0.9999999999999984 7.20223331451416
		endloop
	endfacet
	facet normal 0.2521454765588142 0.5144492194660454 0.819612505542531
		outer loop
			vertex 2.092433214187622 0.9999999999999984 7.20223331451416
			vertex 2.5428507328033447 -0.8407238125801104 8.219040870666504
			vertex 2.317627429962158 0.9999999999999984 7.1329545974731445
		endloop
	endfacet
	facet normal 0.25214586692201774 0.5144492411351625 0.8196123718500102
		outer loop
			vertex 2.092433214187622 0.9999999999999984 7.20223331451416
			vertex 2.400425434112549 -0.8399167656898517 8.262350082397461
			vertex 2.5428507328033447 -0.8407238125801104 8.219040870666504
		endloop
	endfacet
	facet normal 0.22627031659583016 0.5144491986220454 0.8271298361592079
		outer loop
			vertex 2.092433214187622 0.9999999999999984 7.20223331451416
			vertex 2.2838258743286133 -0.8445343375206013 8.297119140625
			vertex 2.400425434112549 -0.8399167656898517 8.262350082397461
		endloop
	endfacet
	facet normal 0.2262781231434119 0.5144488643829203 0.8271279084409005
		outer loop
			vertex 1.8651741743087769 0.9999999999999983 7.264404773712158
			vertex 2.2838258743286133 -0.8445343375206013 8.297119140625
			vertex 2.092433214187622 0.9999999999999984 7.20223331451416
		endloop
	endfacet
	facet normal 0.08345379652219688 -0.9486715675753917 0.305053635808657
		outer loop
			vertex 2.092433214187622 0.9999999999999984 7.20223331451416
			vertex 2.3597326278686523 1.4647091627120952 8.574284553527832
			vertex 1.8651741743087769 0.9999999999999983 7.264404773712158
		endloop
	endfacet
	facet normal 0.08345420141334339 -0.9486715797279478 0.30505348724927156
		outer loop
			vertex 1.8651741743087769 0.9999999999999983 7.264404773712158
			vertex 2.3597326278686523 1.4647091627120952 8.574284553527832
			vertex 2.2129738330841064 1.4661757946014384 8.61899471282959
		endloop
	endfacet
	facet normal 0.07382987590652855 -0.9486715830324286 0.30752459571613555
		outer loop
			vertex 1.8651741743087769 0.9999999999999983 7.264404773712158
			vertex 2.2129738330841064 1.4661757946014384 8.61899471282959
			vertex 2.0931761264801025 1.4687408208847026 8.655668258666992
		endloop
	endfacet
	facet normal 0.07382975675270423 -0.9486715856857567 0.3075246161371616
		outer loop
			vertex 1.8651741743087769 0.9999999999999983 7.264404773712158
			vertex 2.0931761264801025 1.4687408208847026 8.655668258666992
			vertex 1.6360743045806885 0.9999999999999983 7.319406509399414
		endloop
	endfacet
	facet normal 0.2001833196084764 0.5144491756508208 0.833827730543139
		outer loop
			vertex 1.6360743045806885 0.9999999999999983 7.319406509399414
			vertex 2.0234105587005615 -0.8601604104042072 8.37408447265625
			vertex 1.8651741743087769 0.9999999999999983 7.264404773712158
		endloop
	endfacet
	facet normal 0.2001849667272607 0.5144491056354379 0.8338273783027899
		outer loop
			vertex 1.8651741743087769 0.9999999999999983 7.264404773712158
			vertex 2.0234105587005615 -0.8601604104042072 8.37408447265625
			vertex 2.141246795654297 -0.8501800894737263 8.33963680267334
		endloop
	endfacet
	facet normal 0.17389101521036912 0.514458908197022 0.839698723713354
		outer loop
			vertex 1.617587924003601 -0.887666106224062 8.47972297668457
			vertex 1.6851508617401123 -0.8976128101348896 8.47182559967041
			vertex 1.761205792427063 -0.8877550959587116 8.45003604888916
		endloop
	endfacet
	facet normal 0.17389219216964502 0.5144491691398212 0.8397044467393173
		outer loop
			vertex 1.617587924003601 -0.887666106224062 8.47972297668457
			vertex 1.761205792427063 -0.8877550959587116 8.45003604888916
			vertex 1.6360743045806885 0.9999999999999983 7.319406509399414
		endloop
	endfacet
	facet normal 0.1738941630605545 0.514448972869341 0.839704158836402
		outer loop
			vertex 1.4053598642349243 0.9999999999999983 7.367185115814209
			vertex 1.617587924003601 -0.887666106224062 8.47972297668457
			vertex 1.6360743045806885 0.9999999999999983 7.319406509399414
		endloop
	endfacet
	facet normal 0.06413402744304382 -0.9486715809612146 0.3096918759032674
		outer loop
			vertex 1.6360743045806885 0.9999999999999983 7.319406509399414
			vertex 1.8265119791030884 1.475800633430479 8.73747730255127
			vertex 1.4053598642349243 0.9999999999999983 7.367185115814209
		endloop
	endfacet
	facet normal 0.06413385094820324 -0.9486715757729635 0.30969192834653664
		outer loop
			vertex 1.4053598642349243 0.9999999999999983 7.367185115814209
			vertex 1.8265119791030884 1.475800633430479 8.73747730255127
			vertex 1.6729087829589844 1.475943922996519 8.769725799560547
		endloop
	endfacet
	facet normal 0.05437516571712146 -0.9486715763519102 0.3115534971320613
		outer loop
			vertex 1.4053598642349243 0.9999999999999983 7.367185115814209
			vertex 1.6729087829589844 1.475943922996519 8.769725799560547
			vertex 1.548705816268921 1.4727095365524272 8.781554222106934
		endloop
	endfacet
	facet normal 0.054374935099358104 -0.9486715813461182 0.3115535221742744
		outer loop
			vertex 1.4053598642349243 0.9999999999999983 7.367185115814209
			vertex 1.548705816268921 1.4727095365524272 8.781554222106934
			vertex 1.1732585430145264 0.9999999999999983 7.407693386077881
		endloop
	endfacet
	facet normal 0.14743316252500624 0.5144491805305008 0.8447517405956447
		outer loop
			vertex 1.1732585430145264 0.9999999999999983 7.407693386077881
			vertex 1.3478130102157593 -0.8597193360328693 8.509787559509277
			vertex 1.4053598642349243 0.9999999999999983 7.367185115814209
		endloop
	endfacet
	facet normal 0.14743739531944777 0.5144487549147451 0.844751261039654
		outer loop
			vertex 1.4053598642349243 0.9999999999999983 7.367185115814209
			vertex 1.3478130102157593 -0.8597193360328693 8.509787559509277
			vertex 1.4943056106567383 -0.8748950362205524 8.493461608886719
		endloop
	endfacet
	facet normal 0.12082077529827127 0.5144491493847886 0.8489666736413112
		outer loop
			vertex 1.1732585430145264 0.9999999999999983 7.407693386077881
			vertex 1.2261416912078857 -0.8524235486984272 8.522682189941406
			vertex 1.3478130102157593 -0.8597193360328693 8.509787559509277
		endloop
	endfacet
	facet normal 0.12082638239756456 0.5144489179246501 0.8489660159057455
		outer loop
			vertex 0.9399992227554321 0.9999999999999983 7.440891265869141
			vertex 1.0786362886428833 -0.843578815460207 8.538315773010254
			vertex 1.2261416912078857 -0.8524235486984272 8.522682189941406
		endloop
	endfacet
	facet normal 0.094099940075641 0.5144489242624876 0.8523423640785024
		outer loop
			vertex 0.9399992227554321 0.9999999999999983 7.440891265869141
			vertex 0.9577294588088989 -0.8416026234626789 8.550471305847168
			vertex 1.0786362886428833 -0.843578815460207 8.538315773010254
		endloop
	endfacet
	facet normal 0.09409817074415622 0.5144489980761939 0.8523425148618387
		outer loop
			vertex 0.7058123350143433 0.9999999999999983 7.466745376586914
			vertex 0.9577294588088989 -0.8416026234626789 8.550471305847168
			vertex 0.9399992227554321 0.9999999999999983 7.440891265869141
		endloop
	endfacet
	facet normal 0.03470440588575053 -0.9486716011443368 0.3143529821623416
		outer loop
			vertex 0.9399992227554321 0.9999999999999983 7.440891265869141
			vertex 0.9889019727706909 1.4639394283294658 8.835594177246094
			vertex 0.7058123350143433 0.9999999999999983 7.466745376586914
		endloop
	endfacet
	facet normal 0.034703711739449784 -0.9486715812077399 0.31435311896068724
		outer loop
			vertex 0.7058123350143433 0.9999999999999983 7.466745376586914
			vertex 0.9889019727706909 1.4639394283294658 8.835594177246094
			vertex 0.8366170525550842 1.4633126258850078 8.85051441192627
		endloop
	endfacet
	facet normal 0.024814905985905602 -0.9486715812292853 0.31528788655582474
		outer loop
			vertex 0.7058123350143433 0.9999999999999983 7.466745376586914
			vertex 0.8366170525550842 1.4633126258850078 8.85051441192627
			vertex 0.711003839969635 1.46417450904846 8.862994194030762
		endloop
	endfacet
	facet normal 0.02481409324402233 -0.948671599468718 0.31528789564133525
		outer loop
			vertex 0.7058123350143433 0.9999999999999983 7.466745376586914
			vertex 0.711003839969635 1.46417450904846 8.862994194030762
			vertex 0.4709289073944092 0.9999999999999983 7.485231399536133
		endloop
	endfacet
	facet normal 0.0672813815868829 0.5144492249951746 0.8548773073334117
		outer loop
			vertex 0.4709289073944092 0.9999999999999983 7.485231399536133
			vertex 0.6886729001998901 -0.8424765467643757 8.576862335205078
			vertex 0.7058123350143433 0.9999999999999983 7.466745376586914
		endloop
	endfacet
	facet normal 0.06728619008636072 0.514449024819358 0.8548770493387186
		outer loop
			vertex 0.7058123350143433 0.9999999999999983 7.466745376586914
			vertex 0.6886729001998901 -0.8424765467643757 8.576862335205078
			vertex 0.8096617460250854 -0.8391825556755085 8.565357208251953
		endloop
	endfacet
	facet normal 0.040393533934687066 0.5144490890544998 0.8565690265164054
		outer loop
			vertex 0.4709289073944092 0.9999999999999983 7.485231399536133
			vertex 0.41857102513313293 -0.8551366925239582 8.601881980895996
			vertex 0.5404949188232422 -0.8465111255645771 8.590951919555664
		endloop
	endfacet
	facet normal 0.040395211649901314 0.5144490192984417 0.8565689892931165
		outer loop
			vertex 0.2355806976556778 0.9999999999999983 7.496330261230469
			vertex 0.41857102513313293 -0.8551366925239582 8.601881980895996
			vertex 0.4709289073944092 0.9999999999999983 7.485231399536133
		endloop
	endfacet
	facet normal 0.014898184519047267 -0.9486715959626236 0.3159117710876962
		outer loop
			vertex 0.4709289073944092 0.9999999999999983 7.485231399536133
			vertex 0.43364784121513367 1.4674484729766826 8.89072036743164
			vertex 0.2355806976556778 0.9999999999999983 7.496330261230469
		endloop
	endfacet
	facet normal 0.014897750482534182 -0.9486715836252925 0.3159118286048181
		outer loop
			vertex 0.2355806976556778 0.9999999999999983 7.496330261230469
			vertex 0.43364784121513367 1.4674484729766826 8.89072036743164
			vertex 0.279887855052948 1.4701910018920878 8.906207084655762
		endloop
	endfacet
	facet normal 0.006457801551367433 -0.9486775540185574 0.3161790557587433
		outer loop
			vertex 0.2355806976556778 0.9999999999999983 7.496330261230469
			vertex 0.279887855052948 1.4701910018920878 8.906207084655762
			vertex 0.17669381201267242 1.4729927778243999 8.91672134399414
		endloop
	endfacet
	facet normal 0.006457257745887443 -0.9486775641137261 0.31617903657524554
		outer loop
			vertex 0.2355806976556778 0.9999999999999983 7.496330261230469
			vertex 0.17669381201267242 1.4729927778243999 8.91672134399414
			vertex 0.03926829248666763 0.9999999999999983 7.500339508056641
		endloop
	endfacet
	facet normal 0.017511769791010285 0.5142488651415744 0.857462210607202
		outer loop
			vertex 0.03926829248666763 0.9999999999999983 7.500339508056641
			vertex 0.14404170215129852 -0.8801577687263508 8.62579345703125
			vertex 0.2355806976556778 0.9999999999999983 7.496330261230469
		endloop
	endfacet
	facet normal 0.012998465289193312 0.5144458550377538 0.8574243419302954
		outer loop
			vertex 0.2355806976556778 0.9999999999999983 7.496330261230469
			vertex 0.14404170215129852 -0.8801577687263508 8.62579345703125
			vertex 0.2707405388355255 -0.865594983100893 8.615135192871094
		endloop
	endfacet
	facet normal 0.01751084905164114 0.5142488356689282 0.8574622470865073
		outer loop
			vertex 0.03926829248666763 0.9999999999999983 7.500339508056641
			vertex 0.021424470469355583 -0.8933661580085773 8.636219024658203
			vertex 0.14404170215129852 -0.8801577687263508 8.62579345703125
		endloop
	endfacet
	facet normal -0.013630790448051081 0.5144957386059951 0.8573845907806095
		outer loop
			vertex -0.09990241378545761 -0.8853667378425617 8.62948989868164
			vertex 0.021424470469355583 -0.8933661580085773 8.636219024658203
			vertex 0.03926829248666763 0.9999999999999983 7.500339508056641
		endloop
	endfacet
	facet normal -0.012507824142964589 0.5144423003778386 0.8574337723213183
		outer loop
			vertex 0.03926829248666763 0.9999999999999983 7.500339508056641
			vertex -0.2707405388355255 -0.8655950427055378 8.615135192871094
			vertex -0.09990241378545761 -0.8853667378425617 8.62948989868164
		endloop
	endfacet
	facet normal -0.012507463644457664 0.5144422585954462 0.8574338026485769
		outer loop
			vertex -0.2355806976556778 0.9999999999999983 7.496330261230469
			vertex -0.2707405388355255 -0.8655950427055378 8.615135192871094
			vertex 0.03926829248666763 0.9999999999999983 7.500339508056641
		endloop
	endfacet
	facet normal -0.004612354420508181 -0.9486832437633504 0.31619429025418394
		outer loop
			vertex 0.03926829248666763 0.9999999999999983 7.500339508056641
			vertex -0.12750864028930664 1.4745683670043925 8.921762466430664
			vertex -0.2355806976556778 0.9999999999999983 7.496330261230469
		endloop
	endfacet
	facet normal -0.005028716629537403 -0.9486718685419793 0.3162220704601905
		outer loop
			vertex -0.2355806976556778 0.9999999999999983 7.496330261230469
			vertex -0.12750864028930664 1.4745683670043925 8.921762466430664
			vertex -0.279887855052948 1.4701910018920878 8.906207084655762
		endloop
	endfacet
	facet normal -0.014898117952248364 -0.9486715818925797 0.3159118164787627
		outer loop
			vertex -0.2355806976556778 0.9999999999999983 7.496330261230469
			vertex -0.279887855052948 1.4701910018920878 8.906207084655762
			vertex -0.40489208698272705 1.4679614305496196 8.893616676330566
		endloop
	endfacet
	facet normal -0.01489818629306802 -0.9486715834079366 0.3159118087053024
		outer loop
			vertex -0.2355806976556778 0.9999999999999983 7.496330261230469
			vertex -0.40489208698272705 1.4679614305496196 8.893616676330566
			vertex -0.4709289073944092 0.9999999999999983 7.485231399536133
		endloop
	endfacet
	facet normal -0.04039521004017372 0.5144490762583943 0.8565689551593002
		outer loop
			vertex -0.4709289073944092 0.9999999999999983 7.485231399536133
			vertex -0.5404949188232422 -0.8465112447738666 8.590951919555664
			vertex -0.2355806976556778 0.9999999999999983 7.496330261230469
		endloop
	endfacet
	facet normal -0.04039505373439273 0.5144490604468235 0.8565689720268744
		outer loop
			vertex -0.2355806976556778 0.9999999999999983 7.496330261230469
			vertex -0.5404949188232422 -0.8465112447738666 8.590951919555664
			vertex -0.39294594526290894 -0.8569495677948017 8.604179382324219
		endloop
	endfacet
	facet normal -0.06727934429998438 0.5144490796567058 0.8548775551334429
		outer loop
			vertex -0.4709289073944092 0.9999999999999983 7.485231399536133
			vertex -0.6615940928459167 -0.8432142138481159 8.579437255859375
			vertex -0.5404949188232422 -0.8465112447738666 8.590951919555664
		endloop
	endfacet
	facet normal -0.06728138441482616 0.5144491649161775 0.8548773432652618
		outer loop
			vertex -0.7058123350143433 0.9999999999999983 7.466745376586914
			vertex -0.6615940928459167 -0.8432142138481159 8.579437255859375
			vertex -0.4709289073944092 0.9999999999999983 7.485231399536133
		endloop
	endfacet
	facet normal -0.024814090373589958 -0.9486716116650536 0.31528785916961843
		outer loop
			vertex -0.4709289073944092 0.9999999999999983 7.485231399536133
			vertex -0.684214174747467 1.4643583297729472 8.865655899047852
			vertex -0.7058123350143433 0.9999999999999983 7.466745376586914
		endloop
	endfacet
	facet normal -0.024815132415057017 -0.9486715823007098 0.31528786551069654
		outer loop
			vertex -0.7058123350143433 0.9999999999999983 7.466745376586914
			vertex -0.684214174747467 1.4643583297729472 8.865655899047852
			vertex -0.8366170525550842 1.4633126258850078 8.85051441192627
		endloop
	endfacet
	facet normal -0.03470460953187839 -0.9486715769577888 0.31435303267132975
		outer loop
			vertex -0.7058123350143433 0.9999999999999983 7.466745376586914
			vertex -0.8366170525550842 1.4633126258850078 8.85051441192627
			vertex -0.9623271226882935 1.4638301134109477 8.838197708129883
		endloop
	endfacet
	facet normal -0.034704415306862114 -0.9486715725224624 0.31435306749889885
		outer loop
			vertex -0.7058123350143433 0.9999999999999983 7.466745376586914
			vertex -0.9623271226882935 1.4638301134109477 8.838197708129883
			vertex -0.9399992227554321 0.9999999999999983 7.440891265869141
		endloop
	endfacet
	facet normal -0.09409815684247888 0.514449209246608 0.8523423889402594
		outer loop
			vertex -0.9399992227554321 0.9999999999999983 7.440891265869141
			vertex -0.9305022954940796 -0.8411577939987201 8.55320930480957
			vertex -0.7058123350143433 0.9999999999999983 7.466745376586914
		endloop
	endfacet
	facet normal -0.09409303844031293 0.5144489945242879 0.8523430835937014
		outer loop
			vertex -0.7058123350143433 0.9999999999999983 7.466745376586914
			vertex -0.9305022954940796 -0.8411577939987201 8.55320930480957
			vertex -0.8096618056297302 -0.8391827344894428 8.565357208251953
		endloop
	endfacet
	facet normal -0.09409811534595686 0.5144492114315982 0.8523423922026557
		outer loop
			vertex -0.9399992227554321 0.9999999999999983 7.440891265869141
			vertex -1.0786362886428833 -0.8435789346694965 8.53831672668457
			vertex -0.9305022954940796 -0.8411577939987201 8.55320930480957
		endloop
	endfacet
	facet normal -0.12083112594321742 0.5144491830313639 0.8489651801350022
		outer loop
			vertex -0.9399992227554321 0.9999999999999983 7.440891265869141
			vertex -1.2000683546066284 -0.8508603572845478 8.525445938110352
			vertex -1.0786362886428833 -0.8435789346694965 8.53831672668457
		endloop
	endfacet
	facet normal -0.12082634305756551 0.5144489814420379 0.8489659830149764
		outer loop
			vertex -1.1732585430145264 0.9999999999999983 7.407693386077881
			vertex -1.2000683546066284 -0.8508603572845478 8.525445938110352
			vertex -0.9399992227554321 0.9999999999999983 7.440891265869141
		endloop
	endfacet
	facet normal -0.04456205125441544 -0.9486715733530586 0.3131077602037854
		outer loop
			vertex -0.9399992227554321 0.9999999999999983 7.440891265869141
			vertex -1.239824891090393 1.466346025466917 8.81118106842041
			vertex -1.1732585430145264 0.9999999999999983 7.407693386077881
		endloop
	endfacet
	facet normal -0.044562050313805425 -0.9486715733796063 0.313107760257219
		outer loop
			vertex -1.1732585430145264 0.9999999999999983 7.407693386077881
			vertex -1.239824891090393 1.466346025466917 8.81118106842041
			vertex -1.3932024240493774 1.4686602354049663 8.796363830566406
		endloop
	endfacet
	facet normal -0.05437504454448324 -0.9486715714011319 0.311553533355173
		outer loop
			vertex -1.1732585430145264 0.9999999999999983 7.407693386077881
			vertex -1.3932024240493774 1.4686602354049663 8.796363830566406
			vertex -1.5172935724258423 1.4718916416168193 8.7845458984375
		endloop
	endfacet
	facet normal -0.0543749414111388 -0.9486715691074595 0.31155355833905335
		outer loop
			vertex -1.1732585430145264 0.9999999999999983 7.407693386077881
			vertex -1.5172935724258423 1.4718916416168193 8.7845458984375
			vertex -1.4053598642349243 0.9999999999999983 7.367185115814209
		endloop
	endfacet
	facet normal -0.14743318326732546 0.5144489794318463 0.844751859443467
		outer loop
			vertex -1.4053598642349243 0.9999999999999983 7.367185115814209
			vertex -1.4706952571868896 -0.8724489808082599 8.496092796325684
			vertex -1.1732585430145264 0.9999999999999983 7.407693386077881
		endloop
	endfacet
	facet normal -0.14743700403421048 0.514449141404886 0.8447510939615243
		outer loop
			vertex -1.1732585430145264 0.9999999999999983 7.407693386077881
			vertex -1.4706952571868896 -0.8724489808082599 8.496092796325684
			vertex -1.3478130102157593 -0.8597193956375141 8.509787559509277
		endloop
	endfacet
	facet normal -0.1738895044399998 0.5144504482676915 0.8397042196647475
		outer loop
			vertex -1.74003267288208 -0.8904992938041706 8.45610237121582
			vertex -1.6851508617401123 -0.8976126909256 8.47182559967041
			vertex -1.617587924003601 -0.887666106224062 8.47972297668457
		endloop
	endfacet
	facet normal -0.17388963636159907 0.5144490048719256 0.8397050766503179
		outer loop
			vertex -1.74003267288208 -0.8904992938041706 8.45610237121582
			vertex -1.617587924003601 -0.887666106224062 8.47972297668457
			vertex -1.4053598642349243 0.9999999999999983 7.367185115814209
		endloop
	endfacet
	facet normal -0.17389490565611865 0.5144492297902382 0.8397038476481338
		outer loop
			vertex -1.4053598642349243 0.9999999999999983 7.367185115814209
			vertex -1.8811205625534058 -0.872212529182436 8.415680885314941
			vertex -1.74003267288208 -0.8904992938041706 8.45610237121582
		endloop
	endfacet
	facet normal -0.17389414136750125 0.5144491511822565 0.8397040540844826
		outer loop
			vertex -1.6360743045806885 0.9999999999999983 7.319406509399414
			vertex -1.8811205625534058 -0.872212529182436 8.415680885314941
			vertex -1.4053598642349243 0.9999999999999983 7.367185115814209
		endloop
	endfacet
	facet normal -0.06413403139958047 -0.9486715744568129 0.3096918950086831
		outer loop
			vertex -1.4053598642349243 0.9999999999999983 7.367185115814209
			vertex -1.7941209077835083 1.4768636226654033 8.747441291809082
			vertex -1.6360743045806885 0.9999999999999983 7.319406509399414
		endloop
	endfacet
	facet normal -0.0641323677397726 -0.9486716216715677 0.30969209489931887
		outer loop
			vertex -1.6360743045806885 0.9999999999999983 7.319406509399414
			vertex -1.7941209077835083 1.4768636226654033 8.747441291809082
			vertex -1.944909691810608 1.47191536426544 8.701057434082031
		endloop
	endfacet
	facet normal -0.07383043111354323 -0.9486716278086251 0.30752432429406623
		outer loop
			vertex -1.6360743045806885 0.9999999999999983 7.319406509399414
			vertex -1.944909691810608 1.47191536426544 8.701057434082031
			vertex -2.0648019313812256 1.4693481922149638 8.66435432434082
		endloop
	endfacet
	facet normal -0.07382973837267906 -0.9486716119336959 0.3075245395784618
		outer loop
			vertex -1.6360743045806885 0.9999999999999983 7.319406509399414
			vertex -2.0648019313812256 1.4693481922149638 8.66435432434082
			vertex -1.8651741743087769 0.9999999999999983 7.264404773712158
		endloop
	endfacet
	facet normal -0.2001833293415789 0.5144491061531272 0.8338277710846344
		outer loop
			vertex -1.8651741743087769 0.9999999999999983 7.264404773712158
			vertex -2.141246795654297 -0.8501800298690815 8.33963680267334
			vertex -1.6360743045806885 0.9999999999999983 7.319406509399414
		endloop
	endfacet
	facet normal -0.20017918081486472 0.5144486707597801 0.8338290356672555
		outer loop
			vertex -1.6360743045806885 0.9999999999999983 7.319406509399414
			vertex -2.141246795654297 -0.8501800298690815 8.33963680267334
			vertex -1.999267578125 -0.8622058629989643 8.381141662597656
		endloop
	endfacet
	facet normal -0.22627483035714815 0.5144491256303851 0.8271286467563412
		outer loop
			vertex -1.8651741743087769 0.9999999999999983 7.264404773712158
			vertex -2.2579944133758545 -0.845556616783144 8.30482292175293
			vertex -2.141246795654297 -0.8501800298690815 8.33963680267334
		endloop
	endfacet
	facet normal -0.22627804646414792 0.5144492665017708 0.827127679312063
		outer loop
			vertex -2.092433214187622 0.9999999999999984 7.20223331451416
			vertex -2.400425434112549 -0.839916706085207 8.262350082397461
			vertex -2.2579944133758545 -0.845556616783144 8.30482292175293
		endloop
	endfacet
	facet normal -0.25215108830385785 0.5144492155557642 0.8196107815794269
		outer loop
			vertex -2.092433214187622 0.9999999999999984 7.20223331451416
			vertex -2.516592025756836 -0.8405751585960406 8.227025032043457
			vertex -2.400425434112549 -0.839916706085207 8.262350082397461
		endloop
	endfacet
	facet normal -0.2521455203077456 0.5144489714594291 0.8196126477507968
		outer loop
			vertex -2.317627429962158 0.9999999999999984 7.1329545974731445
			vertex -2.516592025756836 -0.8405751585960406 8.227025032043457
			vertex -2.092433214187622 0.9999999999999984 7.20223331451416
		endloop
	endfacet
	facet normal -0.09299394882707882 -0.9486715992307899 0.30228185902306853
		outer loop
			vertex -2.092433214187622 0.9999999999999984 7.20223331451416
			vertex -2.601294994354248 1.4636762142181377 8.500873565673828
			vertex -2.317627429962158 0.9999999999999984 7.1329545974731445
		endloop
	endfacet
	facet normal -0.09299504090226159 -0.9486715677404056 0.30228162188354707
		outer loop
			vertex -2.317627429962158 0.9999999999999984 7.1329545974731445
			vertex -2.601294994354248 1.4636762142181377 8.500873565673828
			vertex -2.7476727962493896 1.4638851881027204 8.456497192382812
		endloop
	endfacet
	facet normal -0.1024413708994572 -0.9486715720332839 0.29921232251385915
		outer loop
			vertex -2.317627429962158 0.9999999999999984 7.1329545974731445
			vertex -2.7476727962493896 1.4638851881027204 8.456497192382812
			vertex -2.8682663440704346 1.4654331207275373 8.420117378234863
		endloop
	endfacet
	facet normal -0.1024426141472193 -0.9486716020994285 0.2992118015332745
		outer loop
			vertex -2.317627429962158 0.9999999999999984 7.1329545974731445
			vertex -2.8682663440704346 1.4654331207275373 8.420117378234863
			vertex -2.540534496307373 0.9999999999999984 7.056636810302734
		endloop
	endfacet
	facet normal -0.2777647998055706 0.5144490472459325 0.8112884159019677
		outer loop
			vertex -2.540534496307373 0.9999999999999984 7.056636810302734
			vertex -2.775439739227295 -0.8473277688026446 8.147626876831055
			vertex -2.317627429962158 0.9999999999999984 7.1329545974731445
		endloop
	endfacet
	facet normal -0.27776767876878894 0.5144491748671207 0.8112873492850345
		outer loop
			vertex -2.317627429962158 0.9999999999999984 7.1329545974731445
			vertex -2.775439739227295 -0.8473277688026446 8.147626876831055
			vertex -2.659038543701172 -0.8413823246955889 8.183710098266602
		endloop
	endfacet
	facet normal -0.2777627344378102 0.5144491600018729 0.811289051529107
		outer loop
			vertex -2.540534496307373 0.9999999999999984 7.056636810302734
			vertex -2.9174647331237793 -0.8545819520950335 8.103601455688477
			vertex -2.775439739227295 -0.8473277688026446 8.147626876831055
		endloop
	endfacet
	facet normal -0.30311404888599497 0.5144491665069031 0.802162033786374
		outer loop
			vertex -2.540534496307373 0.9999999999999984 7.056636810302734
			vertex -3.034921407699585 -0.8659301996231097 8.066495895385742
			vertex -2.9174647331237793 -0.8545819520950335 8.103601455688477
		endloop
	endfacet
	facet normal -0.30311257908910927 0.5144491742455368 0.8021625842159644
		outer loop
			vertex -2.7609341144561768 0.9999999999999984 6.973354339599609
			vertex -3.1760833263397217 -0.8795689940452593 8.021902084350586
			vertex -3.034921407699585 -0.8659301996231097 8.066495895385742
		endloop
	endfacet
	facet normal -0.32815902531654356 0.5144491683798302 0.7922459891072956
		outer loop
			vertex -2.7609341144561768 0.9999999999999984 6.973354339599609
			vertex -3.2954258918762207 -0.8965459465980548 7.983492851257324
			vertex -3.1760833263397217 -0.8795689940452593 8.021902084350586
		endloop
	endfacet
	facet normal -0.3281583641124769 0.5144491383102862 0.7922462825124692
		outer loop
			vertex -2.978609085083008 0.9999999999999984 6.883190631866455
			vertex -3.2954258918762207 -0.8965459465980548 7.983492851257324
			vertex -2.7609341144561768 0.9999999999999984 6.973354339599609
		endloop
	endfacet
	facet normal -0.12102834129821573 -0.948671570185131 0.2921889671515344
		outer loop
			vertex -2.7609341144561768 0.9999999999999984 6.973354339599609
			vertex -3.4024860858917236 1.4780395030975324 8.2597017288208
			vertex -2.978609085083008 0.9999999999999984 6.883190631866455
		endloop
	endfacet
	facet normal -0.12102770932511663 -0.9486715888724568 0.29218916824845437
		outer loop
			vertex -3.4024860858917236 1.4780395030975324 8.2597017288208
			vertex -3.5431551933288574 1.4738335609436017 8.187779426574707
			vertex -2.978609085083008 0.9999999999999984 6.883190631866455
		endloop
	endfacet
	facet normal -0.13014653449548427 -0.9486715944257738 0.28824310137187303
		outer loop
			vertex -2.978609085083008 0.9999999999999984 6.883190631866455
			vertex -3.5431551933288574 1.4738335609436017 8.187779426574707
			vertex -3.6533071994781494 1.470931410789488 8.12849235534668
		endloop
	endfacet
	facet normal -0.13014663333490936 -0.9486715968575252 0.28824304874078405
		outer loop
			vertex -2.978609085083008 0.9999999999999984 6.883190631866455
			vertex -3.6533071994781494 1.470931410789488 8.12849235534668
			vertex -3.1933445930480957 0.9999999999999984 6.786233901977539
		endloop
	endfacet
	facet normal -0.3528819527964621 0.5144491273739049 0.7815474539238059
		outer loop
			vertex -3.1933445930480957 0.9999999999999984 6.786233901977539
			vertex -3.667130947113037 -0.8545850515365618 7.793081283569336
			vertex -2.978609085083008 0.9999999999999984 6.883190631866455
		endloop
	endfacet
	facet normal -0.35288215215071694 0.5144491499369623 0.7815473490599373
		outer loop
			vertex -2.978609085083008 0.9999999999999984 6.883190631866455
			vertex -3.667130947113037 -0.8545850515365618 7.793081283569336
			vertex -3.536104440689087 -0.8681901097297686 7.861197471618652
		endloop
	endfacet
	facet normal -0.3528802711535099 0.5144490631417066 0.7815482554924207
		outer loop
			vertex -2.978609085083008 0.9999999999999984 6.883190631866455
			vertex -3.536104440689087 -0.8681901097297686 7.861197471618652
			vertex -3.426490068435669 -0.8795718550682086 7.918181896209717
		endloop
	endfacet
	facet normal 0.0927526454040905 -0.9783372962633966 -0.18507588041279172
		outer loop
			vertex -3.9065113067626953 -0.8413849472999589 7.666991710662842
			vertex -4.013651371002197 -0.84072655439377 7.609817028045654
			vertex -4.0110955238342285 -0.8407422304153459 7.611180782318115
		endloop
	endfacet
	facet normal -0.3772583833643227 0.5144491179922804 0.7700767605754003
		outer loop
			vertex -3.1933445930480957 0.9999999999999984 6.786233901977539
			vertex -3.7751288414001465 -0.8486298918724077 7.736195087432861
			vertex -3.667130947113037 -0.8545850515365618 7.793081283569336
		endloop
	endfacet
	facet normal -0.37725685229919576 0.5144490462237054 0.770077558582785
		outer loop
			vertex -3.404928684234619 0.9999999999999986 6.68257999420166
			vertex -3.7751288414001465 -0.8486298918724077 7.736195087432861
			vertex -3.1933445930480957 0.9999999999999984 6.786233901977539
		endloop
	endfacet
	facet normal -0.13913633029950737 -0.948671610817169 0.28401277510060075
		outer loop
			vertex -3.1933445930480957 0.9999999999999984 6.786233901977539
			vertex -3.901329278945923 1.4657740592956525 7.995194435119629
			vertex -3.404928684234619 0.9999999999999986 6.68257999420166
		endloop
	endfacet
	facet normal -0.13913729212386167 -0.948671581736773 0.2840124010417299
		outer loop
			vertex -3.901329278945923 1.4657740592956525 7.995194435119629
			vertex -4.0367279052734375 1.4638859033584577 7.922555923461914
			vertex -3.404928684234619 0.9999999999999986 6.68257999420166
		endloop
	endfacet
	facet normal -0.40157668497669924 0.5472814998797494 0.7343154131383168
		outer loop
			vertex -3.901329278945923 1.4657740592956525 7.995194435119629
			vertex -3.9719083309173584 1.4647898674011213 7.957330226898193
			vertex -4.0367279052734375 1.4638859033584577 7.922555923461914
		endloop
	endfacet
	facet normal 0.2529106483886051 -0.9486715924608017 0.1898905305420529
		outer loop
			vertex 6.067627429962158 0.999999999999999 4.408420562744141
			vertex 7.205099105834961 1.4686640501022328 5.234841823577881
			vertex 7.125079154968262 1.4667739868164051 5.331975936889648
		endloop
	endfacet
	facet normal 0.2529104822686843 -0.9486715981044007 0.18989072359824316
		outer loop
			vertex 6.067627429962158 0.999999999999999 4.408420562744141
			vertex 7.125079154968262 1.4667739868164051 5.331975936889648
			vertex 5.9261627197265625 0.999999999999999 4.5968337059021
		endloop
	endfacet
	facet normal 0.252910512845665 -0.9486715997279963 0.18989067476226157
		outer loop
			vertex 5.9261627197265625 0.999999999999999 4.5968337059021
			vertex 7.125079154968262 1.4667739868164051 5.331975936889648
			vertex 7.027151107788086 1.4644608497619618 5.450847625732422
		endloop
	endfacet
	facet normal 0.5292583964194593 -0.7362532736515754 0.4216831356087663
		outer loop
			vertex 7.027151107788086 1.4644608497619618 5.450847625732422
			vertex 7.125079154968262 1.4667739868164051 5.331975936889648
			vertex 7.029510498046875 1.4645166397094715 5.447983741760254
		endloop
	endfacet
	facet normal 0.18185229996296418 -0.948671575656466 0.2587508116695643
		outer loop
			vertex 4.408389568328857 0.9999999999999987 6.067658424377441
			vertex 5.234808444976807 1.4686626195907577 7.2051262855529785
			vertex 5.138706684112549 1.4718940258026108 7.284514904022217
		endloop
	endfacet
	facet normal 0.18185247913624916 -0.9486715711201957 0.25875070237651476
		outer loop
			vertex 4.408389568328857 0.9999999999999987 6.067658424377441
			vertex 5.138706684112549 1.4718940258026108 7.284514904022217
			vertex 4.215625286102295 0.9999999999999987 6.203135013580322
		endloop
	endfacet
	facet normal 0.49307802371855913 0.5144490724692946 0.7015812243505969
		outer loop
			vertex 4.215625286102295 0.9999999999999987 6.203135013580322
			vertex 4.967687606811523 -0.872458159923555 7.047597408294678
			vertex 4.408389568328857 0.9999999999999987 6.067658424377441
		endloop
	endfacet
	facet normal 0.4930795794796414 0.5144489947634289 0.7015801879237168
		outer loop
			vertex 4.408389568328857 0.9999999999999987 6.067658424377441
			vertex 4.967687606811523 -0.872458159923555 7.047597408294678
			vertex 5.0642619132995605 -0.8597283959388748 6.970389366149902
		endloop
	endfacet
	facet normal 0.47079797268009316 0.5144528545885946 0.7167199797172956
		outer loop
			vertex 4.74895715713501 -0.8905026912689225 7.209766864776611
			vertex 4.798902988433838 -0.8976188898086563 7.182066440582275
			vertex 4.852243900299072 -0.8876754641532913 7.139890670776367
		endloop
	endfacet
	facet normal 0.4707993257710776 0.5144490446400501 0.7167218256216553
		outer loop
			vertex 4.74895715713501 -0.8905026912689225 7.209766864776611
			vertex 4.852243900299072 -0.8876754641532913 7.139890670776367
			vertex 4.215625286102295 0.9999999999999987 6.203135013580322
		endloop
	endfacet
	facet normal 0.4930776863330934 0.514449050998628 0.7015814772120303
		outer loop
			vertex 4.215625286102295 0.9999999999999987 6.203135013580322
			vertex 4.852243900299072 -0.8876754641532913 7.139890670776367
			vertex 4.967687606811523 -0.872458159923555 7.047597408294678
		endloop
	endfacet
	facet normal 0.18185358061238505 -0.9486716116063206 0.25874977980806335
		outer loop
			vertex 4.215625286102295 0.9999999999999987 6.203135013580322
			vertex 5.138706684112549 1.4718940258026108 7.284514904022217
			vertex 5.018189907073975 1.475946187973021 7.384072780609131
		endloop
	endfacet
	facet normal 0.1736286375829453 -0.9486753355359407 0.26432594264820203
		outer loop
			vertex 4.916719913482666 1.476864337921141 7.454020977020264
			vertex 5.018189907073975 1.475946187973021 7.384072780609131
			vertex 4.963918685913086 1.4785394668579086 7.42902946472168
		endloop
	endfacet
	facet normal 0.11179077867575671 -0.9486716121971219 0.29584623373364344
		outer loop
			vertex 2.7609341144561768 0.9999999999999984 6.973354339599609
			vertex 3.2842226028442383 1.4738328456878644 8.29503059387207
			vertex 3.1644108295440674 1.4709306955337507 8.330997467041016
		endloop
	endfacet
	facet normal 0.11179143106324335 -0.9486715973851235 0.2958460347133124
		outer loop
			vertex 2.7609341144561768 0.9999999999999984 6.973354339599609
			vertex 3.1644108295440674 1.4709306955337507 8.330997467041016
			vertex 2.540534496307373 0.9999999999999984 7.056636810302734
		endloop
	endfacet
	facet normal 0.30311331500628047 0.5144491719360259 0.8021623076162583
		outer loop
			vertex 2.540534496307373 0.9999999999999984 7.056636810302734
			vertex 2.9174647331237793 -0.8545819520950335 8.103601455688477
			vertex 2.7609341144561768 0.9999999999999984 6.973354339599609
		endloop
	endfacet
	facet normal 0.3031166348684411 0.51444882371412 0.8021612764557952
		outer loop
			vertex 2.7609341144561768 0.9999999999999984 6.973354339599609
			vertex 2.9174647331237793 -0.8545819520950335 8.103601455688477
			vertex 3.0582799911499023 -0.8681872487068194 8.05911636352539
		endloop
	endfacet
	facet normal 0.30310923778978477 0.5144491494508924 0.8021638626837719
		outer loop
			vertex 2.7609341144561768 0.9999999999999984 6.973354339599609
			vertex 3.0582799911499023 -0.8681872487068194 8.05911636352539
			vertex 3.1760833263397217 -0.8795689940452593 8.021902084350586
		endloop
	endfacet
	facet normal 0.3281583560585283 0.5144491733913164 0.7922462630684703
		outer loop
			vertex 2.7609341144561768 0.9999999999999984 6.973354339599609
			vertex 3.1760833263397217 -0.8795689940452593 8.021902084350586
			vertex 2.978609085083008 0.9999999999999984 6.883190631866455
		endloop
	endfacet
	facet normal 0.12102830761748057 -0.9486715995261477 0.29218888583885094
		outer loop
			vertex 2.978609085083008 0.9999999999999984 6.883190631866455
			vertex 3.4345498085021973 1.4780403375625593 8.246423721313477
			vertex 2.7609341144561768 0.9999999999999984 6.973354339599609
		endloop
	endfacet
	facet normal 0.12102858536139575 -0.9486715933683819 0.29218879078656457
		outer loop
			vertex 2.978609085083008 0.9999999999999984 6.883190631866455
			vertex 3.5431551933288574 1.4738335609436017 8.187779426574707
			vertex 3.4345498085021973 1.4780403375625593 8.246423721313477
		endloop
	endfacet
	facet normal 0.1301459222966518 -0.9486715975712722 0.2882433674364847
		outer loop
			vertex 2.978609085083008 0.9999999999999984 6.883190631866455
			vertex 3.68021559715271 1.4702224731445295 8.114009857177734
			vertex 3.5431551933288574 1.4738335609436017 8.187779426574707
		endloop
	endfacet
	facet normal 0.1301473517812661 -0.9486716022330829 0.2882427066568009
		outer loop
			vertex 3.1933445930480957 0.9999999999999984 6.786233901977539
			vertex 3.790273904800415 1.4673229455947858 8.054773330688477
			vertex 3.68021559715271 1.4702224731445295 8.114009857177734
		endloop
	endfacet
	facet normal 0.13913678503437754 -0.9486715969237512 0.284012598735403
		outer loop
			vertex 3.1933445930480957 0.9999999999999984 6.786233901977539
			vertex 3.9257307052612305 1.4654339551925641 7.9821038246154785
			vertex 3.790273904800415 1.4673229455947858 8.054773330688477
		endloop
	endfacet
	facet normal 0.1391363667692895 -0.9486715831813031 0.28401284954473777
		outer loop
			vertex 3.404928684234619 0.9999999999999986 6.68257999420166
			vertex 3.9257307052612305 1.4654339551925641 7.9821038246154785
			vertex 3.1933445930480957 0.9999999999999984 6.786233901977539
		endloop
	endfacet
	facet normal 0.13913658234324655 -0.9486715779859758 0.2840127612897696
		outer loop
			vertex 3.404928684234619 0.9999999999999986 6.68257999420166
			vertex 4.0367279052734375 1.4638859033584577 7.922555923461914
			vertex 3.9257307052612305 1.4654339551925641 7.9821038246154785
		endloop
	endfacet
	facet normal 0.13014660525358318 -0.9486716196066729 0.2882429865474959
		outer loop
			vertex 3.1933445930480957 0.9999999999999984 6.786233901977539
			vertex 3.68021559715271 1.4702224731445295 8.114009857177734
			vertex 2.978609085083008 0.9999999999999984 6.883190631866455
		endloop
	endfacet
	facet normal 0.35288195608909445 0.5144491140368236 0.7815474612161833
		outer loop
			vertex 2.978609085083008 0.9999999999999984 6.883190631866455
			vertex 3.5578391551971436 -0.8659334182739276 7.849898338317871
			vertex 3.1933445930480957 0.9999999999999984 6.786233901977539
		endloop
	endfacet
	facet normal 0.35288239567606516 0.5144490942049508 0.7815472757892686
		outer loop
			vertex 3.1933445930480957 0.9999999999999984 6.786233901977539
			vertex 3.5578391551971436 -0.8659334182739276 7.849898338317871
			vertex 3.667130947113037 -0.8545852303504962 7.793081283569336
		endloop
	endfacet
	facet normal 0.37725724855584203 0.5144490903323686 0.7700773349919308
		outer loop
			vertex 3.1933445930480957 0.9999999999999984 6.786233901977539
			vertex 3.667130947113037 -0.8545852303504962 7.793081283569336
			vertex 3.7986886501312256 -0.8473306894302385 7.723785400390625
		endloop
	endfacet
	facet normal 0.35288303707662777 0.5144491757029167 0.7815469325396686
		outer loop
			vertex 2.978609085083008 0.9999999999999984 6.883190631866455
			vertex 3.426490068435669 -0.8795719146728533 7.918182373046875
			vertex 3.5578391551971436 -0.8659334182739276 7.849898338317871
		endloop
	endfacet
	facet normal 0.3281579861360139 0.5144491739939361 0.7922464159036082
		outer loop
			vertex 2.978609085083008 0.9999999999999984 6.883190631866455
			vertex 3.3149425983428955 -0.8965491652488726 7.9754109382629395
			vertex 3.426490068435669 -0.8795719146728533 7.918182373046875
		endloop
	endfacet
	facet normal 0.3281586200058268 0.5144491457574889 0.7922461716823007
		outer loop
			vertex 3.1760833263397217 -0.8795689940452593 8.021902084350586
			vertex 3.3149425983428955 -0.8965491652488726 7.9754109382629395
			vertex 2.978609085083008 0.9999999999999984 6.883190631866455
		endloop
	endfacet
	facet normal 0.32815823239073566 0.5144537855507834 0.79224331934492
		outer loop
			vertex 3.1760833263397217 -0.8795689940452593 8.021902084350586
			vertex 3.3055248260498047 -0.897982597351076 7.980242729187012
			vertex 3.3149425983428955 -0.8965491652488726 7.9754109382629395
		endloop
	endfacet
	facet normal 0.11179125139137494 -0.9486715917736617 0.29584612059984394
		outer loop
			vertex 2.540534496307373 0.9999999999999984 7.056636810302734
			vertex 3.1644108295440674 1.4709306955337507 8.330997467041016
			vertex 3.0154335498809814 1.467322111129759 8.375720024108887
		endloop
	endfacet
	facet normal 0.12102869940772779 -0.9486716119553779 0.29218868319916014
		outer loop
			vertex 2.7609341144561768 0.9999999999999984 6.973354339599609
			vertex 3.4345498085021973 1.4780403375625593 8.246423721313477
			vertex 3.2842226028442383 1.4738328456878644 8.29503059387207
		endloop
	endfacet
	facet normal 0.1210253702733921 -0.9486753062611909 0.2921780673500739
		outer loop
			vertex 3.2842226028442383 1.4738328456878644 8.29503059387207
			vertex 3.4345498085021973 1.4780403375625593 8.246423721313477
			vertex 3.4192111492156982 1.4786344766616804 8.254706382751465
		endloop
	endfacet
	facet normal 0.04456304427364941 -0.9486715781204625 0.31310760442936525
		outer loop
			vertex 1.1732585430145264 0.9999999999999983 7.407693386077881
			vertex 1.3932024240493774 1.4686602354049663 8.796363830566406
			vertex 1.2679345607757568 1.4667701721191386 8.808465957641602
		endloop
	endfacet
	facet normal 0.044562039805206684 -0.9486716004419327 0.3131076797578452
		outer loop
			vertex 1.1732585430145264 0.9999999999999983 7.407693386077881
			vertex 1.2679345607757568 1.4667701721191386 8.808465957641602
			vertex 0.9399992227554321 0.9999999999999983 7.440891265869141
		endloop
	endfacet
	facet normal 0.0445624402060568 -0.9486716120187569 0.3131075876956912
		outer loop
			vertex 0.9399992227554321 0.9999999999999983 7.440891265869141
			vertex 1.2679345607757568 1.4667701721191386 8.808465957641602
			vertex 1.1146348714828491 1.4644570350646953 8.823275566101074
		endloop
	endfacet
	facet normal -0.004617036495040618 -0.948666143615292 0.3162455231811095
		outer loop
			vertex -0.12750864028930664 1.4745683670043925 8.921762466430664
			vertex 0.016761433333158493 1.4776300191879252 8.933053016662598
			vertex 1.0354564428105562e-14 1.478289246559141 8.934785842895508
		endloop
	endfacet
	facet normal -0.0641363404882472 -0.9486672918994191 0.3097045351766713
		outer loop
			vertex -1.7941209077835083 1.4768636226654033 8.747441291809082
			vertex -1.6729087829589844 1.475943922996519 8.769725799560547
			vertex -1.7430963516235352 1.4785380363464335 8.763136863708496
		endloop
	endfacet
	facet normal -0.21726899045992337 -0.9527629923462481 0.21221891103280371
		outer loop
			vertex -6.396403789520264 1.4746906757354723 6.221421718597412
			vertex -6.3178277015686035 1.47825253009796 6.317858695983887
			vertex -6.317844867706299 1.478253364562987 6.317844867706299
		endloop
	endfacet
	facet normal -0.22711655434578698 -0.948671595427629 0.22009151453632705
		outer loop
			vertex -5.303300857543945 0.9999999999999988 5.3033318519592285
			vertex -6.3178277015686035 1.47825253009796 6.317858695983887
			vertex -6.396403789520264 1.4746906757354723 6.221421718597412
		endloop
	endfacet
	facet normal -0.22711670606208828 -0.9486716004155324 0.22009133647769874
		outer loop
			vertex -5.303300857543945 0.9999999999999988 5.3033318519592285
			vertex -6.396403789520264 1.4746906757354723 6.221421718597412
			vertex -5.467264652252197 0.9999999999999989 5.134134292602539
		endloop
	endfacet
	facet normal -0.22711659356984948 -0.9486716046188679 0.22009143444280269
		outer loop
			vertex -5.467264652252197 0.9999999999999989 5.134134292602539
			vertex -6.396403789520264 1.4746906757354723 6.221421718597412
			vertex -6.495536804199219 1.4701949357986437 6.099746227264404
		endloop
	endfacet
	facet normal -0.28824322174377714 -0.9486715636769577 0.13014649203679618
		outer loop
			vertex -6.883159637451172 0.9999999999999993 2.978639841079712
			vertex -8.11398983001709 1.4702270030975333 3.6802532672882085
			vertex -8.187760353088379 1.4738380908966056 3.5431914329528813
		endloop
	endfacet
	facet normal -0.2921881392254529 -0.9486715703859063 0.12103033850033648
		outer loop
			vertex -6.883159637451172 0.9999999999999993 2.978639841079712
			vertex -8.187760353088379 1.4738380908966056 3.5431914329528813
			vertex -8.246404647827148 1.4780447483062737 3.4345870018005376
		endloop
	endfacet
	facet normal -0.2921886090736619 -0.9486716008249603 0.12102896560660986
		outer loop
			vertex -6.883159637451172 0.9999999999999993 2.978639841079712
			vertex -8.246404647827148 1.4780447483062737 3.4345870018005376
			vertex -6.973323822021484 0.9999999999999993 2.76096510887146
		endloop
	endfacet
	facet normal -0.7922456095827611 0.5144490160984327 0.32816018029644256
		outer loop
			vertex -6.973323822021484 0.9999999999999993 2.76096510887146
			vertex -7.9753899574279785 -0.8965668678283699 3.314976453781128
			vertex -6.883159637451172 0.9999999999999993 2.978639841079712
		endloop
	endfacet
	facet normal -0.7922461287096348 0.5144490761197533 0.32815883292108616
		outer loop
			vertex -6.883159637451172 0.9999999999999993 2.978639841079712
			vertex -7.9753899574279785 -0.8965668678283699 3.314976453781128
			vertex -7.918160915374756 -0.8795898556709297 3.426525115966797
		endloop
	endfacet
	facet normal -0.7815472307035246 0.514449077353195 0.3528825200971257
		outer loop
			vertex -6.883159637451172 0.9999999999999993 2.978639841079712
			vertex -7.918160915374756 -0.8795898556709297 3.426525115966797
			vertex -7.84987735748291 -0.8659514188766487 3.557873487472534
		endloop
	endfacet
	facet normal -0.7815474983429233 0.514449046135458 0.35288197285244827
		outer loop
			vertex -6.883159637451172 0.9999999999999993 2.978639841079712
			vertex -7.84987735748291 -0.8659514188766487 3.557873487472534
			vertex -6.786202907562256 0.9999999999999993 3.1933753490448
		endloop
	endfacet
	facet normal -0.7815476569780153 0.5144490631017753 0.3528815967798266
		outer loop
			vertex -6.786202907562256 0.9999999999999993 3.1933753490448
			vertex -7.84987735748291 -0.8659514188766487 3.557873487472534
			vertex -7.793059825897217 -0.8546031117439278 3.6671664714813232
		endloop
	endfacet
	facet normal -0.7700775421927988 0.5144490711767816 0.37725685172789813
		outer loop
			vertex -6.786202907562256 0.9999999999999993 3.1933753490448
			vertex -7.793059825897217 -0.8546031117439278 3.6671664714813232
			vertex -7.723764419555664 -0.8473486304283151 3.7987234592437744
		endloop
	endfacet
	facet normal -0.7700775453276818 0.5144490708271398 0.37725684580559327
		outer loop
			vertex -6.786202907562256 0.9999999999999993 3.1933753490448
			vertex -7.723764419555664 -0.8473486304283151 3.7987234592437744
			vertex -6.682548999786377 0.9999999999999992 3.4049594402313232
		endloop
	endfacet
	facet normal -0.28401276791018937 -0.9486716134864621 0.13913632677696236
		outer loop
			vertex -6.682548999786377 0.9999999999999992 3.4049594402313232
			vertex -7.982084274291992 1.4654382467269889 3.925768375396729
			vertex -6.786202907562256 0.9999999999999993 3.1933753490448
		endloop
	endfacet
	facet normal -0.2840132671452257 -0.9486715861315091 0.1391354942213579
		outer loop
			vertex -6.786202907562256 0.9999999999999993 3.1933753490448
			vertex -7.982084274291992 1.4654382467269889 3.925768375396729
			vertex -8.054754257202148 1.4673274755477896 3.790310621261597
		endloop
	endfacet
	facet normal -0.28824326756534197 -0.9486715782436425 0.13014628437251533
		outer loop
			vertex -6.786202907562256 0.9999999999999993 3.1933753490448
			vertex -8.054754257202148 1.4673274755477896 3.790310621261597
			vertex -8.11398983001709 1.4702270030975333 3.6802532672882085
		endloop
	endfacet
	facet normal -0.2840125479492509 -0.9486716005381882 0.1391368640572543
		outer loop
			vertex -6.682548999786377 0.9999999999999992 3.4049594402313232
			vertex -7.922536849975586 1.463890314102172 4.036765098571777
			vertex -7.982084274291992 1.4654382467269889 3.925768375396729
		endloop
	endfacet
	facet normal -0.7922453864338072 0.5144490431684373 0.32816067658606957
		outer loop
			vertex -6.973323822021484 0.9999999999999993 2.76096510887146
			vertex -8.021886825561523 -0.8795970082283027 3.1761205196380615
			vertex -7.9753899574279785 -0.8965668678283699 3.314976453781128
		endloop
	endfacet
	facet normal -0.7922200666078737 0.5144902305879838 0.328157231663938
		outer loop
			vertex -7.9753899574279785 -0.8965668678283699 3.314976453781128
			vertex -8.021886825561523 -0.8795970082283027 3.1761205196380615
			vertex -7.9802398681640625 -0.8980055451393135 3.305523633956909
		endloop
	endfacet
	facet normal -0.8021635363972325 0.5144490424434568 0.30311028290656195
		outer loop
			vertex -6.973323822021484 0.9999999999999993 2.76096510887146
			vertex -8.059102058410645 -0.8682155013084418 3.0583155155181885
			vertex -8.021886825561523 -0.8795970082283027 3.1761205196380615
		endloop
	endfacet
	facet normal -0.8021628956622835 0.5144489617441229 0.3031121155333362
		outer loop
			vertex -6.973323822021484 0.9999999999999993 2.76096510887146
			vertex -8.103586196899414 -0.8546108007431037 2.917501449584961
			vertex -8.059102058410645 -0.8682155013084418 3.0583155155181885
		endloop
	endfacet
	facet normal -0.802163074040568 0.5144490219807221 0.3031115412333635
		outer loop
			vertex -7.056605815887451 0.9999999999999994 2.540565252304077
			vertex -8.103586196899414 -0.8546108007431037 2.917501449584961
			vertex -6.973323822021484 0.9999999999999993 2.76096510887146
		endloop
	endfacet
	facet normal -0.29584630434003784 -0.948671590970862 0.11179077194990424
		outer loop
			vertex -6.973323822021484 0.9999999999999993 2.76096510887146
			vertex -8.330986022949219 1.4709378480911248 3.164451122283936
			vertex -7.056605815887451 0.9999999999999994 2.540565252304077
		endloop
	endfacet
	facet normal -0.2958462047551925 -0.9486715974774231 0.11179098027829869
		outer loop
			vertex -7.056605815887451 0.9999999999999994 2.540565252304077
			vertex -8.330986022949219 1.4709378480911248 3.164451122283936
			vertex -8.375709533691406 1.4673293828964227 3.0154719352722172
		endloop
	endfacet
	facet normal -0.29221467068965234 -0.9486626399480791 0.12103628299183389
		outer loop
			vertex -8.246404647827148 1.4780447483062737 3.4345870018005376
			vertex -8.254706382751465 1.47864019870758 3.419211387634278
			vertex -8.295019149780273 1.473839879035949 3.284261226654053
		endloop
	endfacet
	facet normal -0.295846125367618 -0.9486715776515035 0.11179135861583912
		outer loop
			vertex -6.973323822021484 0.9999999999999993 2.76096510887146
			vertex -8.295019149780273 1.473839879035949 3.284261226654053
			vertex -8.330986022949219 1.4709378480911248 3.164451122283936
		endloop
	endfacet
	facet normal -0.29218899049270863 -0.9486715774300548 0.12102822815865585
		outer loop
			vertex -8.246404647827148 1.4780447483062737 3.4345870018005376
			vertex -8.295019149780273 1.473839879035949 3.284261226654053
			vertex -6.973323822021484 0.9999999999999993 2.76096510887146
		endloop
	endfacet
	facet normal -0.2882431239917024 -0.9486715693321318 0.13014666731197738
		outer loop
			vertex -6.786202907562256 0.9999999999999993 3.1933753490448
			vertex -8.11398983001709 1.4702270030975333 3.6802532672882085
			vertex -6.883159637451172 0.9999999999999993 2.978639841079712
		endloop
	endfacet
	facet normal -0.3050540985827303 -0.9486715657274248 0.08345212590554182
		outer loop
			vertex -7.264373779296875 0.9999999999999996 1.8652051687240603
			vertex -8.574274063110352 1.4647161960601802 2.3597712516784672
			vertex -8.61898422241211 1.466182947158813 2.2130098342895512
		endloop
	endfacet
	facet normal -0.3050537127401632 -0.9486715972918712 0.08345317750170976
		outer loop
			vertex -7.202202796936035 0.9999999999999996 2.0924642086029053
			vertex -8.574274063110352 1.4647161960601802 2.3597712516784672
			vertex -7.264373779296875 0.9999999999999996 1.8652051687240603
		endloop
	endfacet
	facet normal -0.30505375850048944 -0.9486716024507189 0.08345295158537029
		outer loop
			vertex -7.202202796936035 0.9999999999999996 2.0924642086029053
			vertex -8.537522315979004 1.4635107517242427 2.4804103374481206
			vertex -8.574274063110352 1.4647161960601802 2.3597712516784672
		endloop
	endfacet
	facet normal -0.28824252346468426 -0.9486715890765777 -0.13014785340385746
		outer loop
			vertex -6.883159637451172 1.0000000000000007 -2.9785783290863037
			vertex -8.187788963317871 1.4738482236862191 -3.543141603469848
			vertex -8.12850284576416 1.470946192741395 -3.65329098701477
		endloop
	endfacet
	facet normal -0.28824327308408076 -0.9486715544443436 -0.13014644562925629
		outer loop
			vertex -6.883159637451172 1.0000000000000007 -2.9785783290863037
			vertex -8.12850284576416 1.470946192741395 -3.65329098701477
			vertex -6.786202907562256 1.0000000000000007 -3.19331431388855
		endloop
	endfacet
	facet normal -0.7815477737662555 0.5144490799155349 -0.3528813136099296
		outer loop
			vertex -6.786202907562256 1.0000000000000007 -3.19331431388855
			vertex -7.793081760406494 -0.8546430468559257 -3.6671152114868164
			vertex -6.883159637451172 1.0000000000000007 -2.9785783290863037
		endloop
	endfacet
	facet normal -0.28824339450314584 -0.9486715647183974 -0.13014610182426264
		outer loop
			vertex -6.786202907562256 1.0000000000000007 -3.19331431388855
			vertex -8.12850284576416 1.470946192741395 -3.65329098701477
			vertex -8.054781913757324 1.4673376083374032 -3.7902617454528804
		endloop
	endfacet
	facet normal -0.292199804219765 -0.9486674801024059 -0.12103423734663948
		outer loop
			vertex -8.259709358215332 1.478052735328675 -3.402467012405395
			vertex -8.254707336425781 1.4786484241485602 -3.419211864471435
			vertex -8.187788963317871 1.4738482236862191 -3.543141603469848
		endloop
	endfacet
	facet normal -0.1977410136850402 -0.9486716020174808 -0.24682115596601398
		outer loop
			vertex -4.780679702758789 1.0000000000000013 -5.778818607330322
			vertex -5.666695594787598 1.4633314609527603 -6.849827766418457
			vertex -5.569099426269531 1.4638489484787003 -6.93000602722168
		endloop
	endfacet
	facet normal -0.19774091389761664 -0.9486716047498156 -0.24682122540888846
		outer loop
			vertex -4.780679702758789 1.0000000000000013 -5.778818607330322
			vertex -5.569099426269531 1.4638489484787003 -6.93000602722168
			vertex -4.596802711486816 1.0000000000000013 -5.926131725311279
		endloop
	endfacet
	facet normal -0.1977403962135963 -0.9486715846230361 -0.24682171750903076
		outer loop
			vertex -4.596802711486816 1.0000000000000013 -5.926131725311279
			vertex -5.569099426269531 1.4638489484787003 -6.93000602722168
			vertex -5.450844764709473 1.464476108551027 -7.027155876159668
		endloop
	endfacet
	facet normal -0.18989073458614128 -0.9486715808162357 -0.2529105388669286
		outer loop
			vertex -4.596802711486816 1.0000000000000013 -5.926131725311279
			vertex -5.450844764709473 1.464476108551027 -7.027155876159668
			vertex -5.353774070739746 1.466364979743959 -7.107123851776123
		endloop
	endfacet
	facet normal -0.18989032591049276 -0.9486715916453298 -0.2529108050889162
		outer loop
			vertex -4.596802711486816 1.0000000000000013 -5.926131725311279
			vertex -5.353774070739746 1.466364979743959 -7.107123851776123
			vertex -4.408389568328857 1.0000000000000013 -6.067595958709717
		endloop
	endfacet
	facet normal -0.5148720117665218 0.5144492720427497 -0.6857468614541227
		outer loop
			vertex -4.408389568328857 1.0000000000000013 -6.067595958709717
			vertex -5.179826259613037 -0.8509356379508957 -6.8769636154174805
			vertex -4.596802711486816 1.0000000000000013 -5.926131725311279
		endloop
	endfacet
	facet normal -0.5148763854340472 0.5144490488029713 -0.6857437450739807
		outer loop
			vertex -4.596802711486816 1.0000000000000013 -5.926131725311279
			vertex -5.179826259613037 -0.8509356379508957 -6.8769636154174805
			vertex -5.274796009063721 -0.8436545133590683 -6.800195217132568
		endloop
	endfacet
	facet normal -0.5361580506957411 0.514449025727392 -0.6692359409074503
		outer loop
			vertex -4.596802711486816 1.0000000000000013 -5.926131725311279
			vertex -5.274796009063721 -0.8436545133590683 -6.800195217132568
			vertex -5.39007043838501 -0.8412330150604234 -6.705981731414795
		endloop
	endfacet
	facet normal -0.5148712785111305 0.5144492231968014 -0.6857474486401839
		outer loop
			vertex -4.408389568328857 1.0000000000000013 -6.067595958709717
			vertex -5.0642852783203125 -0.8597945570945724 -6.970359802246094
			vertex -5.179826259613037 -0.8509356379508957 -6.8769636154174805
		endloop
	endfacet
	facet normal -0.4930768189580729 0.5144491963516519 -0.7015819802270634
		outer loop
			vertex -4.408389568328857 1.0000000000000013 -6.067595958709717
			vertex -4.967707633972168 -0.8725251555442795 -7.04757022857666
			vertex -5.0642852783203125 -0.8597945570945724 -6.970359802246094
		endloop
	endfacet
	facet normal -0.49307918340430723 0.514449078255568 -0.7015804050679708
		outer loop
			vertex -4.215625286102295 1.0000000000000013 -6.203073024749756
			vertex -4.967707633972168 -0.8725251555442795 -7.04757022857666
			vertex -4.408389568328857 1.0000000000000013 -6.067595958709717
		endloop
	endfacet
	facet normal -0.18185285501397183 -0.9486716015949832 -0.2587503264741452
		outer loop
			vertex -4.408389568328857 1.0000000000000013 -6.067595958709717
			vertex -5.138738632202148 1.4719104766845719 -7.284491062164307
			vertex -4.215625286102295 1.0000000000000013 -6.203073024749756
		endloop
	endfacet
	facet normal -0.1818527207377209 -0.9486715966594655 -0.25875043894043726
		outer loop
			vertex -4.215625286102295 1.0000000000000013 -6.203073024749756
			vertex -5.138738632202148 1.4719104766845719 -7.284491062164307
			vertex -5.018218040466309 1.4759629964828507 -7.384052276611328
		endloop
	endfacet
	facet normal -0.17363484646176303 -0.9486715920970087 -0.26433529927409766
		outer loop
			vertex -5.018218040466309 1.4759629964828507 -7.384052276611328
			vertex -4.918314456939697 1.4769390821456925 -7.453179359436035
			vertex -4.215625286102295 1.0000000000000013 -6.203073024749756
		endloop
	endfacet
	facet normal -0.17363027607890383 -0.9486742585361698 -0.26432873173306837
		outer loop
			vertex -5.018218040466309 1.4759629964828507 -7.384052276611328
			vertex -4.963919639587402 1.4785575866699234 -7.4290313720703125
			vertex -4.918314456939697 1.4769390821456925 -7.453179359436035
		endloop
	endfacet
	facet normal -0.11178965323301826 -0.948671567922635 -0.29584680097180555
		outer loop
			vertex -2.540534496307373 1.0000000000000016 -7.056575298309326
			vertex -3.164438247680664 1.470951199531557 -8.330991744995117
			vertex -3.0154545307159424 1.4673427343368548 -8.375716209411621
		endloop
	endfacet
	facet normal -0.11179140431361298 -0.9486716226135241 -0.2958459639228056
		outer loop
			vertex -2.7609341144561768 1.0000000000000016 -6.973292827606201
			vertex -3.164438247680664 1.470951199531557 -8.330991744995117
			vertex -2.540534496307373 1.0000000000000016 -7.056575298309326
		endloop
	endfacet
	facet normal -0.30311336394716065 0.5144489411477047 -0.8021624371339274
		outer loop
			vertex -2.540534496307373 1.0000000000000016 -7.056575298309326
			vertex -2.9174814224243164 -0.8546635508537275 -8.103585243225098
			vertex -2.7609341144561768 1.0000000000000016 -6.973292827606201
		endloop
	endfacet
	facet normal -0.3031128863188474 0.5144489912437537 -0.8021625854873449
		outer loop
			vertex -2.7609341144561768 1.0000000000000016 -6.973292827606201
			vertex -2.9174814224243164 -0.8546635508537275 -8.103585243225098
			vertex -3.058292865753174 -0.8682684302329999 -8.059102058410645
		endloop
	endfacet
	facet normal -0.11179181089353943 -0.9486716133831069 -0.29584583988664814
		outer loop
			vertex -2.7609341144561768 1.0000000000000016 -6.973292827606201
			vertex -3.284245252609253 1.4738532304763812 -8.295025825500488
			vertex -3.164438247680664 1.470951199531557 -8.330991744995117
		endloop
	endfacet
	facet normal -0.12103341686176154 -0.9486664991457846 -0.2922033288674996
		outer loop
			vertex -3.4345762729644775 1.4780591726303118 -8.24641227722168
			vertex -3.4192121028900146 1.4786542654037493 -8.254708290100098
			vertex -3.284245252609253 1.4738532304763812 -8.295025825500488
		endloop
	endfacet
	facet normal -0.08345418580236821 -0.9486716317618821 -0.3050533297020574
		outer loop
			vertex -1.8651741743087769 1.0000000000000016 -7.264342784881592
			vertex -2.3597545623779297 1.4647295475006123 -8.574280738830566
			vertex -2.21298885345459 1.4661961793899556 -8.618992805480957
		endloop
	endfacet
	facet normal -0.08345433760837845 -0.9486716363181925 -0.3050532740026075
		outer loop
			vertex -2.092433214187622 1.0000000000000016 -7.2021708488464355
			vertex -2.3597545623779297 1.4647295475006123 -8.574280738830566
			vertex -1.8651741743087769 1.0000000000000016 -7.264342784881592
		endloop
	endfacet
	facet normal -0.08345336830790652 -0.9486716584517787 -0.3050534703431794
		outer loop
			vertex -2.092433214187622 1.0000000000000016 -7.2021708488464355
			vertex -2.480390787124634 1.4635242223739644 -8.537529945373535
			vertex -2.3597545623779297 1.4647295475006123 -8.574280738830566
		endloop
	endfacet
	facet normal -0.05437479110079918 -0.9486715764137933 -0.311553562324864
		outer loop
			vertex -1.1732585430145264 1.0000000000000016 -7.407632350921631
			vertex -1.5487228631973267 1.4727308750152608 -8.78155517578125
			vertex -1.3932123184204102 1.4686814546585103 -8.796365737915039
		endloop
	endfacet
	facet normal -0.0543749354735443 -0.9486715806205649 -0.3115535243182578
		outer loop
			vertex -1.4053598642349243 1.0000000000000016 -7.367124080657959
			vertex -1.5487228631973267 1.4727308750152608 -8.78155517578125
			vertex -1.1732585430145264 1.0000000000000016 -7.407632350921631
		endloop
	endfacet
	facet normal -0.14743316875825485 0.5144491200986054 -0.844751776310456
		outer loop
			vertex -1.1732585430145264 1.0000000000000016 -7.407632350921631
			vertex -1.3478208780288696 -0.8598033189773541 -8.50977611541748
			vertex -1.4053598642349243 1.0000000000000016 -7.367124080657959
		endloop
	endfacet
	facet normal -0.14743433824438376 0.5144490025103473 -0.8447516438116884
		outer loop
			vertex -1.4053598642349243 1.0000000000000016 -7.367124080657959
			vertex -1.3478208780288696 -0.8598033189773541 -8.50977611541748
			vertex -1.494309663772583 -0.8749786019325237 -8.493451118469238
		endloop
	endfacet
	facet normal -0.05437321791528591 -0.9486716178101502 -0.31155371083492084
		outer loop
			vertex -1.4053598642349243 1.0000000000000016 -7.367124080657959
			vertex -1.6729207038879395 1.4759650230407735 -8.76972770690918
			vertex -1.5487228631973267 1.4727308750152608 -8.78155517578125
		endloop
	endfacet
	facet normal -0.0641368602702629 -0.9486708269694202 -0.30969359891968945
		outer loop
			vertex -1.8265299797058105 1.4758210182189961 -8.73747444152832
			vertex -1.7430968284606934 1.4785587787628194 -8.763139724731445
			vertex -1.6729207038879395 1.4759650230407735 -8.76972770690918
		endloop
	endfacet
	facet normal 0.07382855228370279 -0.9486716297713489 -0.3075247693026781
		outer loop
			vertex 1.8651741743087769 1.0000000000000016 -7.264342784881592
			vertex 2.0648107528686523 1.4693690538406392 -8.66435432434082
			vertex 2.21298885345459 1.4661961793899556 -8.618992805480957
		endloop
	endfacet
	facet normal 0.07383036729150654 -0.9486715780401025 -0.30752449314567276
		outer loop
			vertex 1.6360743045806885 1.0000000000000016 -7.319344997406006
			vertex 2.0648107528686523 1.4693690538406392 -8.66435432434082
			vertex 1.8651741743087769 1.0000000000000016 -7.264342784881592
		endloop
	endfacet
	facet normal 0.2001849412468279 0.5144493132499902 -0.8338272563274828
		outer loop
			vertex 1.8651741743087769 1.0000000000000016 -7.264342784881592
			vertex 2.141258955001831 -0.8502610921859722 -8.339622497558594
			vertex 1.6360743045806885 1.0000000000000016 -7.319344997406006
		endloop
	endfacet
	facet normal 0.20018616801427486 0.5144494419926585 -0.8338268823737951
		outer loop
			vertex 1.6360743045806885 1.0000000000000016 -7.319344997406006
			vertex 2.141258955001831 -0.8502610921859722 -8.339622497558594
			vertex 1.9992831945419312 -0.862286150455473 -8.38112735748291
		endloop
	endfacet
	facet normal 0.20017620305719797 0.5144490132840036 -0.8338295392109342
		outer loop
			vertex 1.6360743045806885 1.0000000000000016 -7.319344997406006
			vertex 1.9992831945419312 -0.862286150455473 -8.38112735748291
			vertex 1.8811312913894653 -0.8722941875457745 -8.415666580200195
		endloop
	endfacet
	facet normal 0.1738958281157608 0.5144489651757663 -0.8397038187322461
		outer loop
			vertex 1.6360743045806885 1.0000000000000016 -7.319344997406006
			vertex 1.8811312913894653 -0.8722941875457745 -8.415666580200195
			vertex 1.4053598642349243 1.0000000000000016 -7.367124080657959
		endloop
	endfacet
	facet normal 0.06413462736141173 -0.9486716036914191 -0.3096916820367705
		outer loop
			vertex 1.4053598642349243 1.0000000000000016 -7.367124080657959
			vertex 1.7941278219223022 1.4768842458724996 -8.747442245483398
			vertex 1.6360743045806885 1.0000000000000016 -7.319344997406006
		endloop
	endfacet
	facet normal 0.06413530424778899 -0.9486715844801829 -0.3096916007077092
		outer loop
			vertex 1.6360743045806885 1.0000000000000016 -7.319344997406006
			vertex 1.7941278219223022 1.4768842458724996 -8.747442245483398
			vertex 1.9449231624603271 1.4719359874725362 -8.701055526733398
		endloop
	endfacet
	facet normal 0.06416553933074019 -0.9486722793345779 -0.3096832090774893
		outer loop
			vertex 1.4053598642349243 1.0000000000000016 -7.367124080657959
			vertex 1.792441725730896 1.4769395589828511 -8.747961044311523
			vertex 1.7941278219223022 1.4768842458724996 -8.747442245483398
		endloop
	endfacet
	facet normal 0.06413488198481497 -0.9486716211769761 -0.3096915757430965
		outer loop
			vertex 1.6729207038879395 1.4759650230407735 -8.76972770690918
			vertex 1.792441725730896 1.4769395589828511 -8.747961044311523
			vertex 1.4053598642349243 1.0000000000000016 -7.367124080657959
		endloop
	endfacet
	facet normal 0.06413820895839437 -0.9486653405604789 -0.3097101253928905
		outer loop
			vertex 1.6729207038879395 1.4759650230407735 -8.76972770690918
			vertex 1.7430968284606934 1.4785587787628194 -8.763139724731445
			vertex 1.792441725730896 1.4769395589828511 -8.747961044311523
		endloop
	endfacet
	facet normal 0.1738966333262228 0.5144490479886112 -0.8397036012435678
		outer loop
			vertex 1.4053598642349243 1.0000000000000016 -7.367124080657959
			vertex 1.8811312913894653 -0.8722941875457745 -8.415666580200195
			vertex 1.7400469779968262 -0.8905801177024822 -8.456087112426758
		endloop
	endfacet
	facet normal 0.07383034331603963 -0.9486715774907397 -0.3075245005964036
		outer loop
			vertex 1.6360743045806885 1.0000000000000016 -7.319344997406006
			vertex 1.9449231624603271 1.4719359874725362 -8.701055526733398
			vertex 2.0648107528686523 1.4693690538406392 -8.66435432434082
		endloop
	endfacet
	facet normal 0.18185217333465148 -0.9486716138978468 -0.25875076045862844
		outer loop
			vertex 4.408389568328857 1.0000000000000013 -6.067595958709717
			vertex 5.114403247833252 1.472728848457338 -7.30459451675415
			vertex 5.234837532043457 1.4686791896820084 -7.205104827880859
		endloop
	endfacet
	facet normal 0.18185287316886883 -0.9486715910692065 -0.25875035230593946
		outer loop
			vertex 4.215625286102295 1.0000000000000013 -6.203073024749756
			vertex 5.114403247833252 1.472728848457338 -7.30459451675415
			vertex 4.408389568328857 1.0000000000000013 -6.067595958709717
		endloop
	endfacet
	facet normal 0.4930791400578161 0.5144492039118691 -0.7015803433921797
		outer loop
			vertex 4.408389568328857 1.0000000000000013 -6.067595958709717
			vertex 5.0642852783203125 -0.8597946166992172 -6.970359802246094
			vertex 4.215625286102295 1.0000000000000013 -6.203073024749756
		endloop
	endfacet
	facet normal 0.49307975780569485 0.5144492828129132 -0.7015798513751349
		outer loop
			vertex 4.215625286102295 1.0000000000000013 -6.203073024749756
			vertex 5.0642852783203125 -0.8597946166992172 -6.970359802246094
			vertex 4.949158668518066 -0.8749697804450973 -7.062399864196777
		endloop
	endfacet
	facet normal 0.1818530148182248 -0.9486715949819604 -0.25875023840743755
		outer loop
			vertex 4.215625286102295 1.0000000000000013 -6.203073024749756
			vertex 5.018218040466309 1.4759629964828507 -7.384052276611328
			vertex 5.114403247833252 1.472728848457338 -7.30459451675415
		endloop
	endfacet
	facet normal 0.24080194655093004 -0.937001995120101 -0.25306458400620496
		outer loop
			vertex 6.196093559265137 1.4737700223922743 -6.417041778564453
			vertex 6.317845821380615 1.4782686233520521 -6.317845821380615
			vertex 6.317859649658203 1.4782676696777357 -6.317829132080078
		endloop
	endfacet
	facet normal 0.2643338617971033 -0.9486719022666665 -0.17363534017352036
		outer loop
			vertex 7.4540252685546875 1.476879119873048 -4.916716575622559
			vertex 7.384079456329346 1.4759613275527965 -5.018184185028076
			vertex 7.429030895233154 1.4785543680191051 -4.963919639587402
		endloop
	endfacet
	facet normal 0.26433468022914935 -0.9486715704106623 -0.17363590735421422
		outer loop
			vertex 6.203104496002197 1.0000000000000009 -4.21559476852417
			vertex 7.384079456329346 1.4759613275527965 -5.018184185028076
			vertex 7.4540252685546875 1.476879119873048 -4.916716575622559
		endloop
	endfacet
	facet normal 0.26433526774116795 -0.9486715954472908 -0.1736348761617235
		outer loop
			vertex 6.203104496002197 1.0000000000000009 -4.21559476852417
			vertex 7.4540252685546875 1.476879119873048 -4.916716575622559
			vertex 6.332459449768066 1.0000000000000009 -4.018669605255127
		endloop
	endfacet
	facet normal 0.716723456275177 0.5144491175582918 -0.47079676365546486
		outer loop
			vertex 6.332459449768066 1.0000000000000009 -4.018669605255127
			vertex 7.280947208404541 -0.8722736239433279 -4.620598316192627
			vertex 6.203104496002197 1.0000000000000009 -4.21559476852417
		endloop
	endfacet
	facet normal 0.7167237194471644 0.5144491700010204 -0.47079630570670755
		outer loop
			vertex 6.203104496002197 1.0000000000000009 -4.21559476852417
			vertex 7.280947208404541 -0.8722736239433279 -4.620598316192627
			vertex 7.209766387939453 -0.8905594944953908 -4.748942852020264
		endloop
	endfacet
	facet normal 0.7167218918758181 0.5144490261254838 -0.4707992451401016
		outer loop
			vertex 7.209766387939453 -0.8905594944953908 -4.748942852020264
			vertex 7.139889717102051 -0.8877350687980641 -4.852233409881592
			vertex 6.203104496002197 1.0000000000000009 -4.21559476852417
		endloop
	endfacet
	facet normal 0.7015788247132528 0.514449000374095 -0.49308151326942434
		outer loop
			vertex 6.203104496002197 1.0000000000000009 -4.21559476852417
			vertex 7.139889717102051 -0.8877350687980641 -4.852233409881592
			vertex 7.047598361968994 -0.8725189566612233 -4.967674255371094
		endloop
	endfacet
	facet normal 0.7015793161568459 0.5144489586496603 -0.4930808575529702
		outer loop
			vertex 6.203104496002197 1.0000000000000009 -4.21559476852417
			vertex 7.047598361968994 -0.8725189566612233 -4.967674255371094
			vertex 6.067627429962158 1.0000000000000009 -4.408358097076416
		endloop
	endfacet
	facet normal 0.25874991657224655 -0.9486715961545858 -0.18185346662454882
		outer loop
			vertex 6.067627429962158 1.0000000000000009 -4.408358097076416
			vertex 7.284518718719482 1.4719089269638073 -5.138704776763916
			vertex 6.203104496002197 1.0000000000000009 -4.21559476852417
		endloop
	endfacet
	facet normal 0.25875050949016637 -0.9486716207628457 -0.1818524946152089
		outer loop
			vertex 6.067627429962158 1.0000000000000009 -4.408358097076416
			vertex 7.205132484436035 1.4686777591705333 -5.234804153442383
			vertex 7.284518718719482 1.4719089269638073 -5.138704776763916
		endloop
	endfacet
	facet normal 0.2529104546586404 -0.9486716224141971 -0.18989063892244643
		outer loop
			vertex 6.067627429962158 1.0000000000000009 -4.408358097076416
			vertex 7.107151985168457 1.4663634300231945 -5.3537397384643555
			vertex 7.205132484436035 1.4686777591705333 -5.234804153442383
		endloop
	endfacet
	facet normal 0.25291067730317546 -0.9486716129922412 -0.1898903894586249
		outer loop
			vertex 5.9261627197265625 1.000000000000001 -4.596771717071533
			vertex 7.107151985168457 1.4663634300231945 -5.3537397384643555
			vertex 6.067627429962158 1.0000000000000009 -4.408358097076416
		endloop
	endfacet
	facet normal 0.6857467172447553 0.5144491398286162 -0.514872335941288
		outer loop
			vertex 6.067627429962158 1.0000000000000009 -4.408358097076416
			vertex 6.876991271972656 -0.8509298563003529 -5.179793357849121
			vertex 5.9261627197265625 1.000000000000001 -4.596771717071533
		endloop
	endfacet
	facet normal 0.6857466235342378 0.5144491331159059 -0.5148724674593559
		outer loop
			vertex 5.9261627197265625 1.000000000000001 -4.596771717071533
			vertex 6.876991271972656 -0.8509298563003529 -5.179793357849121
			vertex 6.8002238273620605 -0.8436483740806567 -5.2747626304626465
		endloop
	endfacet
	facet normal 0.6857471713575097 0.5144491020523188 -0.5148717688636049
		outer loop
			vertex 6.067627429962158 1.0000000000000009 -4.408358097076416
			vertex 6.970387935638428 -0.8597887754440297 -5.064251899719238
			vertex 6.876991271972656 -0.8509298563003529 -5.179793357849121
		endloop
	endfacet
	facet normal 0.25291035157061986 -0.9486715997421623 -0.1898908894893907
		outer loop
			vertex 5.9261627197265625 1.000000000000001 -4.596771717071533
			vertex 7.027183532714844 1.4644745588302623 -5.45081090927124
			vertex 7.107151985168457 1.4663634300231945 -5.3537397384643555
		endloop
	endfacet
	facet normal 0.7015810250879002 0.5144490867778433 -0.4930782923127466
		outer loop
			vertex 6.067627429962158 1.0000000000000009 -4.408358097076416
			vertex 7.047598361968994 -0.8725189566612233 -4.967674255371094
			vertex 6.970387935638428 -0.8597887754440297 -5.064251899719238
		endloop
	endfacet
	facet normal 0.7167185721639312 0.5144558777419442 -0.4707968119816251
		outer loop
			vertex 7.209766387939453 -0.8905594944953908 -4.748942852020264
			vertex 7.182060241699219 -0.8976772427558888 -4.798899173736572
			vertex 7.139889717102051 -0.8877350687980641 -4.852233409881592
		endloop
	endfacet
	facet normal 0.7311564930006164 0.5144491058261066 -0.4480539032948591
		outer loop
			vertex 6.332459449768066 1.0000000000000009 -4.018669605255127
			vertex 7.34006929397583 -0.8622665405273428 -4.512629985809326
			vertex 7.280947208404541 -0.8722736239433279 -4.620598316192627
		endloop
	endfacet
	facet normal 0.731156659701259 0.5144491196552794 -0.44805361538593286
		outer loop
			vertex 6.332459449768066 1.0000000000000009 -4.018669605255127
			vertex 7.411113262176514 -0.8502410054206838 -4.382889270782471
			vertex 7.34006929397583 -0.8622665405273428 -4.512629985809326
		endloop
	endfacet
	facet normal 0.7311562077468282 0.514449023164598 -0.4480544636963993
		outer loop
			vertex 6.455564975738525 1.0000000000000009 -3.8177802562713623
			vertex 7.411113262176514 -0.8502410054206838 -4.382889270782471
			vertex 6.332459449768066 1.0000000000000009 -4.018669605255127
		endloop
	endfacet
	facet normal 0.26965815524081493 -0.9486716140688888 -0.16524723287259552
		outer loop
			vertex 6.332459449768066 1.0000000000000009 -4.018669605255127
			vertex 7.586674690246582 1.469363808631898 -4.666563987731934
			vertex 6.455564975738525 1.0000000000000009 -3.8177802562713623
		endloop
	endfacet
	facet normal 0.26965865131989325 -0.9486715904841468 -0.16524655874364153
		outer loop
			vertex 6.455564975738525 1.0000000000000009 -3.8177802562713623
			vertex 7.586674690246582 1.469363808631898 -4.666563987731934
			vertex 7.65937614440918 1.4661911725997936 -4.529711723327637
		endloop
	endfacet
	facet normal 0.2696582129390061 -0.9486716167817129 -0.1652471231438323
		outer loop
			vertex 6.332459449768066 1.0000000000000009 -4.018669605255127
			vertex 7.527852535247803 1.471930742263795 -4.777289390563965
			vertex 7.586674690246582 1.469363808631898 -4.666563987731934
		endloop
	endfacet
	facet normal 0.26433481543479403 -0.9486716160807872 -0.17363545200137218
		outer loop
			vertex 6.332459449768066 1.0000000000000009 -4.018669605255127
			vertex 7.4540252685546875 1.476879119873048 -4.916716575622559
			vertex 7.527852535247803 1.471930742263795 -4.777289390563965
		endloop
	endfacet
	facet normal 0.25875054125209557 -0.9486715687411972 -0.1818527208041265
		outer loop
			vertex 6.203104496002197 1.0000000000000009 -4.21559476852417
			vertex 7.284518718719482 1.4719089269638073 -5.138704776763916
			vertex 7.384079456329346 1.4759613275527965 -5.018184185028076
		endloop
	endfacet
	facet normal 0.31435298006591694 -0.9486715924532277 -0.034704662452390365
		outer loop
			vertex 7.440860271453857 1.0000000000000002 -0.9399687051773069
			vertex 8.82327938079834 1.464468836784363 -1.1146087646484373
			vertex 8.83559799194336 1.4639512300491335 -0.9888783693313595
		endloop
	endfacet
	facet normal 0.3143529653316384 -0.948671584666704 -0.03470500876200154
		outer loop
			vertex 7.440860271453857 1.0000000000000002 -0.9399687051773069
			vertex 8.83559799194336 1.4639512300491335 -0.9888783693313595
			vertex 7.466714859008789 1.0000000000000002 -0.7057815790176389
		endloop
	endfacet
	facet normal 0.3143531078204359 -0.9486715639012173 -0.034704285741849
		outer loop
			vertex 7.466714859008789 1.0000000000000002 -0.7057815790176389
			vertex 8.83559799194336 1.4639512300491335 -0.9888783693313595
			vertex 8.850518226623535 1.4633241891860964 -0.8365894556045529
		endloop
	endfacet
	facet normal 0.31310763077032394 -0.9486715896115187 -0.04456261457039096
		outer loop
			vertex 7.440860271453857 1.0000000000000002 -0.9399687051773069
			vertex 8.80846881866455 1.4667818546295168 -1.2679120302200315
			vertex 8.82327938079834 1.464468836784363 -1.1146087646484373
		endloop
	endfacet
	facet normal 0.313107755217589 -0.9486715739623215 -0.04456207331862252
		outer loop
			vertex 7.407662391662598 1.0000000000000002 -1.1732279062271116
			vertex 8.80846881866455 1.4667818546295168 -1.2679120302200315
			vertex 7.440860271453857 1.0000000000000002 -0.9399687051773069
		endloop
	endfacet
	facet normal 0.31310771949711724 -0.9486715633787819 -0.04456254961032102
		outer loop
			vertex 7.407662391662598 1.0000000000000002 -1.1732279062271116
			vertex 8.796367645263672 1.468672037124634 -1.3931771516799925
			vertex 8.80846881866455 1.4667818546295168 -1.2679120302200315
		endloop
	endfacet
	facet normal 0.3115534299778491 -0.9486716012207884 0.05437511660882398
		outer loop
			vertex 7.407662391662598 0.9999999999999998 1.1732896566390993
			vertex 8.796361923217773 1.4686698913574217 1.3932379484176638
			vertex 8.784543991088867 1.471901178359985 1.5173268318176272
		endloop
	endfacet
	facet normal 0.3115536311580252 -0.9486715827516466 0.05437428612621025
		outer loop
			vertex 7.407662391662598 0.9999999999999998 1.1732896566390993
			vertex 8.784543991088867 1.471901178359985 1.5173268318176272
			vertex 7.367154598236084 0.9999999999999997 1.4053910970687868
		endloop
	endfacet
	facet normal 0.8447522095537618 0.5144489060832386 0.1474314331606272
		outer loop
			vertex 7.367154598236084 0.9999999999999997 1.4053910970687868
			vertex 8.496084213256836 -0.8724874854087833 1.4707323312759397
			vertex 7.407662391662598 0.9999999999999998 1.1732896566390993
		endloop
	endfacet
	facet normal 0.8447514108873191 0.5144490750825693 0.14743541959302978
		outer loop
			vertex 7.407662391662598 0.9999999999999998 1.1732896566390993
			vertex 8.496084213256836 -0.8724874854087833 1.4707323312759397
			vertex 8.50977897644043 -0.8597576022148136 1.3478477001190183
		endloop
	endfacet
	facet normal 0.8489662422054386 0.5144490826359605 0.12082409101911556
		outer loop
			vertex 7.407662391662598 0.9999999999999998 1.1732896566390993
			vertex 8.50977897644043 -0.8597576022148136 1.3478477001190183
			vertex 8.525437355041504 -0.8508986830711367 1.2001048326492307
		endloop
	endfacet
	facet normal 0.844752766307128 0.5144491060784464 0.1474275451587739
		outer loop
			vertex 7.367154598236084 0.9999999999999997 1.4053910970687868
			vertex 8.479715347290039 -0.8877039551734928 1.6176230907440183
			vertex 8.496084213256836 -0.8724874854087833 1.4707323312759397
		endloop
	endfacet
	facet normal 0.839702899443205 0.5144491006835509 0.17389986622352682
		outer loop
			vertex 8.456087112426758 -0.8905275464057926 1.7400687932968137
			vertex 8.479715347290039 -0.8877039551734928 1.6176230907440183
			vertex 7.367154598236084 0.9999999999999997 1.4053910970687868
		endloop
	endfacet
	facet normal 0.839690320854153 0.514470286680969 0.17389792749268643
		outer loop
			vertex 8.456087112426758 -0.8905275464057926 1.7400687932968137
			vertex 8.471821784973145 -0.8976455330848697 1.6851500272750852
			vertex 8.479715347290039 -0.8877039551734928 1.6176230907440183
		endloop
	endfacet
	facet normal 0.31155368446161574 -0.9486715998101353 0.05437368308355235
		outer loop
			vertex 7.367154598236084 0.9999999999999997 1.4053910970687868
			vertex 8.784543991088867 1.471901178359985 1.5173268318176272
			vertex 8.769723892211914 1.4759534597396846 1.6729451417922976
		endloop
	endfacet
	facet normal 0.3131078022529908 -0.9486715999810355 0.044561188917311235
		outer loop
			vertex 7.407662391662598 0.9999999999999998 1.1732896566390993
			vertex 8.811179161071777 1.4663556814193723 1.2398574352264407
			vertex 8.796361923217773 1.4686698913574217 1.3932379484176638
		endloop
	endfacet
	facet normal 0.3131077520382644 -0.948671575032908 0.04456207286613518
		outer loop
			vertex 7.440860271453857 0.9999999999999998 0.9400304555892947
			vertex 8.811179161071777 1.4663556814193723 1.2398574352264407
			vertex 7.407662391662598 0.9999999999999998 1.1732896566390993
		endloop
	endfacet
	facet normal 0.3131079587499229 -0.9486715528089841 0.04456109355085176
		outer loop
			vertex 7.440860271453857 0.9999999999999998 0.9400304555892947
			vertex 8.823272705078125 1.4644668102264402 1.1146696805953982
			vertex 8.811179161071777 1.4663556814193723 1.2398574352264407
		endloop
	endfacet
	facet normal 0.3096786738341585 -0.9486759815157377 0.06413268330164036
		outer loop
			vertex 8.747432708740234 1.4768708944320674 1.7941540479660036
			vertex 8.769723892211914 1.4759534597396846 1.6729451417922976
			vertex 8.763138771057129 1.478546261787414 1.7430965900421145
		endloop
	endfacet
	facet normal -0.181852332469586 -0.9486716148238997 -0.2587506452219701
		outer loop
			vertex -4.408389568328857 1.0000000000000013 -6.067595958709717
			vertex -5.234837532043457 1.4686791896820084 -7.205104827880859
			vertex -5.138738632202148 1.4719104766845719 -7.284491062164307
		endloop
	endfacet
	facet normal -0.4930786582337343 0.5144490448371493 -0.7015807986686674
		outer loop
			vertex -4.215625286102295 1.0000000000000013 -6.203073024749756
			vertex -4.852266311645508 -0.8877418041229233 -7.139861583709717
			vertex -4.967707633972168 -0.8725251555442795 -7.04757022857666
		endloop
	endfacet
	facet normal -0.47080005054346663 0.5144490522767284 -0.7167213440520976
		outer loop
			vertex -4.215625286102295 1.0000000000000013 -6.203073024749756
			vertex -4.748978614807129 -0.8905779123306259 -7.209744930267334
			vertex -4.852266311645508 -0.8877418041229233 -7.139861583709717
		endloop
	endfacet
	facet normal -0.47080221278481865 0.5144429652772868 -0.7167242928167222
		outer loop
			vertex -4.852266311645508 -0.8877418041229233 -7.139861583709717
			vertex -4.748978614807129 -0.8905779123306259 -7.209744930267334
			vertex -4.798898220062256 -0.8976903557777389 -7.182058811187744
		endloop
	endfacet
	facet normal -0.18989092758768725 -0.9486716143698688 -0.25291026809672046
		outer loop
			vertex -4.408389568328857 1.0000000000000013 -6.067595958709717
			vertex -5.353774070739746 1.466364979743959 -7.107123851776123
			vertex -5.234837532043457 1.4686791896820084 -7.205104827880859
		endloop
	endfacet
	facet normal -0.13913595744741775 -0.9486716012373708 0.2840129897573582
		outer loop
			vertex -3.1933445930480957 0.9999999999999984 6.786233901977539
			vertex -3.790273904800415 1.4673229455947858 8.054773330688477
			vertex -3.901329278945923 1.4657740592956525 7.995194435119629
		endloop
	endfacet
	facet normal -0.3772562848042317 0.5144490786748537 0.7700778149163258
		outer loop
			vertex -3.404928684234619 0.9999999999999986 6.68257999420166
			vertex -3.9065113067626953 -0.8413850069046037 7.666991710662842
			vertex -3.7751288414001465 -0.8486298918724077 7.736195087432861
		endloop
	endfacet
	facet normal -0.13014658669435003 -0.9486715982513203 0.28824306521249654
		outer loop
			vertex -3.1933445930480957 0.9999999999999984 6.786233901977539
			vertex -3.6533071994781494 1.470931410789488 8.12849235534668
			vertex -3.790273904800415 1.4673229455947858 8.054773330688477
		endloop
	endfacet
	facet normal -0.12100458014929077 -0.9486881724113558 0.29214490087916234
		outer loop
			vertex -3.4024860858917236 1.4780395030975324 8.2597017288208
			vertex -3.4192111492156982 1.4786344766616804 8.254706382751465
			vertex -3.5431551933288574 1.4738335609436017 8.187779426574707
		endloop
	endfacet
	facet normal -0.12102987431457879 -0.9486716059953963 0.2921882158840646
		outer loop
			vertex -2.7609341144561768 0.9999999999999984 6.973354339599609
			vertex -3.2842226028442383 1.4738328456878644 8.29503059387207
			vertex -3.4024860858917236 1.4780395030975324 8.2597017288208
		endloop
	endfacet
	facet normal -0.11179120749848984 -0.9486716143693182 0.29584606472951624
		outer loop
			vertex -2.7609341144561768 0.9999999999999984 6.973354339599609
			vertex -3.135143280029297 1.4702217578887922 8.339783668518066
			vertex -3.2842226028442383 1.4738328456878644 8.29503059387207
		endloop
	endfacet
	facet normal -0.11179141964391137 -0.9486716081550481 0.2958460044930705
		outer loop
			vertex -2.540534496307373 0.9999999999999984 7.056636810302734
			vertex -3.135143280029297 1.4702217578887922 8.339783668518066
			vertex -2.7609341144561768 0.9999999999999984 6.973354339599609
		endloop
	endfacet
	facet normal -0.11179082464370914 -0.948671593912449 0.2958462749961421
		outer loop
			vertex -2.540534496307373 0.9999999999999984 7.056636810302734
			vertex -3.0154335498809814 1.467322111129759 8.375720024108887
			vertex -3.135143280029297 1.4702217578887922 8.339783668518066
		endloop
	endfacet
	facet normal -0.3281599697804404 0.5144490528662848 0.7922456729062538
		outer loop
			vertex -2.978609085083008 0.9999999999999984 6.883190631866455
			vertex -3.426490068435669 -0.8795718550682086 7.918181896209717
			vertex -3.2954258918762207 -0.8965459465980548 7.983492851257324
		endloop
	endfacet
	facet normal -0.32815093771614434 0.514473101206226 0.7922337976956445
		outer loop
			vertex -3.2954258918762207 -0.8965459465980548 7.983492851257324
			vertex -3.426490068435669 -0.8795718550682086 7.918181896209717
			vertex -3.3055248260498047 -0.897982597351076 7.980242729187012
		endloop
	endfacet
	facet normal -0.30311332306423927 0.5144491339374802 0.8021623289409263
		outer loop
			vertex -2.7609341144561768 0.9999999999999984 6.973354339599609
			vertex -3.034921407699585 -0.8659301996231097 8.066495895385742
			vertex -2.540534496307373 0.9999999999999984 7.056636810302734
		endloop
	endfacet
	facet normal -0.10244293361525156 -0.9486715928198012 0.2992117215769502
		outer loop
			vertex -2.540534496307373 0.9999999999999984 7.056636810302734
			vertex -2.8682663440704346 1.4654331207275373 8.420117378234863
			vertex -3.0154335498809814 1.467322111129759 8.375720024108887
		endloop
	endfacet
	facet normal -0.09299543255694646 -0.94867163497162 0.3022812903965776
		outer loop
			vertex -2.092433214187622 0.9999999999999984 7.20223331451416
			vertex -2.4803733825683594 1.4635035991668681 8.537532806396484
			vertex -2.601294994354248 1.4636762142181377 8.500873565673828
		endloop
	endfacet
	facet normal -0.08345204438386104 -0.9486716367013234 0.3050539001661614
		outer loop
			vertex -2.092433214187622 0.9999999999999984 7.20223331451416
			vertex -2.3336644172668457 1.4649697542190532 8.582226753234863
			vertex -2.4803733825683594 1.4635035991668681 8.537532806396484
		endloop
	endfacet
	facet normal -0.08345378119788127 -0.9486715869358534 0.30505357979277303
		outer loop
			vertex -1.8651741743087769 0.9999999999999983 7.264404773712158
			vertex -2.3336644172668457 1.4649697542190532 8.582226753234863
			vertex -2.092433214187622 0.9999999999999984 7.20223331451416
		endloop
	endfacet
	facet normal -0.0834536002580168 -0.9486715826545152 0.3050536426069236
		outer loop
			vertex -1.8651741743087769 0.9999999999999983 7.264404773712158
			vertex -2.2129738330841064 1.4661757946014384 8.61899471282959
			vertex -2.3336644172668457 1.4649697542190532 8.582226753234863
		endloop
	endfacet
	facet normal -0.25214203404707725 0.514449161288276 0.8196136011050524
		outer loop
			vertex -2.317627429962158 0.9999999999999984 7.1329545974731445
			vertex -2.659038543701172 -0.8413823246955889 8.183710098266602
			vertex -2.516592025756836 -0.8405751585960406 8.227025032043457
		endloop
	endfacet
	facet normal -0.03044405041098018 0.9962044748753888 0.08154633059080248
		outer loop
			vertex -2.400425434112549 -0.839916706085207 8.262350082397461
			vertex -2.516592025756836 -0.8405751585960406 8.227025032043457
			vertex -2.4491307735443115 -0.8401927947998065 8.247539520263672
		endloop
	endfacet
	facet normal -0.22627805959763606 0.514449265795763 0.8271276761582392
		outer loop
			vertex -2.092433214187622 0.9999999999999984 7.20223331451416
			vertex -2.2579944133758545 -0.845556616783144 8.30482292175293
			vertex -1.8651741743087769 0.9999999999999983 7.264404773712158
		endloop
	endfacet
	facet normal -0.07383062460397648 -0.9486715866737575 0.307524404736408
		outer loop
			vertex -1.8651741743087769 0.9999999999999983 7.264404773712158
			vertex -2.0648019313812256 1.4693481922149638 8.66435432434082
			vertex -2.2129738330841064 1.4661757946014384 8.61899471282959
		endloop
	endfacet
	facet normal -0.06413404827534874 -0.9486715748259807 0.3096918903830211
		outer loop
			vertex -1.4053598642349243 0.9999999999999983 7.367185115814209
			vertex -1.6729087829589844 1.475943922996519 8.769725799560547
			vertex -1.7941209077835083 1.4768636226654033 8.747441291809082
		endloop
	endfacet
	facet normal -0.20018949381778678 0.5144491144265382 0.8338262860037031
		outer loop
			vertex -1.6360743045806885 0.9999999999999983 7.319406509399414
			vertex -1.999267578125 -0.8622058629989643 8.381141662597656
			vertex -1.8811205625534058 -0.872212529182436 8.415680885314941
		endloop
	endfacet
	facet normal -0.14743329494081128 0.5144489736870376 0.8447518434518206
		outer loop
			vertex -1.4053598642349243 0.9999999999999983 7.367185115814209
			vertex -1.617587924003601 -0.887666106224062 8.47972297668457
			vertex -1.4706952571868896 -0.8724489808082599 8.496092796325684
		endloop
	endfacet
	facet normal -0.054374754958894114 -0.9486715743818481 0.3115535748198473
		outer loop
			vertex -1.4053598642349243 0.9999999999999983 7.367185115814209
			vertex -1.5172935724258423 1.4718916416168193 8.7845458984375
			vertex -1.6729087829589844 1.475943922996519 8.769725799560547
		endloop
	endfacet
	facet normal -0.044563527418091525 -0.9486716068519778 0.31310744861300205
		outer loop
			vertex -0.9399992227554321 0.9999999999999983 7.440891265869141
			vertex -1.1146348714828491 1.4644570350646953 8.823275566101074
			vertex -1.239824891090393 1.466346025466917 8.81118106842041
		endloop
	endfacet
	facet normal -0.12082305904990918 0.5144491532532808 0.8489663462816441
		outer loop
			vertex -1.1732585430145264 0.9999999999999983 7.407693386077881
			vertex -1.3478130102157593 -0.8597193956375141 8.509787559509277
			vertex -1.2000683546066284 -0.8508603572845478 8.525445938110352
		endloop
	endfacet
	facet normal -0.034703187455996536 -0.9486716071309711 0.31435309860717864
		outer loop
			vertex -0.9399992227554321 0.9999999999999983 7.440891265869141
			vertex -0.9623271226882935 1.4638301134109477 8.838197708129883
			vertex -1.1146348714828491 1.4644570350646953 8.823275566101074
		endloop
	endfacet
	facet normal -0.024812848995570274 -0.9486715835348012 0.3152880415085481
		outer loop
			vertex -0.4709289073944092 0.9999999999999983 7.485231399536133
			vertex -0.558563232421875 1.4652204513549785 8.878138542175293
			vertex -0.684214174747467 1.4643583297729472 8.865655899047852
		endloop
	endfacet
	facet normal 0.01668163556347608 -0.9949273844675391 -0.09920293680889117
		outer loop
			vertex -0.684214174747467 1.4643583297729472 8.865655899047852
			vertex -0.558563232421875 1.4652204513549785 8.878138542175293
			vertex -0.6244279146194458 1.4647685289382915 8.87159538269043
		endloop
	endfacet
	facet normal -0.06728489773873102 0.514448980648296 0.8548771776379445
		outer loop
			vertex -0.8096618056297302 -0.8391827344894428 8.565357208251953
			vertex -0.6615940928459167 -0.8432142138481159 8.579437255859375
			vertex -0.7058123350143433 0.9999999999999983 7.466745376586914
		endloop
	endfacet
	facet normal 0.026467832731916486 0.9996186295763122 0.007877133644356413
		outer loop
			vertex -0.8096618056297302 -0.8391827344894428 8.565357208251953
			vertex -0.7930155396461487 -0.8396359682083149 8.566940307617188
			vertex -0.6615940928459167 -0.8432142138481159 8.579437255859375
		endloop
	endfacet
	facet normal -0.01489828387348896 -0.9486715806563365 0.3159118123664156
		outer loop
			vertex -0.4709289073944092 0.9999999999999983 7.485231399536133
			vertex -0.40489208698272705 1.4679614305496196 8.893616676330566
			vertex -0.558563232421875 1.4652204513549785 8.878138542175293
		endloop
	endfacet
	facet normal -0.004612661349676164 -0.948683253221414 0.3161942573996369
		outer loop
			vertex 0.03926829248666763 0.9999999999999983 7.500339508056641
			vertex 0.016761433333158493 1.4776300191879252 8.933053016662598
			vertex -0.12750864028930664 1.4745683670043925 8.921762466430664
		endloop
	endfacet
	facet normal -0.040397136911262094 0.5144491472641921 0.8565688216416228
		outer loop
			vertex -0.2355806976556778 0.9999999999999983 7.496330261230469
			vertex -0.39294594526290894 -0.8569495677948017 8.604179382324219
			vertex -0.2707405388355255 -0.8655950427055378 8.615135192871094
		endloop
	endfacet
	facet normal -0.013626618968516633 0.5145378198802785 0.857359403732377
		outer loop
			vertex -0.09990241378545761 -0.8853667378425617 8.62948989868164
			vertex -5.384581669432009e-15 -0.8967462182045002 8.637907028198242
			vertex 0.021424470469355583 -0.8933661580085773 8.636219024658203
		endloop
	endfacet
	facet normal 0.004796310677278453 -0.9486380866529751 0.3163270079447371
		outer loop
			vertex 0.03926829248666763 0.9999999999999983 7.500339508056641
			vertex 0.17669381201267242 1.4729927778243999 8.91672134399414
			vertex 0.016761433333158493 1.4776300191879252 8.933053016662598
		endloop
	endfacet
	facet normal 0.014898780011049549 -0.9486715828076224 0.3159117825081284
		outer loop
			vertex 0.4709289073944092 0.9999999999999983 7.485231399536133
			vertex 0.5585631728172302 1.4652204513549785 8.878138542175293
			vertex 0.43364784121513367 1.4674484729766826 8.89072036743164
		endloop
	endfacet
	facet normal 0.04039781701423487 0.5144491546296696 0.8565687851429696
		outer loop
			vertex 0.2355806976556778 0.9999999999999983 7.496330261230469
			vertex 0.2707405388355255 -0.865594983100893 8.615135192871094
			vertex 0.41857102513313293 -0.8551366925239582 8.601881980895996
		endloop
	endfacet
	facet normal 0.06727911869447555 0.5144491056388896 0.8548775572531082
		outer loop
			vertex 0.4709289073944092 0.9999999999999983 7.485231399536133
			vertex 0.5404949188232422 -0.8465111255645771 8.590951919555664
			vertex 0.6886729001998901 -0.8424765467643757 8.576862335205078
		endloop
	endfacet
	facet normal 0.024813428363096947 -0.9486715804813879 0.31528800509980603
		outer loop
			vertex 0.4709289073944092 0.9999999999999983 7.485231399536133
			vertex 0.711003839969635 1.46417450904846 8.862994194030762
			vertex 0.5585631728172302 1.4652204513549785 8.878138542175293
		endloop
	endfacet
	facet normal 0.03470397355111823 -0.9486716108653334 0.3143530005550084
		outer loop
			vertex 0.9399992227554321 0.9999999999999983 7.440891265869141
			vertex 1.1146348714828491 1.4644570350646953 8.823275566101074
			vertex 0.9889019727706909 1.4639394283294658 8.835594177246094
		endloop
	endfacet
	facet normal 0.09409809091451483 0.514448993845163 0.8523425262287124
		outer loop
			vertex 0.7058123350143433 0.9999999999999983 7.466745376586914
			vertex 0.8096617460250854 -0.8391825556755085 8.565357208251953
			vertex 0.9577294588088989 -0.8416026234626789 8.550471305847168
		endloop
	endfacet
	facet normal 0.1208263485774069 0.5144489161421836 0.8489660217992139
		outer loop
			vertex 0.9399992227554321 0.9999999999999983 7.440891265869141
			vertex 1.2261416912078857 -0.8524235486984272 8.522682189941406
			vertex 1.1732585430145264 0.9999999999999983 7.407693386077881
		endloop
	endfacet
	facet normal 0.05437465723612973 -0.948671573249653 0.3115535953226694
		outer loop
			vertex 1.1732585430145264 0.9999999999999983 7.407693386077881
			vertex 1.548705816268921 1.4727095365524272 8.781554222106934
			vertex 1.3932024240493774 1.4686602354049663 8.796363830566406
		endloop
	endfacet
	facet normal 0.06413361151678601 -0.9486719636898704 0.3096907896315606
		outer loop
			vertex 1.6729087829589844 1.475943922996519 8.769725799560547
			vertex 1.8265119791030884 1.475800633430479 8.73747730255127
			vertex 1.7430963516235352 1.478537917137144 8.763136863708496
		endloop
	endfacet
	facet normal 0.06413217099124346 -0.9486716207214427 0.30969213855327554
		outer loop
			vertex 1.6360743045806885 0.9999999999999983 7.319406509399414
			vertex 1.944909691810608 1.47191536426544 8.701057434082031
			vertex 1.8265119791030884 1.475800633430479 8.73747730255127
		endloop
	endfacet
	facet normal 0.14743234842222605 0.5144489670234972 0.8447520127038256
		outer loop
			vertex 1.4053598642349243 0.9999999999999983 7.367185115814209
			vertex 1.4943056106567383 -0.8748950362205524 8.493461608886719
			vertex 1.617587924003601 -0.887666106224062 8.47972297668457
		endloop
	endfacet
	facet normal 0.17389283613106565 0.5144491419363353 0.8397043300491327
		outer loop
			vertex 1.6360743045806885 0.9999999999999983 7.319406509399414
			vertex 1.761205792427063 -0.8877550959587116 8.45003604888916
			vertex 1.8811205625534058 -0.872212529182436 8.415680885314941
		endloop
	endfacet
	facet normal 0.2001830345617666 0.5144491604234706 0.8338278083712661
		outer loop
			vertex 1.6360743045806885 0.9999999999999983 7.319406509399414
			vertex 1.8811205625534058 -0.872212529182436 8.415680885314941
			vertex 2.0234105587005615 -0.8601604104042072 8.37408447265625
		endloop
	endfacet
	facet normal 0.07383107142925804 -0.948671624714951 0.30752418010995974
		outer loop
			vertex 1.6360743045806885 0.9999999999999983 7.319406509399414
			vertex 2.0931761264801025 1.4687408208847026 8.655668258666992
			vertex 1.944909691810608 1.47191536426544 8.701057434082031
		endloop
	endfacet
	facet normal 0.08345187802210746 -0.9486716113858152 0.30505402440424234
		outer loop
			vertex 2.092433214187622 0.9999999999999984 7.20223331451416
			vertex 2.4803733825683594 1.4635037183761577 8.537532806396484
			vertex 2.3597326278686523 1.4647091627120952 8.574284553527832
		endloop
	endfacet
	facet normal 0.22628176415475967 0.5144490636894519 0.827126788394655
		outer loop
			vertex 1.8651741743087769 0.9999999999999983 7.264404773712158
			vertex 2.141246795654297 -0.8501800894737263 8.33963680267334
			vertex 2.2838258743286133 -0.8445343375206013 8.297119140625
		endloop
	endfacet
	facet normal 0.09299498717893982 -0.9486716128602072 0.30228149680852495
		outer loop
			vertex 2.092433214187622 0.9999999999999984 7.20223331451416
			vertex 2.626743793487549 1.4637125730514509 8.493158340454102
			vertex 2.4803733825683594 1.4635037183761577 8.537532806396484
		endloop
	endfacet
	facet normal -0.18971516337983774 0.7805049072498078 -0.5956678995402813
		outer loop
			vertex 2.7476727962493896 1.4638851881027204 8.456497192382812
			vertex 2.8947768211364746 1.4657733440399152 8.41211986541748
			vertex 2.8181188106536865 1.464789390563963 8.435245513916016
		endloop
	endfacet
	facet normal 0.10244369113431483 -0.9486715966117638 0.2992114501967867
		outer loop
			vertex 2.540534496307373 0.9999999999999984 7.056636810302734
			vertex 3.0154335498809814 1.467322111129759 8.375720024108887
			vertex 2.8947768211364746 1.4657733440399152 8.41211986541748
		endloop
	endfacet
	facet normal 0.2777649416321432 0.5144491761952688 0.8112882855755416
		outer loop
			vertex 2.540534496307373 0.9999999999999984 7.056636810302734
			vertex 2.8008744716644287 -0.8486268520355242 8.139742851257324
			vertex 2.9174647331237793 -0.8545819520950335 8.103601455688477
		endloop
	endfacet
	facet normal 0.2521461344943693 0.5144491910610829 0.8196123209640914
		outer loop
			vertex 2.5428507328033447 -0.8407238125801104 8.219040870666504
			vertex 2.659038543701172 -0.8413823246955889 8.183710098266602
			vertex 2.317627429962158 0.9999999999999984 7.1329545974731445
		endloop
	endfacet
	facet normal 0.3772568469159926 0.5144490666199748 0.7700775475942929
		outer loop
			vertex 3.1933445930480957 0.9999999999999984 6.786233901977539
			vertex 3.7986886501312256 -0.8473306894302385 7.723785400390625
			vertex 3.404928684234619 0.9999999999999986 6.68257999420166
		endloop
	endfacet
	facet normal 0.14798834797377264 -0.9486715798159108 0.2795025626243488
		outer loop
			vertex 3.404928684234619 0.9999999999999986 6.68257999420166
			vertex 4.171611785888672 1.4636770486831647 7.850430011749268
			vertex 4.0367279052734375 1.4638859033584577 7.922555923461914
		endloop
	endfacet
	facet normal 0.20096564985857399 0.8963093535586851 0.39527503121261415
		outer loop
			vertex 4.2830376625061035 1.4635044336318952 7.790847301483154
			vertex 4.418380260467529 1.4649705886840803 7.718711853027344
			vertex 4.409615993499756 1.4648756980895978 7.723382949829102
		endloop
	endfacet
	facet normal 0.15669506515323794 -0.948671599309667 0.274715950064537
		outer loop
			vertex 3.817810535430908 0.9999999999999986 6.455595970153809
			vertex 4.529720306396484 1.4661766290664655 7.659369468688965
			vertex 4.418380260467529 1.4649705886840803 7.718711853027344
		endloop
	endfacet
	facet normal 0.42486574958458473 0.5144490727152737 0.744869952684577
		outer loop
			vertex 3.613152503967285 0.9999999999999986 6.572330951690674
			vertex 4.144985198974609 -0.8399199247360246 7.539731502532959
			vertex 4.275732040405273 -0.8455601930618303 7.469050407409668
		endloop
	endfacet
	facet normal 0.1652473484213469 -0.9486715975908583 0.26965814240278874
		outer loop
			vertex 3.817810535430908 0.9999999999999986 6.455595970153809
			vertex 4.666567802429199 1.46934926509857 7.586670398712158
			vertex 4.529720306396484 1.4661766290664655 7.659369468688965
		endloop
	endfacet
	facet normal 0.1736349998263852 -0.9486716131034448 0.2643351231429512
		outer loop
			vertex 4.215625286102295 0.9999999999999987 6.203135013580322
			vertex 5.018189907073975 1.475946187973021 7.384072780609131
			vertex 4.916719913482666 1.476864337921141 7.454020977020264
		endloop
	endfacet
	facet normal 0.4707995406102133 0.5144490341240926 0.7167216920465017
		outer loop
			vertex 4.215625286102295 0.9999999999999987 6.203135013580322
			vertex 4.620611190795898 -0.8722157478332536 7.280948638916016
			vertex 4.74895715713501 -0.8905026912689225 7.209766864776611
		endloop
	endfacet
	facet normal 0.44805261833951215 0.5144490441890884 0.7311573237901956
		outer loop
			vertex 4.018701076507568 0.9999999999999986 6.33249044418335
			vertex 4.3829026222229 -0.8501834869384782 7.41111421585083
			vertex 4.512645721435547 -0.8622087240219133 7.340068817138672
		endloop
	endfacet
	facet normal 0.5148721381770585 0.514448996719768 0.6857469730906642
		outer loop
			vertex 4.408389568328857 0.9999999999999987 6.067658424377441
			vertex 5.0642619132995605 -0.8597283959388748 6.970389366149902
			vertex 5.179805278778076 -0.8508695960044876 6.876991271972656
		endloop
	endfacet
	facet normal 0.18989072730921563 -0.9486715785525193 0.2529105528218393
		outer loop
			vertex 4.408389568328857 0.9999999999999987 6.067658424377441
			vertex 5.353740215301514 1.4663482904434189 7.10714864730835
			vertex 5.234808444976807 1.4686626195907577 7.2051262855529785
		endloop
	endfacet
	facet normal 0.19774115799080683 -0.9486715999833327 0.2468210481736074
		outer loop
			vertex 4.780679702758789 0.9999999999999987 5.7788801193237305
			vertex 5.666663646697998 1.4633148908615097 6.849851131439209
			vertex 5.569064617156982 1.4638323783874496 6.930031776428223
		endloop
	endfacet
	facet normal 0.5361586962611441 0.5144489946449324 0.6692354476059741
		outer loop
			vertex 4.596802711486816 0.9999999999999987 5.926193714141846
			vertex 5.274771690368652 -0.8435883522033707 6.800225734710693
			vertex 5.390048503875732 -0.8411670923233047 6.706010341644287
		endloop
	endfacet
	facet normal 0.2053963642571644 -0.948671598260154 0.24048811239739734
		outer loop
			vertex 4.780679702758789 0.9999999999999987 5.7788801193237305
			vertex 5.785135746002197 1.4643607139587387 6.752791881561279
			vertex 5.666663646697998 1.4633148908615097 6.849851131439209
		endloop
	endfacet
	facet normal -0.178637102475483 -0.9570482613257862 -0.2283580765211806
		outer loop
			vertex 5.882811069488525 1.46522283554077 6.6727705001831055
			vertex 5.831628322601318 1.4647710323333725 6.714702606201172
			vertex 5.785135746002197 1.4643607139587387 6.752791881561279
		endloop
	endfacet
	facet normal 0.22009073835370158 -0.948671590262211 0.22711732809341117
		outer loop
			vertex 5.303300857543945 0.9999999999999988 5.3033318519592285
			vertex 6.3178277015686035 1.47825253009796 6.317858695983887
			vertex 6.2213873863220215 1.4746892452239977 6.3964314460754395
		endloop
	endfacet
	facet normal 0.5771222021205259 0.5144491185011162 0.6342492162336345
		outer loop
			vertex 4.9598388671875 0.9999999999999988 5.625864028930664
			vertex 5.692514419555664 -0.8465206623077407 6.456921577453613
			vertex 5.134103298187256 0.9999999999999988 5.4672956466674805
		endloop
	endfacet
	facet normal 0.5967605028519682 0.5144490305314088 0.6158076787611206
		outer loop
			vertex 5.303300857543945 0.9999999999999988 5.3033318519592285
			vertex 5.900360107421875 -0.8656047582626357 6.283276081085205
			vertex 6.0127339363098145 -0.8823412060737623 6.18835973739624
		endloop
	endfacet
	facet normal 0.22711696190080702 -0.9486715927069977 0.22009110569878915
		outer loop
			vertex 5.303300857543945 0.9999999999999988 5.3033318519592285
			vertex 6.417037010192871 1.4737550020217882 6.196096420288086
			vertex 6.3178277015686035 1.47825253009796 6.317858695983887
		endloop
	endfacet
	facet normal 0.2172677333252545 -0.9527636352683229 0.21221731165481372
		outer loop
			vertex 6.3178277015686035 1.47825253009796 6.317858695983887
			vertex 6.417037010192871 1.4737550020217882 6.196096420288086
			vertex 6.317844867706299 1.478253364562987 6.317844867706299
		endloop
	endfacet
	facet normal 0.23391817907101892 -0.948671583690921 0.2128485654108544
		outer loop
			vertex 5.625833034515381 0.9999999999999989 4.959869861602783
			vertex 6.67274284362793 1.4652243852615343 5.882844924926758
			vertex 6.593311309814453 1.4674524068832384 5.980069637298584
		endloop
	endfacet
	facet normal 0.6342491534853321 0.5144490667817999 0.5771223171828265
		outer loop
			vertex 5.467264652252197 0.9999999999999989 5.134134292602539
			vertex 6.283247470855713 -0.8656107187271131 5.900393486022949
			vertex 6.378407955169678 -0.8551524281501783 5.7864909172058105
		endloop
	endfacet
	facet normal 0.2404881403158867 -0.9486715822059618 0.20539640571890158
		outer loop
			vertex 5.625833034515381 0.9999999999999989 4.959869861602783
			vertex 6.769826412200928 1.4641783237457262 5.76434326171875
			vertex 6.67274284362793 1.4652243852615343 5.882844924926758
		endloop
	endfacet
	facet normal 0.246820733834623 -0.948671595804613 0.19774157039648285
		outer loop
			vertex 5.9261627197265625 0.999999999999999 4.5968337059021
			vertex 7.027151107788086 1.4644608497619618 5.450847625732422
			vertex 6.946955680847168 1.4639433622360216 5.548464775085449
		endloop
	endfacet
	facet normal 0.66923491128778 0.5144491421409514 0.5361592241713992
		outer loop
			vertex 6.629125118255615 -0.8391977548599255 5.484119892120361
			vertex 6.7232985496521 -0.8416178822517407 5.368894577026367
			vertex 5.778849124908447 0.9999999999999989 4.780710697174072
		endloop
	endfacet
	facet normal -0.27145340477424634 -0.9409946706773598 -0.20209423245920857
		outer loop
			vertex 6.629125118255615 -0.8391977548599255 5.484119892120361
			vertex 6.682434558868408 -0.8405677080154431 5.418893337249756
			vertex 6.7232985496521 -0.8416178822517407 5.368894577026367
		endloop
	endfacet
	facet normal 0.6857461164920313 0.5144490879299156 0.5148731879251195
		outer loop
			vertex 5.9261627197265625 0.999999999999999 4.5968337059021
			vertex 6.893444538116455 -0.8524385690689098 5.159449100494385
			vertex 6.067627429962158 0.999999999999999 4.408420562744141
		endloop
	endfacet
	facet normal 0.25875018115959736 -0.9486715940161711 0.1818531013117257
		outer loop
			vertex 6.067627429962158 0.999999999999999 4.408420562744141
			vertex 7.3045854568481445 1.4727133512496937 5.114411354064941
			vertex 7.205099105834961 1.4686640501022328 5.234841823577881
		endloop
	endfacet
	facet normal 0.2643359462388754 -0.948671270202678 0.17363562024548979
		outer loop
			vertex 7.384045600891113 1.475947618484496 5.018223285675049
			vertex 7.469860553741455 1.4758057594299305 4.886806964874268
			vertex 7.42902946472168 1.4785424470901478 4.963918685913086
		endloop
	endfacet
	facet normal 0.2643346947527797 -0.9486715951857115 0.1736357498839236
		outer loop
			vertex 6.332459449768066 0.9999999999999991 4.018732070922852
			vertex 7.52782678604126 1.471920609474181 4.777335166931152
			vertex 7.469860553741455 1.4758057594299305 4.886806964874268
		endloop
	endfacet
	facet normal 0.7015791817302753 0.5144490848192473 0.4930809171843058
		outer loop
			vertex 6.203104496002197 0.9999999999999991 4.215656280517578
			vertex 7.062403202056885 -0.8749098181724559 4.9491658210754395
			vertex 7.139863014221191 -0.8876808881759655 4.852276802062988
		endloop
	endfacet
	facet normal 0.7167207545285732 0.5144530866502515 0.47079653956249684
		outer loop
			vertex 7.139863014221191 -0.8876808881759655 4.852276802062988
			vertex 7.182065010070801 -0.8976305127143871 4.79890251159668
			vertex 7.220426082611084 -0.8877755403518687 4.729734420776367
		endloop
	endfacet
	facet normal 0.26965859618392246 -0.9486715950363539 0.16524662258362927
		outer loop
			vertex 6.332459449768066 0.9999999999999991 4.018732070922852
			vertex 7.60057258605957 1.4687459468841542 4.640398979187012
			vertex 7.52782678604126 1.471920609474181 4.777335166931152
		endloop
	endfacet
	facet normal 0.2747159558912166 -0.9486715941502637 0.15669508617430344
		outer loop
			vertex 6.572299957275391 0.9999999999999992 3.6131832599639893
			vertex 7.790827751159668 1.4635088443756095 4.283074378967285
			vertex 7.731510639190674 1.4647144079208365 4.394367218017578
		endloop
	endfacet
	facet normal 0.7448692655052587 0.5144491257063034 0.4248668901734714
		outer loop
			vertex 6.455564975738525 0.9999999999999991 3.8178412914276123
			vertex 7.411092281341553 -0.8502007722854624 4.382938861846924
			vertex 7.481846809387207 -0.844554603099824 4.25205659866333
		endloop
	endfacet
	facet normal 0.2795021624782427 -0.9486715949634246 0.1479890066171756
		outer loop
			vertex 6.572299957275391 0.9999999999999992 3.6131832599639893
			vertex 7.862950801849365 1.4637176990509024 4.148196697235107
			vertex 7.790827751159668 1.4635088443756095 4.283074378967285
		endloop
	endfacet
	facet normal 0.06596126231551133 -0.9975910971695636 0.021473581950175784
		outer loop
			vertex 7.995175838470459 1.4657785892486563 3.9013650417327885
			vertex 7.95733118057251 1.4647947549819937 3.971908330917359
			vertex 7.922536849975586 1.4638901948928824 4.036764621734619
		endloop
	endfacet
	facet normal 0.2840130456435801 -0.9486715836883762 0.1391359630233894
		outer loop
			vertex 6.786202907562256 0.9999999999999993 3.1933753490448
			vertex 8.054754257202148 1.4673274755477896 3.790310621261597
			vertex 7.995175838470459 1.4657785892486563 3.9013650417327885
		endloop
	endfacet
	facet normal 0.7700779636753994 0.5144491747339416 0.3772558501562526
		outer loop
			vertex 6.682548999786377 0.9999999999999992 3.4049594402313232
			vertex 7.666970252990723 -0.8414024710655221 3.9065470695495605
			vertex 7.736173152923584 -0.8486472964286813 3.775165319442749
		endloop
	endfacet
	facet normal 0.2882427863345648 -0.9486715835880191 0.1301473112234229
		outer loop
			vertex 6.786202907562256 0.9999999999999993 3.1933753490448
			vertex 8.128474235534668 1.4709359407424918 3.653342723846436
			vertex 8.054754257202148 1.4673274755477896 3.790310621261597
		endloop
	endfacet
	facet normal 0.2922089912200907 -0.9486638109602245 0.12104081635779211
		outer loop
			vertex 8.259692192077637 1.4780466556549066 3.402523040771485
			vertex 8.254706382751465 1.47864019870758 3.419211387634278
			vertex 8.187760353088379 1.4738380908966056 3.5431914329528813
		endloop
	endfacet
	facet normal 0.29218905151316305 -0.9486715782080892 0.12102807474305988
		outer loop
			vertex 6.973323822021484 0.9999999999999993 2.76096510887146
			vertex 8.295019149780273 1.473839879035949 3.284261226654053
			vertex 8.259692192077637 1.4780466556549066 3.402523040771485
		endloop
	endfacet
	facet normal 0.2958462769639128 -0.9486715757030985 0.11179097396298254
		outer loop
			vertex 6.973323822021484 0.9999999999999993 2.76096510887146
			vertex 8.339773178100586 1.4702289104461663 3.135179996490479
			vertex 8.295019149780273 1.473839879035949 3.284261226654053
		endloop
	endfacet
	facet normal 0.2958463314181353 -0.9486715813207448 0.1117907821818435
		outer loop
			vertex 7.056605815887451 0.9999999999999994 2.540565252304077
			vertex 8.339773178100586 1.4702289104461663 3.135179996490479
			vertex 6.973323822021484 0.9999999999999993 2.76096510887146
		endloop
	endfacet
	facet normal 0.2958460620905788 -0.9486715955011111 0.11179137459962621
		outer loop
			vertex 7.056605815887451 0.9999999999999994 2.540565252304077
			vertex 8.375709533691406 1.4673293828964227 3.0154719352722172
			vertex 8.339773178100586 1.4702289104461663 3.135179996490479
		endloop
	endfacet
	facet normal 0.7922456968598293 0.5144490488476151 0.3281599182515561
		outer loop
			vertex 6.973323822021484 0.9999999999999993 2.76096510887146
			vertex 7.9834771156311035 -0.8965746760368355 3.2954649925231934
			vertex 8.021886825561523 -0.8795970082283027 3.1761205196380615
		endloop
	endfacet
	facet normal 0.8021625212912569 0.5144490621295211 0.30311293589965754
		outer loop
			vertex 6.973323822021484 0.9999999999999993 2.76096510887146
			vertex 8.021886825561523 -0.8795970082283027 3.1761205196380615
			vertex 8.06648063659668 -0.8659588098526008 3.0349597930908203
		endloop
	endfacet
	facet normal 0.7922453497760332 0.5144500497323056 0.3281591871160692
		outer loop
			vertex 7.9834771156311035 -0.8965746760368355 3.2954649925231934
			vertex 7.918160915374756 -0.879589796066285 3.426525115966797
			vertex 7.9802398681640625 -0.8980056047439583 3.305523633956909
		endloop
	endfacet
	facet normal 0.7815475513343174 0.5144490736543467 0.352881815370978
		outer loop
			vertex 6.883159637451172 0.9999999999999993 2.978639841079712
			vertex 7.793059825897217 -0.8546029925346382 3.6671664714813232
			vertex 7.861175537109375 -0.8682079315185555 3.5361406803131104
		endloop
	endfacet
	facet normal 0.8021630083507263 0.5144491390337437 0.30311151641129197
		outer loop
			vertex 6.973323822021484 0.9999999999999993 2.76096510887146
			vertex 8.06648063659668 -0.8659588098526008 3.0349597930908203
			vertex 7.056605815887451 0.9999999999999994 2.540565252304077
		endloop
	endfacet
	facet normal 0.2992120522208753 -0.9486715919182342 0.10244197622603647
		outer loop
			vertex 7.056605815887451 0.9999999999999994 2.540565252304077
			vertex 8.420106887817383 1.4654402732849114 2.8683021068573002
			vertex 8.375709533691406 1.4673293828964227 3.0154719352722172
		endloop
	endfacet
	facet normal 0.3022818975086258 -0.9486716050707862 0.09299376415116725
		outer loop
			vertex 7.202202796936035 0.9999999999999996 2.0924642086029053
			vertex 8.537522315979004 1.4635107517242427 2.4804103374481206
			vertex 8.500864028930664 1.4636832475662225 2.6013300418853764
		endloop
	endfacet
	facet normal 0.30505384430293475 -0.9486716009933149 0.0834526545100966
		outer loop
			vertex 7.202202796936035 0.9999999999999996 2.0924642086029053
			vertex 8.5822172164917 1.4649769067764278 2.333698987960816
			vertex 8.537522315979004 1.4635107517242427 2.4804103374481206
		endloop
	endfacet
	facet normal 0.30505374614598524 -0.9486715857460088 0.08345318664050035
		outer loop
			vertex 7.264373779296875 0.9999999999999996 1.8652051687240603
			vertex 8.5822172164917 1.4649769067764278 2.333698987960816
			vertex 7.202202796936035 0.9999999999999996 2.0924642086029053
		endloop
	endfacet
	facet normal 0.30505405256174334 -0.9486715648607941 0.08345230398394972
		outer loop
			vertex 7.264373779296875 0.9999999999999996 1.8652051687240603
			vertex 8.61898422241211 1.466182947158813 2.2130098342895512
			vertex 8.5822172164917 1.4649769067764278 2.333698987960816
		endloop
	endfacet
	facet normal 0.8196114414013298 0.5144489938752026 0.25214939584465873
		outer loop
			vertex 7.1329240798950195 0.9999999999999994 2.3176581859588623
			vertex 8.183694839477539 -0.8414102792739874 2.659074544906616
			vertex 8.227010726928711 -0.840603113174439 2.516629457473755
		endloop
	endfacet
	facet normal 0.8271281974502017 0.5144491282836058 0.22627646671940652
		outer loop
			vertex 7.202202796936035 0.9999999999999996 2.0924642086029053
			vertex 8.304807662963867 -0.8455848693847662 2.2580313682556152
			vertex 7.264373779296875 0.9999999999999996 1.8652051687240603
		endloop
	endfacet
	facet normal 0.30752459027194146 -0.9486715607881713 0.07383018440861146
		outer loop
			vertex 7.264373779296875 0.9999999999999996 1.8652051687240603
			vertex 8.664344787597656 1.4693555831909175 2.0648360252380376
			vertex 8.61898422241211 1.466182947158813 2.2130098342895512
		endloop
	endfacet
	facet normal 0.3096916105831513 -0.9486715998444716 0.0641350292971375
		outer loop
			vertex 7.367154598236084 0.9999999999999997 1.4053910970687868
			vertex 8.769723892211914 1.4759534597396846 1.6729451417922976
			vertex 8.747432708740234 1.4768708944320674 1.7941540479660036
		endloop
	endfacet
	facet normal 0.8397043009854741 0.5144488442078275 0.17389385728002846
		outer loop
			vertex 7.367154598236084 0.9999999999999997 1.4053910970687868
			vertex 8.415666580200195 -0.8722414374351506 1.8811550140380857
			vertex 8.456087112426758 -0.8905275464057926 1.7400687932968137
		endloop
	endfacet
	facet normal 0.8338285112472887 0.5144489158308646 0.20018073541571907
		outer loop
			vertex 7.319375514984131 0.9999999999999997 1.6361049413681032
			vertex 8.339622497558594 -0.8502084016799931 2.141281843185425
			vertex 8.38112735748291 -0.8622341752052312 1.9993036985397337
		endloop
	endfacet
	facet normal 0.8489659862073728 0.514448961564279 0.12082640526134246
		outer loop
			vertex 7.407662391662598 0.9999999999999998 1.1732896566390993
			vertex 8.525437355041504 -0.8508986830711367 1.2001048326492307
			vertex 7.440860271453857 0.9999999999999998 0.9400304555892947
		endloop
	endfacet
	facet normal 0.3143529632574485 -0.9486715539666274 0.03470586673468502
		outer loop
			vertex 7.440860271453857 0.9999999999999998 0.9400304555892947
			vertex 8.83819580078125 1.4638396501541135 0.9623585939407352
			vertex 8.823272705078125 1.4644668102264402 1.1146696805953982
		endloop
	endfacet
	facet normal -0.17874321566257237 0.9838341991033676 -0.011005976977927889
		outer loop
			vertex 8.865653991699219 1.4643679857254026 0.6842448115348819
			vertex 8.87813663482666 1.4652302265167234 0.5585961937904361
			vertex 8.871596336364746 1.464778423309326 0.6244271993637088
		endloop
	endfacet
	facet normal 0.315911852241699 -0.948671566129301 0.014898363366432844
		outer loop
			vertex 7.4962992668151855 1 0.235611289739609
			vertex 8.906205177307129 1.470200777053833 0.27991950511932406
			vertex 8.893614768981934 1.4679712057113647 0.40492171049118075
		endloop
	endfacet
	facet normal 0.8548775614866013 0.5144490236651157 0.06727969171103186
		outer loop
			vertex 7.466714859008789 0.9999999999999999 0.7058433294296267
			vertex 8.579428672790527 -0.8432523012161256 0.6616290211677549
			vertex 7.48520040512085 0.9999999999999999 0.47095999121665977
		endloop
	endfacet
	facet normal 0.10635384173485209 0.9941837148452539 -0.0169588173151639
		outer loop
			vertex 8.565349578857422 -0.839220464229584 0.8096948266029356
			vertex 8.566935539245605 -0.8396745920181277 0.7930183410644529
			vertex 8.579428672790527 -0.8432523012161256 0.6616290211677549
		endloop
	endfacet
	facet normal 0.856568831834156 0.5144492311350679 0.04039585269315721
		outer loop
			vertex 7.4962992668151855 1 0.235611289739609
			vertex 8.590944290161133 -0.8465498685836793 0.5405275225639341
			vertex 8.604171752929688 -0.8569880723953248 0.3929800391197203
		endloop
	endfacet
	facet normal 0.31622390011481993 -0.9486715735923952 0.004968948973489334
		outer loop
			vertex 7.4962992668151855 1 0.235611289739609
			vertex 8.92214584350586 1.4746965169906616 0.12378206849098239
			vertex 8.906205177307129 1.470200777053833 0.27991950511932406
		endloop
	endfacet
	facet normal 0.28622205757511704 -0.9581619212788645 -0.0016329019142593943
		outer loop
			vertex 8.934779167175293 1.478259801864624 0.00003084540367159289
			vertex 8.91883373260498 1.4737628698349 -0.1562222987413403
			vertex 8.934782981872559 1.4782609939575195 -4.7745423998305945e-15
		endloop
	endfacet
	facet normal 0.31622390448226495 -0.9486715814605092 -0.004967168530249984
		outer loop
			vertex 7.4962992668151855 1 -0.235549598932266
			vertex 8.906211853027344 1.470202922821045 -0.2798580229282376
			vertex 8.91883373260498 1.4737628698349 -0.1562222987413403
		endloop
	endfacet
	facet normal 0.8574149746672981 0.5144491788174426 0.013476039118961784
		outer loop
			vertex 7.5 1 0.00003084540367148669
			vertex 8.627470970153809 -0.882370114326477 0.124196872115135
			vertex 8.63792896270752 -0.8965475559234619 0.000030845403671065575
		endloop
	endfacet
	facet normal 0.3159117962658741 -0.9486715813465604 -0.014898581324588798
		outer loop
			vertex 7.4962992668151855 1 -0.235549598932266
			vertex 8.890724182128906 1.46746027469635 -0.4336220324039456
			vertex 8.906211853027344 1.470202922821045 -0.2798580229282376
		endloop
	endfacet
	facet normal 0.31528795938641924 -0.9486715652899719 -0.02481458998698739
		outer loop
			vertex 7.466714859008789 1.0000000000000002 -0.7057815790176389
			vertex 8.850518226623535 1.4633241891860964 -0.8365894556045529
			vertex 8.862998008728027 1.4641861915588381 -0.7109791636466977
		endloop
	endfacet
	facet normal 0.85487755534011 0.5144491096786755 -0.06727911211167296
		outer loop
			vertex 7.48520040512085 1 -0.4708983004093168
			vertex 8.590949058532715 -0.8465580940246581 -0.5404661297798159
			vertex 8.576859474182129 -0.8425232172012328 -0.6886418461799624
		endloop
	endfacet
	facet normal 0.8523423477569592 0.5144489783922221 -0.09409979198358483
		outer loop
			vertex 7.466714859008789 1.0000000000000002 -0.7057815790176389
			vertex 8.550468444824219 -0.8416490554809568 -0.957699239253998
			vertex 7.440860271453857 1.0000000000000002 -0.9399687051773069
		endloop
	endfacet
	facet normal 0.8489660285611346 0.5144488902545191 -0.12082641128920797
		outer loop
			vertex 7.440860271453857 1.0000000000000002 -0.9399687051773069
			vertex 8.522679328918457 -0.8524703979492185 -1.2261123657226565
			vertex 7.407662391662598 1.0000000000000002 -1.1732279062271116
		endloop
	endfacet
	facet normal 0.3115537288655925 -0.9486715634471624 -0.05437406308766783
		outer loop
			vertex 7.407662391662598 1.0000000000000002 -1.1732279062271116
			vertex 8.7815580368042 1.4727214574813847 -1.5486843585968015
			vertex 8.796367645263672 1.468672037124634 -1.3931771516799925
		endloop
	endfacet
	facet normal 0.30968661884505416 -0.9486733159883878 -0.06413374805759185
		outer loop
			vertex 8.769729614257812 1.4759554862976079 -1.6728845834732053
			vertex 8.7374849319458 1.475813984870911 -1.8264933824539182
			vertex 8.763138771057129 1.4785505533218388 -1.7430967092514036
		endloop
	endfacet
	facet normal 0.309691712755811 -0.9486715860596509 -0.06413473983294139
		outer loop
			vertex 7.319375514984131 1.0000000000000004 -1.6360431909561155
			vertex 8.701065063476562 1.4719288349151616 -1.94488787651062
			vertex 8.7374849319458 1.475813984870911 -1.8264933824539182
		endloop
	endfacet
	facet normal 0.8447523182136673 0.5144490764684446 -0.1474302160121864
		outer loop
			vertex 7.367154598236084 1.0000000000000002 -1.405329346656799
			vertex 8.49345874786377 -0.8749409317970273 -1.4942771196365359
			vertex 8.479720115661621 -0.8877122998237607 -1.6175622940063479
		endloop
	endfacet
	facet normal 0.839704265607509 0.5144490340478125 -0.17389346648976511
		outer loop
			vertex 7.319375514984131 1.0000000000000004 -1.6360431909561155
			vertex 8.450037002563477 -0.8878088593482967 -1.761178255081177
			vertex 8.415680885314941 -0.8722661733627315 -1.8810968399047854
		endloop
	endfacet
	facet normal 0.8338283031948105 0.5144490659980049 -0.20018121611440878
		outer loop
			vertex 7.319375514984131 1.0000000000000004 -1.6360431909561155
			vertex 8.415680885314941 -0.8722661733627315 -1.8810968399047854
			vertex 8.374085426330566 -0.8602141737937923 -2.0233845710754395
		endloop
	endfacet
	facet normal 0.307524467605409 -0.9486715824723074 -0.07383041672303962
		outer loop
			vertex 7.319375514984131 1.0000000000000004 -1.6360431909561155
			vertex 8.655674934387207 1.4687541723251347 -2.0931582450866695
			vertex 8.701065063476562 1.4719288349151616 -1.94488787651062
		endloop
	endfacet
	facet normal 0.3050536923610708 -0.9486716209205658 -0.08345298339079056
		outer loop
			vertex 7.202202796936035 1.0000000000000004 -2.092402219772339
			vertex 8.537540435791016 1.4635169506073002 -2.4803535938262935
			vertex 8.574292182922363 1.4647225141525273 -2.359715938568115
		endloop
	endfacet
	facet normal 0.8271272968633506 0.5144491622868769 -0.2262796813809354
		outer loop
			vertex 7.264373779296875 1.0000000000000004 -1.8651434183120725
			vertex 8.33963680267334 -0.8502330780029292 -2.1412241458892822
			vertex 8.297120094299316 -0.844587087631225 -2.2838006019592285
		endloop
	endfacet
	facet normal 0.3022814801468477 -0.9486716171386286 -0.09299499769240445
		outer loop
			vertex 7.202202796936035 1.0000000000000004 -2.092402219772339
			vertex 8.493165016174316 1.463725924491883 -2.626728296279907
			vertex 8.537540435791016 1.4635169506073002 -2.4803535938262935
		endloop
	endfacet
	facet normal 0.29584598917851407 -0.94867157887788 -0.11179170862070717
		outer loop
			vertex 6.973323822021484 1.0000000000000007 -2.7609031200408936
			vertex 8.295036315917969 1.473846077919007 -3.284206390380859
			vertex 8.331003189086914 1.4709441661834723 -3.1643977165222164
		endloop
	endfacet
	facet normal 0.2921887353885827 -0.9486715743331083 -0.12102886830984882
		outer loop
			vertex 6.973323822021484 1.0000000000000007 -2.7609031200408936
			vertex 8.246431350708008 1.478054881095887 -3.4345390796661373
			vertex 8.295036315917969 1.473846077919007 -3.284206390380859
		endloop
	endfacet
	facet normal 0.29220946795828134 -0.9486643590705164 -0.12103536947877916
		outer loop
			vertex 8.295036315917969 1.473846077919007 -3.284206390380859
			vertex 8.246431350708008 1.478054881095887 -3.4345390796661373
			vertex 8.254707336425781 1.4786485433578498 -3.419211864471435
		endloop
	endfacet
	facet normal 0.2921887845896197 -0.948671571315313 -0.12102877318297564
		outer loop
			vertex 6.883159637451172 1.0000000000000007 -2.9785783290863037
			vertex 8.246431350708008 1.478054881095887 -3.4345390796661373
			vertex 6.973323822021484 1.0000000000000007 -2.7609031200408936
		endloop
	endfacet
	facet normal 0.7922457521116918 0.514449217499836 -0.3281595204695214
		outer loop
			vertex 6.973323822021484 1.0000000000000007 -2.7609031200408936
			vertex 8.02190113067627 -0.8796218633651727 -3.1760642528533936
			vertex 6.883159637451172 1.0000000000000007 -2.9785783290863037
		endloop
	endfacet
	facet normal 0.7922447769676003 0.5144489226372876 -0.3281623369079574
		outer loop
			vertex 8.02190113067627 -0.8796218633651727 -3.1760642528533936
			vertex 7.9754133224487305 -0.8966073989868156 -3.3149220943450928
			vertex 6.883159637451172 1.0000000000000007 -2.9785783290863037
		endloop
	endfacet
	facet normal 0.792245149521822 0.5144489657130361 -0.3281613699629095
		outer loop
			vertex 6.883159637451172 1.0000000000000007 -2.9785783290863037
			vertex 7.9754133224487305 -0.8966073989868156 -3.3149220943450928
			vertex 7.918182849884033 -0.8796302080154411 -3.4264729022979736
		endloop
	endfacet
	facet normal 0.7922399002662568 0.5144568551057769 -0.3281616745763976
		outer loop
			vertex 8.02190113067627 -0.8796218633651727 -3.1760642528533936
			vertex 7.980236053466797 -0.8980380296707146 -3.3055219650268555
			vertex 7.9754133224487305 -0.8966073989868156 -3.3149220943450928
		endloop
	endfacet
	facet normal 0.8021646362050949 0.5144491846970861 -0.303107130873642
		outer loop
			vertex 6.973323822021484 1.0000000000000007 -2.7609031200408936
			vertex 8.05911636352539 -0.8682401776313775 -3.058257579803467
			vertex 8.02190113067627 -0.8796218633651727 -3.1760642528533936
		endloop
	endfacet
	facet normal 0.29218910031309575 -0.9486715917670356 -0.12102785064778447
		outer loop
			vertex 6.883159637451172 1.0000000000000007 -2.9785783290863037
			vertex 8.187788963317871 1.4738482236862191 -3.543141603469848
			vertex 8.246431350708008 1.478054881095887 -3.4345390796661373
		endloop
	endfacet
	facet normal 0.8021622253054429 0.5144488810513028 -0.30311402652810765
		outer loop
			vertex 6.973323822021484 1.0000000000000007 -2.7609031200408936
			vertex 8.10360050201416 -0.8546355962753289 -2.9174447059631348
			vertex 8.05911636352539 -0.8682401776313775 -3.058257579803467
		endloop
	endfacet
	facet normal 0.8112875136690525 0.5144490581716097 -0.27776741477543937
		outer loop
			vertex 7.1329240798950195 1.0000000000000004 -2.3175971508026123
			vertex 8.139742851257324 -0.8486799001693719 -2.8008508682250977
			vertex 7.056605815887451 1.0000000000000007 -2.5405032634735107
		endloop
	endfacet
	facet normal 0.781547959774394 0.5144489574081417 -0.35288108024398024
		outer loop
			vertex 6.883159637451172 1.0000000000000007 -2.9785783290863037
			vertex 7.918182849884033 -0.8796302080154411 -3.4264729022979736
			vertex 7.849900245666504 -0.8659917712211601 -3.5578198432922363
		endloop
	endfacet
	facet normal 0.288242679649446 -0.948671590923656 -0.13014749403229564
		outer loop
			vertex 6.883159637451172 1.0000000000000007 -2.9785783290863037
			vertex 8.11401653289795 1.4702371358871469 -3.6802062988281246
			vertex 8.187788963317871 1.4738482236862191 -3.543141603469848
		endloop
	endfacet
	facet normal 0.2840130967874832 -0.9486715971522275 -0.13913576682444245
		outer loop
			vertex 6.682548999786377 1.0000000000000007 -3.4048984050750732
			vertex 7.9225640296936035 1.463900327682496 -4.036716938018799
			vertex 7.982110023498535 1.4654483795166025 -3.9257228374481197
		endloop
	endfacet
	facet normal 0.7700774173344404 0.5144490461790664 -0.3772571406838674
		outer loop
			vertex 6.786202907562256 1.0000000000000007 -3.19331431388855
			vertex 7.793081760406494 -0.8546432256698601 -3.6671152114868164
			vertex 7.723787307739258 -0.8473888635635367 -3.7986702919006348
		endloop
	endfacet
	facet normal 0.27950201402748137 -0.9486715968940165 -0.1479892746152177
		outer loop
			vertex 6.682548999786377 1.0000000000000007 -3.4048984050750732
			vertex 7.850435256958008 1.463691473007203 -4.171605110168457
			vertex 7.9225640296936035 1.463900327682496 -4.036716938018799
		endloop
	endfacet
	facet normal 0.5326644140510497 -0.7941721934444139 -0.2925049557927876
		outer loop
			vertex 7.718716621398926 1.4649851322174081 -4.418374538421631
			vertex 7.723383903503418 1.4648903608322152 -4.409617900848389
			vertex 7.790854454040527 1.463518977165223 -4.283027648925781
		endloop
	endfacet
	facet normal 0.27471628263852155 -0.9486715860096328 -0.156694562609046
		outer loop
			vertex 6.455564975738525 1.0000000000000009 -3.8177802562713623
			vertex 7.65937614440918 1.4661911725997936 -4.529711723327637
			vertex 7.718716621398926 1.4649851322174081 -4.418374538421631
		endloop
	endfacet
	facet normal 0.7578487404358005 0.5144491725102229 -0.4012571937341658
		outer loop
			vertex 6.572299957275391 1.0000000000000009 -3.613121747970581
			vertex 7.596896648406982 -0.8406358361244193 -4.037847518920898
			vertex 7.539731025695801 -0.8399775028228751 -4.1449713706970215
		endloop
	endfacet
	facet normal 0.0241167561207443 0.9996865218985929 -0.006726069320688101
		outer loop
			vertex 7.539731025695801 -0.8399775028228751 -4.1449713706970215
			vertex 7.596896648406982 -0.8406358361244193 -4.037847518920898
			vertex 7.563683986663818 -0.8402533531188956 -4.100085735321045
		endloop
	endfacet
	facet normal 0.7448689877579917 0.5144490476110855 -0.4248674716760887
		outer loop
			vertex 6.455564975738525 1.0000000000000009 -3.8177802562713623
			vertex 7.469050884246826 -0.8456174731254568 -4.2757158279418945
			vertex 7.411113262176514 -0.8502410054206838 -4.382889270782471
		endloop
	endfacet
	facet normal 0.6692349835018708 0.5144491291103139 -0.5361591465366325
		outer loop
			vertex 5.9261627197265625 1.000000000000001 -4.596771717071533
			vertex 6.8002238273620605 -0.8436483740806567 -5.2747626304626465
			vertex 6.706009864807129 -0.8412271738052356 -5.390037536621094
		endloop
	endfacet
	facet normal 0.24682131728576256 -0.9486715992163329 -0.19774082576353894
		outer loop
			vertex 5.9261627197265625 1.000000000000001 -4.596771717071533
			vertex 6.930034160614014 1.4638475179672255 -5.569065093994141
			vertex 7.027183532714844 1.4644745588302623 -5.45081090927124
		endloop
	endfacet
	facet normal 0.2404885090450536 -0.9486716065086988 -0.20539586174383287
		outer loop
			vertex 5.625833034515381 1.000000000000001 -4.959807872772217
			vertex 6.672773361206055 1.4652379751205458 -5.882810592651367
			vertex 6.7527923583984375 1.4643758535385145 -5.785138130187988
		endloop
	endfacet
	facet normal 0.6520655742078124 0.5144490119433427 -0.5569135489854367
		outer loop
			vertex 5.778849124908447 1.000000000000001 -4.780648708343506
			vertex 6.629149913787842 -0.8392520546913135 -5.484078407287598
			vertex 6.534408092498779 -0.8432835340499866 -5.598731517791748
		endloop
	endfacet
	facet normal 0.23391698498770302 -0.9486716042327652 -0.21284978613260205
		outer loop
			vertex 5.625833034515381 1.000000000000001 -4.959807872772217
			vertex 6.575052738189697 1.467979192733766 -6.002420902252197
			vertex 6.672773361206055 1.4652379751205458 -5.882810592651367
		endloop
	endfacet
	facet normal 0.22711683755047263 -0.9486715997007045 -0.22009120387325531
		outer loop
			vertex 5.303300857543945 1.000000000000001 -5.303269863128662
			vertex 6.317859649658203 1.4782676696777357 -6.317829132080078
			vertex 6.396430492401123 1.4747045040130629 -6.221391677856445
		endloop
	endfacet
	facet normal 0.6342492138913909 0.514449136155823 -0.5771221889571396
		outer loop
			vertex 5.467264652252197 1.000000000000001 -5.1340718269348145
			vertex 6.361939907073975 -0.8570192456245409 -5.8061909675598145
			vertex 6.283271789550781 -0.8656654953956591 -5.90035343170166
		endloop
	endfacet
	facet normal 0.22009123579438566 -0.9486716006234767 -0.22711680276234775
		outer loop
			vertex 6.196093559265137 1.4737700223922743 -6.417041778564453
			vertex 6.317859649658203 1.4782676696777357 -6.317829132080078
			vertex 5.303300857543945 1.000000000000001 -5.303269863128662
		endloop
	endfacet
	facet normal 0.21284748619534366 -0.9486715772968948 -0.23391918700556588
		outer loop
			vertex 4.9598388671875 1.0000000000000013 -5.6258015632629395
			vertex 5.8828444480896 1.4652397632598892 -6.672745704650879
			vertex 5.980065822601318 1.4674675464630142 -6.593317031860352
		endloop
	endfacet
	facet normal 0.5771210246147771 0.5144490081360478 -0.6342503771977015
		outer loop
			vertex 5.134103298187256 1.000000000000001 -5.467234134674072
			vertex 5.900386810302734 -0.8656705617904649 -6.283243179321289
			vertex 5.786486625671387 -0.8552131056785569 -6.378401756286621
		endloop
	endfacet
	facet normal 0.20539771774660345 -0.9486715765164582 -0.24048704217538389
		outer loop
			vertex 4.9598388671875 1.0000000000000013 -5.6258015632629395
			vertex 5.764338493347168 1.464193463325502 -6.769833087921143
			vertex 5.8828444480896 1.4652397632598892 -6.672745704650879
		endloop
	endfacet
	facet normal 0.1898900993926015 -0.9486716191998928 -0.252910871805309
		outer loop
			vertex 4.408389568328857 1.0000000000000013 -6.067595958709717
			vertex 5.234837532043457 1.4686791896820084 -7.205104827880859
			vertex 5.331968784332275 1.4667891263961808 -7.125087261199951
		endloop
	endfacet
	facet normal 0.5148748845186113 0.5144491799561921 -0.6857447736106693
		outer loop
			vertex 4.408389568328857 1.0000000000000013 -6.067595958709717
			vertex 5.15944242477417 -0.8524991273879989 -6.893440246582031
			vertex 5.0642852783203125 -0.8597946166992172 -6.970359802246094
		endloop
	endfacet
	facet normal 0.5361583867685369 0.5144490473845779 -0.6692356550146297
		outer loop
			vertex 4.780679702758789 1.0000000000000013 -5.778818607330322
			vertex 5.368888854980469 -0.8416778445243821 -6.723293304443359
			vertex 4.596802711486816 1.0000000000000013 -5.926131725311279
		endloop
	endfacet
	facet normal 0.493075648795999 0.514449070249764 -0.7015828950904933
		outer loop
			vertex 4.215625286102295 1.0000000000000013 -6.203073024749756
			vertex 4.949158668518066 -0.8749697804450973 -7.062399864196777
			vertex 4.852266311645508 -0.8877418041229233 -7.139861583709717
		endloop
	endfacet
	facet normal 0.1736351951707038 -0.948671594082116 -0.2643350630917674
		outer loop
			vertex 4.886796474456787 1.475820422172548 -7.469868183135986
			vertex 5.018218040466309 1.4759629964828507 -7.384052276611328
			vertex 4.215625286102295 1.0000000000000013 -6.203073024749756
		endloop
	endfacet
	facet normal 0.17363367825129192 -0.9486725194394561 -0.26433273848943106
		outer loop
			vertex 4.886796474456787 1.475820422172548 -7.469868183135986
			vertex 4.963919639587402 1.4785575866699234 -7.4290313720703125
			vertex 5.018218040466309 1.4759629964828507 -7.384052276611328
		endloop
	endfacet
	facet normal 0.1566936671344923 -0.9486716431919613 -0.2747165959373574
		outer loop
			vertex 3.817810535430908 1.0000000000000013 -6.455533504486084
			vertex 4.394354820251465 1.464729070663454 -7.7315192222595215
			vertex 4.529748916625977 1.466195464134218 -7.659356594085693
		endloop
	endfacet
	facet normal 0.15669579407461404 -0.9486715771435222 -0.27471561084028034
		outer loop
			vertex 3.613152503967285 1.0000000000000016 -6.572268962860107
			vertex 4.394354820251465 1.464729070663454 -7.7315192222595215
			vertex 3.817810535430908 1.0000000000000013 -6.455533504486084
		endloop
	endfacet
	facet normal 0.1566962532301363 -0.9486715894727182 -0.2747153063645048
		outer loop
			vertex 3.613152503967285 1.0000000000000016 -6.572268962860107
			vertex 4.283064842224121 1.4635233879089373 -7.790834903717041
			vertex 4.394354820251465 1.464729070663454 -7.7315192222595215
		endloop
	endfacet
	facet normal 0.16524636436353013 -0.9486716523543066 -0.26965855277366124
		outer loop
			vertex 3.817810535430908 1.0000000000000013 -6.455533504486084
			vertex 4.529748916625977 1.466195464134218 -7.659356594085693
			vertex 4.640387058258057 1.4687603712081927 -7.600581169128418
		endloop
	endfacet
	facet normal 0.4480548295755778 0.5144491376276464 -0.7311559029975556
		outer loop
			vertex 4.018701076507568 1.0000000000000013 -6.332427501678467
			vertex 4.620635509490967 -0.8722920417785628 -7.2809247970581055
			vertex 4.490611553192139 -0.8602403402328475 -7.352124214172363
		endloop
	endfacet
	facet normal 0.4248676956199269 0.5144493153365922 -0.744868675115503
		outer loop
			vertex 3.817810535430908 1.0000000000000013 -6.455533504486084
			vertex 4.252045631408691 -0.8446118831634505 -7.481844425201416
			vertex 3.613152503967285 1.0000000000000016 -6.572268962860107
		endloop
	endfacet
	facet normal 0.14798813123045554 -0.9486715914205031 -0.2795026379957937
		outer loop
			vertex 3.613152503967285 1.0000000000000016 -6.572268962860107
			vertex 4.148182392120361 1.4637323617935198 -7.862960338592529
			vertex 4.283064842224121 1.4635233879089373 -7.790834903717041
		endloop
	endfacet
	facet normal -0.4698677595881414 -0.13521010397381425 0.8723201913764297
		outer loop
			vertex 4.036754131317139 1.4639049768447894 -7.922544479370117
			vertex 3.9013495445251465 1.4657931327819842 -7.9951863288879395
			vertex 3.9719080924987793 1.464809179306032 -7.957333087921143
		endloop
	endfacet
	facet normal 0.13913653906454962 -0.9486715924518772 -0.2840127341721827
		outer loop
			vertex 3.1933445930480957 1.0000000000000016 -6.786172389984131
			vertex 3.7902979850769043 1.4673417806625384 -8.054762840270996
			vertex 3.9013495445251465 1.4657931327819842 -7.9951863288879395
		endloop
	endfacet
	facet normal 0.40125931440158374 0.5144490990762667 -0.7578476674540794
		outer loop
			vertex 4.013676643371582 -0.8408023715019209 -7.609792709350586
			vertex 3.906532049179077 -0.8414608240127547 -7.6669697761535645
			vertex 3.404928684234619 1.0000000000000016 -6.6825175285339355
		endloop
	endfacet
	facet normal 0.120548732911008 -0.9692040477907902 -0.21473592326273275
		outer loop
			vertex 4.013676643371582 -0.8408023715019209 -7.609792709350586
			vertex 4.011096954345703 -0.8408182263374312 -7.611169338226318
			vertex 3.906532049179077 -0.8414608240127547 -7.6669697761535645
		endloop
	endfacet
	facet normal 0.37726023138945525 0.5144490862031175 -0.7700758764672171
		outer loop
			vertex 3.1933445930480957 1.0000000000000016 -6.786172389984131
			vertex 3.7751524448394775 -0.8487048745155318 -7.736171722412109
			vertex 3.6671500205993652 -0.8546597957611066 -7.793060302734375
		endloop
	endfacet
	facet normal 0.13014544540245312 -0.9486715863411208 -0.28824361972126733
		outer loop
			vertex 3.1933445930480957 1.0000000000000016 -6.786172389984131
			vertex 3.6533260345458984 1.4709506034851092 -8.128484725952148
			vertex 3.7902979850769043 1.4673417806625384 -8.054762840270996
		endloop
	endfacet
	facet normal 0.12101885964735998 -0.948678599972636 -0.2921700695889504
		outer loop
			vertex 3.4025042057037354 1.4780598878860491 -8.259698867797852
			vertex 3.4192121028900146 1.4786542654037493 -8.254708290100098
			vertex 3.543177843093872 1.4738526344299334 -8.187769889831543
		endloop
	endfacet
	facet normal 0.12102980900316467 -0.9486716026848995 -0.2921882536857392
		outer loop
			vertex 2.7609341144561768 1.0000000000000016 -6.973292827606201
			vertex 3.284245252609253 1.4738532304763812 -8.295025825500488
			vertex 3.4025042057037354 1.4780598878860491 -8.259698867797852
		endloop
	endfacet
	facet normal 0.32816066696772833 0.5144491244105114 -0.7922453376628694
		outer loop
			vertex 2.978609085083008 1.0000000000000016 -6.883128643035889
			vertex 3.4265079498291016 -0.8796475529670698 -7.918161869049072
			vertex 3.2954490184783936 -0.8966284394264203 -7.983475208282471
		endloop
	endfacet
	facet normal 0.11178960061464921 -0.9486716021861734 -0.29584671098380644
		outer loop
			vertex 2.7609341144561768 1.0000000000000016 -6.973292827606201
			vertex 3.135159492492676 1.4702422618865985 -8.339780807495117
			vertex 3.284245252609253 1.4738532304763812 -8.295025825500488
		endloop
	endfacet
	facet normal 0.10244095495294397 -0.9486716411210631 -0.2992122458740582
		outer loop
			vertex 2.317627429962158 1.0000000000000016 -7.13289213180542
			vertex 2.7476916313171387 1.4639056921005267 -8.456494331359863
			vertex 2.8682806491851807 1.4654533863067645 -8.42011547088623
		endloop
	endfacet
	facet normal 0.27776146326022927 0.5144489157271742 -0.8112896416414246
		outer loop
			vertex 2.540534496307373 1.0000000000000016 -7.056575298309326
			vertex 2.9174814224243164 -0.8546635508537275 -8.103585243225098
			vertex 2.7754602432250977 -0.847410321235655 -8.14760971069336
		endloop
	endfacet
	facet normal 0.0929941404259737 -0.9486716320135853 -0.30228169719504194
		outer loop
			vertex 2.317627429962158 1.0000000000000016 -7.13289213180542
			vertex 2.6013073921203613 1.463696837425234 -8.500872611999512
			vertex 2.7476916313171387 1.4639056921005267 -8.456494331359863
		endloop
	endfacet
	facet normal 0.08345493922088812 -0.948671628093461 -0.3050531349947746
		outer loop
			vertex 1.8651741743087769 1.0000000000000016 -7.264342784881592
			vertex 2.21298885345459 1.4661961793899556 -8.618992805480957
			vertex 2.3336751461029053 1.46499025821686 -8.582225799560547
		endloop
	endfacet
	facet normal 0.22627886173919326 0.5144492910104747 -0.8271274410324173
		outer loop
			vertex 1.8651741743087769 1.0000000000000016 -7.264342784881592
			vertex 2.258011817932129 -0.8456379175186138 -8.30480670928955
			vertex 2.141258955001831 -0.8502610921859722 -8.339622497558594
		endloop
	endfacet
	facet normal 0.25214729358913635 0.5144492737797343 -0.8196119124580717
		outer loop
			vertex 2.516610860824585 -0.8406569957733137 -8.227008819580078
			vertex 2.4004392623901367 -0.8399985432624798 -8.262334823608398
			vertex 2.092433214187622 1.0000000000000016 -7.2021708488464355
		endloop
	endfacet
	facet normal 0.17389487577520651 0.5144489729711684 -0.8397040111777695
		outer loop
			vertex 1.4053598642349243 1.0000000000000016 -7.367124080657959
			vertex 1.7400469779968262 -0.8905801177024822 -8.456087112426758
			vertex 1.6175973415374756 -0.8877502083778362 -8.479711532592773
		endloop
	endfacet
	facet normal 0.17389571370200463 0.5144398088058704 -0.8397094520557987
		outer loop
			vertex 1.6175973415374756 -0.8877502083778362 -8.479711532592773
			vertex 1.7400469779968262 -0.8905801177024822 -8.456087112426758
			vertex 1.68514883518219 -0.8976954221725445 -8.47181510925293
		endloop
	endfacet
	facet normal 0.05437236841980481 -0.9486716137340642 -0.3115538715015879
		outer loop
			vertex 1.4053598642349243 1.0000000000000016 -7.367124080657959
			vertex 1.5172985792160034 1.4719127416610738 -8.784547805786133
			vertex 1.6729207038879395 1.4759650230407735 -8.76972770690918
		endloop
	endfacet
	facet normal 0.044562041025977654 -0.9486716085678168 -0.3131076549638318
		outer loop
			vertex 0.9399992227554321 1.0000000000000016 -7.440829753875732
			vertex 1.1146429777145386 1.4644783735275289 -8.823277473449707
			vertex 1.2398279905319214 1.466367244720461 -8.81118392944336
		endloop
	endfacet
	facet normal 0.12082388345325522 0.5144491041188997 -0.8489662587279521
		outer loop
			vertex 1.1732585430145264 1.0000000000000016 -7.407632350921631
			vertex 1.3478209972381592 -0.8598033785819988 -8.50977611541748
			vertex 1.200080156326294 -0.8509449958801251 -8.525434494018555
		endloop
	endfacet
	facet normal 0.0347057375806828 -0.9486716136754966 -0.3143527973238191
		outer loop
			vertex 0.9399992227554321 1.0000000000000016 -7.440829753875732
			vertex 0.9623281359672546 1.4638510942459126 -8.838200569152832
			vertex 1.1146429777145386 1.4644783735275289 -8.823277473449707
		endloop
	endfacet
	facet normal 0.0248129345786983 -0.9486715914735175 -0.315288010886391
		outer loop
			vertex 0.558567225933075 1.4652419090271016 -8.878141403198242
			vertex 0.6842131614685059 1.4643796682357808 -8.8656587600708
			vertex 0.4709289073944092 1.0000000000000016 -7.485169887542725
		endloop
	endfacet
	facet normal 0.023133576914702948 0.9860653883745822 -0.16474188134416803
		outer loop
			vertex 0.558567225933075 1.4652419090271016 -8.878141403198242
			vertex 0.6244263648986816 1.4647899866104146 -8.871598243713379
			vertex 0.6842131614685059 1.4643796682357808 -8.8656587600708
		endloop
	endfacet
	facet normal 0.06728138586818169 0.5144492968645337 -0.8548772637468164
		outer loop
			vertex 0.7058123350143433 1.0000000000000016 -7.466683864593506
			vertex 0.8096665143966675 -0.8392664790153485 -8.565346717834473
			vertex 0.6616027355194092 -0.8432978987693768 -8.579425811767578
		endloop
	endfacet
	facet normal 0.03289352078716869 -0.9976404826581314 -0.06026179263741613
		outer loop
			vertex 0.6616027355194092 -0.8432978987693768 -8.579425811767578
			vertex 0.8096665143966675 -0.8392664790153485 -8.565346717834473
			vertex 0.7930216789245605 -0.8397197127342205 -8.56692886352539
		endloop
	endfacet
	facet normal 0.014898337755540928 -0.9486715893889143 -0.31591178360174094
		outer loop
			vertex 0.4709289073944092 1.0000000000000016 -7.485169887542725
			vertex 0.4048890769481659 1.4679827690124532 -8.893619537353516
			vertex 0.558567225933075 1.4652419090271016 -8.878141403198242
		endloop
	endfacet
	facet normal 0.004950152886044258 -0.9486712614737683 -0.31622513125963586
		outer loop
			vertex 1.8735013540549517e-16 1.0000000000000016 -7.499969005584717
			vertex 0.11968190968036652 1.474825382232668 -8.922565460205078
			vertex 0.12374858558177948 1.4747083187103291 -8.922150611877441
		endloop
	endfacet
	facet normal 0.0049668398247521735 -0.9486716040899404 -0.3162238417570292
		outer loop
			vertex 1.8735013540549517e-16 1.0000000000000016 -7.499969005584717
			vertex 6.953714995250709e-17 1.4782716035842915 -8.934783935546875
			vertex 0.11968190968036652 1.474825382232668 -8.922565460205078
		endloop
	endfacet
	facet normal 0.04040245561686999 0.5144492478478967 -0.8565685103766424
		outer loop
			vertex 0.2355806976556778 1.0000000000000016 -7.4962687492370605
			vertex 0.392953097820282 -0.8570340871810894 -8.604167938232422
			vertex 0.27074214816093445 -0.865679442882536 -8.615124702453613
		endloop
	endfacet
	facet normal -0.004966612058469157 -0.9486716051631542 -0.3162238421147671
		outer loop
			vertex 1.8735013540549517e-16 1.0000000000000016 -7.499969005584717
			vertex -0.15625622868537903 1.4737722873687764 -8.918831825256348
			vertex -4.0312637226604453e-17 1.4782716035842915 -8.934783935546875
		endloop
	endfacet
	facet normal -0.014897862250669264 -0.9486716114732995 -0.315911739707491
		outer loop
			vertex -0.4709289073944092 1.0000000000000016 -7.485169887542725
			vertex -0.558567225933075 1.465241789817812 -8.878141403198242
			vertex -0.43365687131881714 1.4674696922302266 -8.890722274780273
		endloop
	endfacet
	facet normal -0.024814018068759415 -0.9486716106431546 -0.3152878679350133
		outer loop
			vertex -0.4709289073944092 1.0000000000000016 -7.485169887542725
			vertex -0.7110147476196289 1.4641954898834248 -8.862995147705078
			vertex -0.558567225933075 1.465241789817812 -8.878141403198242
		endloop
	endfacet
	facet normal -0.024814090129774157 -0.9486716127010156 -0.3152878560716951
		outer loop
			vertex -0.7058123350143433 1.0000000000000016 -7.466683864593506
			vertex -0.7110147476196289 1.4641954898834248 -8.862995147705078
			vertex -0.4709289073944092 1.0000000000000016 -7.485169887542725
		endloop
	endfacet
	facet normal -0.02481348686743294 -0.9486716262375513 -0.31528786281948734
		outer loop
			vertex -0.7058123350143433 1.0000000000000016 -7.466683864593506
			vertex -0.8366230130195618 1.4633336067199727 -8.850516319274902
			vertex -0.7110147476196289 1.4641954898834248 -8.862995147705078
		endloop
	endfacet
	facet normal -0.04039992129374814 0.5144492775190493 -0.8565686120910498
		outer loop
			vertex -0.2355806976556778 1.0000000000000016 -7.4962687492370605
			vertex -0.27074214816093445 -0.8656793832778912 -8.615124702453613
			vertex -0.4185686409473419 -0.8552213907241802 -8.601871490478516
		endloop
	endfacet
	facet normal -0.06728138403879919 0.5144491729047844 -0.8548773384874623
		outer loop
			vertex -0.4709289073944092 1.0000000000000016 -7.485169887542725
			vertex -0.6886721253395081 -0.8425614833831768 -8.576851844787598
			vertex -0.7058123350143433 1.0000000000000016 -7.466683864593506
		endloop
	endfacet
	facet normal -0.034706988368505505 -0.9486716172060587 -0.3143526485748605
		outer loop
			vertex -0.7058123350143433 1.0000000000000016 -7.466683864593506
			vertex -0.9889150261878967 1.463960886001589 -8.83559513092041
			vertex -0.8366230130195618 1.4633336067199727 -8.850516319274902
		endloop
	endfacet
	facet normal 0.017287279649180403 0.9995899815647452 0.02282583443652495
		outer loop
			vertex -1.1146429777145386 1.4644783735275289 -8.823277473449707
			vertex -1.2679494619369507 1.4667915105819722 -8.808466911315918
			vertex -1.118309736251831 1.4645336866378804 -8.822922706604004
		endloop
	endfacet
	facet normal -0.044561560104179866 -0.9486715750180666 -0.3131078250600304
		outer loop
			vertex -1.1732585430145264 1.0000000000000016 -7.407632350921631
			vertex -1.3932123184204102 1.4686814546585103 -8.796365737915039
			vertex -1.2679494619369507 1.4667915105819722 -8.808466911315918
		endloop
	endfacet
	facet normal -0.12082146999491117 0.5144490936438028 -0.8489666085526206
		outer loop
			vertex -1.1732585430145264 1.0000000000000016 -7.407632350921631
			vertex -1.2261440753936768 -0.8525076508522015 -8.522671699523926
			vertex -1.3478208780288696 -0.8598033189773541 -8.50977611541748
		endloop
	endfacet
	facet normal -0.09409997480616143 0.5144491155694842 -0.8523422447768593
		outer loop
			vertex -0.9399992227554321 1.0000000000000016 -7.440829753875732
			vertex -0.9577302932739258 -0.8416863679885845 -8.550460815429688
			vertex -1.0786426067352295 -0.8436635732650738 -8.538305282592773
		endloop
	endfacet
	facet normal -0.14743466211413309 0.5144489888989614 -0.8447515955759587
		outer loop
			vertex -1.4053598642349243 1.0000000000000016 -7.367124080657959
			vertex -1.494309663772583 -0.8749786019325237 -8.493451118469238
			vertex -1.6175973415374756 -0.8877502083778362 -8.479711532592773
		endloop
	endfacet
	facet normal -0.06413637443806709 -0.9486716140120848 -0.30969128861116885
		outer loop
			vertex -1.8265299797058105 1.4758210182189961 -8.73747444152832
			vertex -1.6729207038879395 1.4759650230407735 -8.76972770690918
			vertex -1.4053598642349243 1.0000000000000016 -7.367124080657959
		endloop
	endfacet
	facet normal -0.0738287519317085 -0.9486716307426443 -0.3075247183760979
		outer loop
			vertex -1.8651741743087769 1.0000000000000016 -7.264342784881592
			vertex -2.21298885345459 1.4661961793899556 -8.618992805480957
			vertex -2.093195676803589 1.4687610864639302 -8.655664443969727
		endloop
	endfacet
	facet normal -0.2001852962370262 0.5144489485587581 -0.8338273961062219
		outer loop
			vertex -1.6360743045806885 1.0000000000000016 -7.319344997406006
			vertex -1.8811312913894653 -0.8722941875457745 -8.415666580200195
			vertex -2.0234174728393555 -0.860242784023283 -8.37407112121582
		endloop
	endfacet
	facet normal -0.22627966001550034 0.5144493556627683 -0.827127182434136
		outer loop
			vertex -1.8651741743087769 1.0000000000000016 -7.264342784881592
			vertex -2.283834457397461 -0.8446158766746502 -8.297106742858887
			vertex -2.092433214187622 1.0000000000000016 -7.2021708488464355
		endloop
	endfacet
	facet normal -0.09299552375816394 -0.9486716498343394 -0.30228121569415717
		outer loop
			vertex -2.092433214187622 1.0000000000000016 -7.2021708488464355
			vertex -2.626767635345459 1.4637331962585467 -8.49315357208252
			vertex -2.480390787124634 1.4635242223739644 -8.537529945373535
		endloop
	endfacet
	facet normal -0.10244141202553865 -0.9486715525962379 -0.29921237005989165
		outer loop
			vertex -2.540534496307373 1.0000000000000016 -7.056575298309326
			vertex -3.0154545307159424 1.4673427343368548 -8.375716209411621
			vertex -2.8948025703430176 1.4657942056655902 -8.412114143371582
		endloop
	endfacet
	facet normal -0.27776801068128754 0.5144489637610253 -0.8112873695105624
		outer loop
			vertex -2.540534496307373 1.0000000000000016 -7.056575298309326
			vertex -2.8008856773376465 -0.8487077355384809 -8.139728546142578
			vertex -2.9174814224243164 -0.8546635508537275 -8.103585243225098
		endloop
	endfacet
	facet normal -0.2521420940632042 0.51444933673827 -0.8196134725167569
		outer loop
			vertex -2.317627429962158 1.0000000000000016 -7.13289213180542
			vertex -2.542860746383667 -0.8408055901527387 -8.219026565551758
			vertex -2.6590538024902344 -0.841464161872862 -8.183694839477539
		endloop
	endfacet
	facet normal -0.3031090151896597 0.5144491617078076 -0.8021639389357319
		outer loop
			vertex -2.7609341144561768 1.0000000000000016 -6.973292827606201
			vertex -3.058292865753174 -0.8682684302329999 -8.059102058410645
			vertex -3.1761014461517334 -0.8796502351760846 -8.021885871887207
		endloop
	endfacet
	facet normal -0.12102881294220913 -0.948671607737628 -0.29218864986563703
		outer loop
			vertex -3.4345762729644775 1.4780591726303118 -8.24641227722168
			vertex -3.284245252609253 1.4738532304763812 -8.295025825500488
			vertex -2.7609341144561768 1.0000000000000016 -6.973292827606201
		endloop
	endfacet
	facet normal -0.13014719872256755 -0.9486715954673265 -0.2882427980334388
		outer loop
			vertex -3.1933445930480957 1.0000000000000016 -6.786172389984131
			vertex -3.7902979850769043 1.4673417806625384 -8.054762840270996
			vertex -3.680243730545044 1.470241308212282 -8.113997459411621
		endloop
	endfacet
	facet normal -0.35288042291078986 0.5144491134101244 -0.7815481538829447
		outer loop
			vertex -2.978609085083008 1.0000000000000016 -6.883128643035889
			vertex -3.4265079498291016 -0.8796476125717145 -7.918161869049072
			vertex -3.557853937149048 -0.866009056568144 -7.849879741668701
		endloop
	endfacet
	facet normal -0.13913689002990234 -0.9486715906224138 -0.2840125683464487
		outer loop
			vertex -3.1933445930480957 1.0000000000000016 -6.786172389984131
			vertex -3.925760507583618 1.4654527902603167 -7.982090473175049
			vertex -3.7902979850769043 1.4673417806625384 -8.054762840270996
		endloop
	endfacet
	facet normal -0.1479883413806366 -0.9486715969387531 -0.27950250799784254
		outer loop
			vertex -3.613152503967285 1.0000000000000016 -6.572268962860107
			vertex -4.283064842224121 1.4635235071182269 -7.790835380554199
			vertex -4.171643257141113 1.4636961221694964 -7.8504157066345215
		endloop
	endfacet
	facet normal -0.4012579358113535 0.5144490487728445 -0.7578484315251485
		outer loop
			vertex -3.404928684234619 1.0000000000000016 -6.6825175285339355
			vertex -3.906532049179077 -0.8414611220359786 -7.6669697761535645
			vertex -4.037882328033447 -0.8406537175178511 -7.5968756675720215
		endloop
	endfacet
	facet normal -0.1566939449513472 -0.9486716057297887 -0.27471656684235246
		outer loop
			vertex -4.418413162231445 1.4649894237518328 -7.7186970710754395
			vertex -4.283064842224121 1.4635235071182269 -7.790835380554199
			vertex -3.613152503967285 1.0000000000000016 -6.572268962860107
		endloop
	endfacet
	facet normal -0.0074006172120899116 0.9993878212991829 -0.03419376410623582
		outer loop
			vertex -4.418413162231445 1.4649894237518328 -7.7186970710754395
			vertex -4.409618377685547 1.4648941755294818 -7.723384380340576
			vertex -4.283064842224121 1.4635235071182269 -7.790835380554199
		endloop
	endfacet
	facet normal -0.1736538529388921 -0.9486711382023296 -0.2643244424970464
		outer loop
			vertex -4.215625286102295 1.0000000000000013 -6.203073024749756
			vertex -4.918314456939697 1.4769390821456925 -7.453179359436035
			vertex -4.916756629943848 1.476883769035341 -7.454004287719727
		endloop
	endfacet
	facet normal -0.47079605868738356 0.5144492476658816 -0.7167238259611817
		outer loop
			vertex -4.215625286102295 1.0000000000000013 -6.203073024749756
			vertex -4.620635509490967 -0.8722921013832076 -7.2809247970581055
			vertex -4.748978614807129 -0.8905779123306259 -7.209744930267334
		endloop
	endfacet
	facet normal -0.4480537086579281 0.5144492905411594 -0.7311564823070191
		outer loop
			vertex -3.817810535430908 1.0000000000000013 -6.455533504486084
			vertex -4.382925510406494 -0.8502584695816023 -7.411091327667236
			vertex -4.018701076507568 1.0000000000000013 -6.332427501678467
		endloop
	endfacet
	facet normal -0.536158386204332 0.5144490488887271 -0.6692356543103861
		outer loop
			vertex -4.596802711486816 1.0000000000000013 -5.926131725311279
			vertex -5.39007043838501 -0.8412330150604234 -6.705981731414795
			vertex -4.780679702758789 1.0000000000000013 -5.778818607330322
		endloop
	endfacet
	facet normal -0.2053971062447438 -0.9486715972007475 -0.24048748285694324
		outer loop
			vertex -4.780679702758789 1.0000000000000013 -5.778818607330322
			vertex -5.785171985626221 1.464377403259279 -6.752764701843262
			vertex -5.666695594787598 1.4633314609527603 -6.849827766418457
		endloop
	endfacet
	facet normal -0.22009149240688897 -0.9486715977060011 -0.2271165662739109
		outer loop
			vertex -5.303300857543945 1.000000000000001 -5.303269863128662
			vertex -6.2245941162109375 1.4748229980468763 -6.3938212394714355
			vertex -6.221425533294678 1.4747059345245375 -6.396402835845947
		endloop
	endfacet
	facet normal -0.2200913547445425 -0.9486716014150248 -0.22711668418538608
		outer loop
			vertex -6.317859649658203 1.4782676696777357 -6.317829132080078
			vertex -6.2245941162109375 1.4748229980468763 -6.3938212394714355
			vertex -5.303300857543945 1.000000000000001 -5.303269863128662
		endloop
	endfacet
	facet normal -0.2408035128646356 -0.9370012535234986 -0.25306583943204086
		outer loop
			vertex -6.317859649658203 1.4782676696777357 -6.317829132080078
			vertex -6.317845821380615 1.4782686233520521 -6.317845821380615
			vertex -6.2245941162109375 1.4748229980468763 -6.3938212394714355
		endloop
	endfacet
	facet normal -0.577120335157778 0.5144490396022359 -0.6342509790293677
		outer loop
			vertex -4.9598388671875 1.0000000000000013 -5.6258015632629395
			vertex -5.692541122436523 -0.8465875387191758 -6.456888675689697
			vertex -5.134103298187256 1.000000000000001 -5.467234134674072
		endloop
	endfacet
	facet normal -0.5967601582701035 0.5144490852402127 -0.6158079669807378
		outer loop
			vertex -5.303300857543945 1.000000000000001 -5.303269863128662
			vertex -5.900386810302734 -0.8656705021858201 -6.283243179321289
			vertex -6.012758731842041 -0.8824068903923021 -6.188328742980957
		endloop
	endfacet
	facet normal -0.2271169430503129 -0.9486715989964011 -0.22009109804145288
		outer loop
			vertex -5.303300857543945 1.000000000000001 -5.303269863128662
			vertex -6.417068958282471 1.4737685918807997 -6.1960601806640625
			vertex -6.317859649658203 1.4782676696777357 -6.317829132080078
		endloop
	endfacet
	facet normal -0.23391666063029184 -0.9486716262834975 -0.2128500443133541
		outer loop
			vertex -5.625833034515381 1.000000000000001 -4.959807872772217
			vertex -6.672773838043213 1.4652379751205458 -5.882810592651367
			vertex -6.593344211578369 1.4674659967422499 -5.980031967163086
		endloop
	endfacet
	facet normal -0.6342480856628296 0.5144491356890247 -0.5771234292782189
		outer loop
			vertex -5.467264652252197 1.000000000000001 -5.1340718269348145
			vertex -6.283271789550781 -0.8656655550003038 -5.90035343170166
			vertex -6.378430366516113 -0.8552071452140795 -5.7864532470703125
		endloop
	endfacet
	facet normal -0.24048934089450988 -0.9486716248208291 -0.20539480318628375
		outer loop
			vertex -5.625833034515381 1.000000000000001 -4.959807872772217
			vertex -6.76986026763916 1.4641920328140272 -5.7643046379089355
			vertex -6.672773838043213 1.4652379751205458 -5.882810592651367
		endloop
	endfacet
	facet normal -0.24682139675074152 -0.9486715998260836 -0.19774072364951092
		outer loop
			vertex -5.9261627197265625 1.000000000000001 -4.596771717071533
			vertex -7.027183532714844 1.4644745588302623 -5.45081090927124
			vertex -6.946990489959717 1.463956952095033 -5.548425197601318
		endloop
	endfacet
	facet normal -0.6692349197363114 0.5144491065417129 -0.5361592477836843
		outer loop
			vertex -5.778849124908447 1.000000000000001 -4.780648708343506
			vertex -6.629150390625 -0.839252173900603 -5.484078407287598
			vertex -6.723321914672852 -0.8416723012924182 -5.3688554763793945
		endloop
	endfacet
	facet normal -0.25291051888193744 -0.9486715984531158 -0.18989067309186008
		outer loop
			vertex -7.125114440917969 1.4667876958847057 -5.331935405731201
			vertex -7.027183532714844 1.4644745588302623 -5.45081090927124
			vertex -5.9261627197265625 1.000000000000001 -4.596771717071533
		endloop
	endfacet
	facet normal -0.2587501838408597 -0.948671565751273 -0.18185324494588967
		outer loop
			vertex -6.203104496002197 1.0000000000000009 -4.21559476852417
			vertex -7.384079456329346 1.4759613275527965 -5.018184185028076
			vertex -7.304621696472168 1.4727272987365734 -5.114369869232178
		endloop
	endfacet
	facet normal -0.6857461211672268 0.5144490776721956 -0.5148731919476197
		outer loop
			vertex -6.067627429962158 1.0000000000000009 -4.408358097076416
			vertex -6.893468856811523 -0.8524929881095875 -5.1594085693359375
			vertex -6.970387935638428 -0.8597888350486744 -5.064251899719238
		endloop
	endfacet
	facet normal -0.7015808299566323 0.5144490126722296 -0.4930786472743789
		outer loop
			vertex -6.203104496002197 1.0000000000000009 -4.21559476852417
			vertex -7.062427997589111 -0.8749635219573964 -4.949125289916992
			vertex -7.139889717102051 -0.8877351284027089 -4.852233409881592
		endloop
	endfacet
	facet normal -0.26433446128154925 -0.9486715722504347 -0.17363623061700403
		outer loop
			vertex -7.4698872566223145 1.475815773010255 -4.8867597579956055
			vertex -7.384079456329346 1.4759613275527965 -5.018184185028076
			vertex -6.203104496002197 1.0000000000000009 -4.21559476852417
		endloop
	endfacet
	facet normal -0.26432570954113743 -0.9486750558844337 -0.1736305204111339
		outer loop
			vertex -7.4698872566223145 1.475815773010255 -4.8867597579956055
			vertex -7.429030895233154 1.4785542488098156 -4.963919639587402
			vertex -7.384079456329346 1.4759613275527965 -5.018184185028076
		endloop
	endfacet
	facet normal -0.26965766587506484 -0.948671606220703 -0.1652480764954421
		outer loop
			vertex -6.455564975738525 1.0000000000000009 -3.8177802562713623
			vertex -7.65937614440918 1.466191053390504 -4.529711723327637
			vertex -7.600600242614746 1.4687560796737682 -4.640349864959717
		endloop
	endfacet
	facet normal -0.274715884736953 -0.9486716133803739 -0.15669509449715402
		outer loop
			vertex -6.455564975738525 1.0000000000000009 -3.8177802562713623
			vertex -7.73153829574585 1.4647244215011606 -4.394318580627441
			vertex -7.65937614440918 1.466191053390504 -4.529711723327637
		endloop
	endfacet
	facet normal -0.27471593945278805 -0.9486716170489957 -0.1566949763592183
		outer loop
			vertex -6.572299957275391 1.0000000000000009 -3.613121747970581
			vertex -7.73153829574585 1.4647244215011606 -4.394318580627441
			vertex -6.455564975738525 1.0000000000000009 -3.8177802562713623
		endloop
	endfacet
	facet normal -0.7448700182517082 0.5144489887168696 -0.42486573634254177
		outer loop
			vertex -6.455564975738525 1.0000000000000009 -3.8177802562713623
			vertex -7.481866359710693 -0.8445949554443349 -4.25200891494751
			vertex -6.572299957275391 1.0000000000000009 -3.613121747970581
		endloop
	endfacet
	facet normal -0.7448706617488048 0.5144490606615512 -0.424864521053883
		outer loop
			vertex -6.455564975738525 1.0000000000000009 -3.8177802562713623
			vertex -7.411113262176514 -0.8502408266067495 -4.382889270782471
			vertex -7.481866359710693 -0.8445949554443349 -4.25200891494751
		endloop
	endfacet
	facet normal -0.2747157273988742 -0.9486716256362405 -0.15669529613999408
		outer loop
			vertex -6.572299957275391 1.0000000000000009 -3.613121747970581
			vertex -7.790854454040527 1.4635188579559335 -4.283027648925781
			vertex -7.73153829574585 1.4647244215011606 -4.394318580627441
		endloop
	endfacet
	facet normal -0.7311575404901655 0.5144490777722107 -0.4480522261563868
		outer loop
			vertex -6.455564975738525 1.0000000000000009 -3.8177802562713623
			vertex -7.352146625518799 -0.8602216839790334 -4.490574359893799
			vertex -7.411113262176514 -0.8502408266067495 -4.382889270782471
		endloop
	endfacet
	facet normal -0.7167223888939822 0.5144491161203569 -0.4707983901640775
		outer loop
			vertex -6.332459449768066 1.0000000000000009 -4.018669605255127
			vertex -7.22044563293457 -0.8878164887428274 -4.729687213897705
			vertex -7.280947208404541 -0.8722735643386831 -4.620598316192627
		endloop
	endfacet
	facet normal -0.744869553332929 0.5144490260998433 -0.4248665061669672
		outer loop
			vertex -6.572299957275391 1.0000000000000009 -3.613121747970581
			vertex -7.481866359710693 -0.8445949554443349 -4.25200891494751
			vertex -7.539730548858643 -0.8399772047996512 -4.144970893859863
		endloop
	endfacet
	facet normal -0.2795023082975268 -0.948671625370422 -0.1479885362904712
		outer loop
			vertex -6.572299957275391 1.0000000000000009 -3.613121747970581
			vertex -7.862979412078857 1.463727831840516 -4.148146629333496
			vertex -7.790854454040527 1.4635188579559335 -4.283027648925781
		endloop
	endfacet
	facet normal -0.28401260509283105 -0.948671564268478 -0.13913699470946836
		outer loop
			vertex -6.786202907562256 1.0000000000000007 -3.19331431388855
			vertex -8.054781913757324 1.4673376083374032 -3.7902617454528804
			vertex -7.995204448699951 1.4657888412475595 -3.90131402015686
		endloop
	endfacet
	facet normal -0.7700773500737578 0.5144490818957504 -0.3772572292746673
		outer loop
			vertex -6.786202907562256 1.0000000000000007 -3.19331431388855
			vertex -7.736193656921387 -0.8486871719360343 -3.775116443634033
			vertex -7.793081760406494 -0.8546430468559257 -3.6671152114868164
		endloop
	endfacet
	facet normal -0.7578486477414108 0.5144490257969994 -0.4012575569045818
		outer loop
			vertex -6.682548999786377 1.0000000000000007 -3.4048984050750732
			vertex -7.6098151206970215 -0.8407839536666861 -4.0136399269104
			vertex -7.666991233825684 -0.8414424061775199 -3.906496524810791
		endloop
	endfacet
	facet normal -0.7815483685076262 0.514448951949791 -0.3528801829528398
		outer loop
			vertex -6.883159637451172 1.0000000000000007 -2.9785783290863037
			vertex -7.793081760406494 -0.8546430468559257 -3.6671152114868164
			vertex -7.861196517944336 -0.8682480454444877 -3.536090850830078
		endloop
	endfacet
	facet normal -0.29218882091132425 -0.9486715950949016 -0.12102849910060594
		outer loop
			vertex -8.259709358215332 1.478052735328675 -3.402467012405395
			vertex -8.187788963317871 1.4738482236862191 -3.543141603469848
			vertex -6.883159637451172 1.0000000000000007 -2.9785783290863037
		endloop
	endfacet
	facet normal -0.2958468243382703 -0.9486715625624058 -0.11178963688269115
		outer loop
			vertex -7.056605815887451 1.0000000000000007 -2.5405032634735107
			vertex -8.375726699829102 1.4673357009887702 -3.0154163837432857
			vertex -8.339791297912598 1.4702351093292243 -3.135123014450073
		endloop
	endfacet
	facet normal -0.29921167451766745 -0.9486715564940154 -0.10244340745775611
		outer loop
			vertex -7.056605815887451 1.0000000000000007 -2.5405032634735107
			vertex -8.420125007629395 1.4654464721679694 -2.868244886398315
			vertex -8.375726699829102 1.4673357009887702 -3.0154163837432857
		endloop
	endfacet
	facet normal -0.29921161883214614 -0.9486715500310999 -0.1024436299505085
		outer loop
			vertex -7.1329240798950195 1.0000000000000004 -2.3175971508026123
			vertex -8.420125007629395 1.4654464721679694 -2.868244886398315
			vertex -7.056605815887451 1.0000000000000007 -2.5405032634735107
		endloop
	endfacet
	facet normal -0.8112875602595009 0.5144489760855818 -0.27776743072700794
		outer loop
			vertex -7.056605815887451 1.0000000000000007 -2.5405032634735107
			vertex -8.147624969482422 -0.847380876541137 -2.7754225730895996
			vertex -7.1329240798950195 1.0000000000000004 -2.3175971508026123
		endloop
	endfacet
	facet normal -0.811288422584355 0.5144491290489088 -0.2777646287802107
		outer loop
			vertex -7.056605815887451 1.0000000000000007 -2.5405032634735107
			vertex -8.10360050201416 -0.8546355962753289 -2.9174447059631348
			vertex -8.147624969482422 -0.847380876541137 -2.7754225730895996
		endloop
	endfacet
	facet normal -0.29921120981758687 -0.9486715736320366 -0.10244460601716265
		outer loop
			vertex -7.1329240798950195 1.0000000000000004 -2.3175971508026123
			vertex -8.456504821777344 1.463898420333863 -2.7476544380187984
			vertex -8.420125007629395 1.4654464721679694 -2.868244886398315
		endloop
	endfacet
	facet normal -0.8021626410963927 0.5144491372284086 -0.3031124913859637
		outer loop
			vertex -7.056605815887451 1.0000000000000007 -2.5405032634735107
			vertex -8.06649398803711 -0.8659837841987603 -3.0349044799804688
			vertex -8.10360050201416 -0.8546355962753289 -2.9174447059631348
		endloop
	endfacet
	facet normal -0.7922439330181831 0.5144491842161574 -0.3281639642849459
		outer loop
			vertex -6.973323822021484 1.0000000000000007 -2.7609031200408936
			vertex -7.983490467071533 -0.8965998888015739 -3.295409917831421
			vertex -8.02190113067627 -0.8796218633651727 -3.1760642528533936
		endloop
	endfacet
	facet normal 0.04788414378084055 0.9988132462781467 0.008899878296132918
		outer loop
			vertex -8.22702407836914 -0.8406279087066645 -2.516573190689087
			vertex -8.24753189086914 -0.8402456641197199 -2.4491331577301025
			vertex -8.262349128723145 -0.8399695158004755 -2.4004032611846924
		endloop
	endfacet
	facet normal -0.8112872104854385 0.5144490179351952 -0.2777683748166253
		outer loop
			vertex -7.1329240798950195 1.0000000000000004 -2.3175971508026123
			vertex -8.147624969482422 -0.847380876541137 -2.7754225730895996
			vertex -8.183709144592285 -0.8414348363876337 -2.65901780128479
		endloop
	endfacet
	facet normal -0.3022817910502839 -0.9486715830154233 -0.0929943351954481
		outer loop
			vertex -7.1329240798950195 1.0000000000000004 -2.3175971508026123
			vertex -8.500882148742676 1.4636894464492805 -2.601272344589233
			vertex -8.456504821777344 1.463898420333863 -2.7476544380187984
		endloop
	endfacet
	facet normal -0.30505373628169435 -0.9486715735300035 -0.08345336156612233
		outer loop
			vertex -7.264373779296875 1.0000000000000004 -1.8651434183120725
			vertex -8.619002342224121 1.4661891460418706 -2.212953090667724
			vertex -8.582235336303711 1.4649831056594853 -2.333640575408935
		endloop
	endfacet
	facet normal -0.3075243372998115 -0.9486715780189061 -0.07383101670321492
		outer loop
			vertex -7.264373779296875 1.0000000000000004 -1.8651434183120725
			vertex -8.664363861083984 1.469361782073975 -2.0647771358489986
			vertex -8.619002342224121 1.4661891460418706 -2.212953090667724
		endloop
	endfacet
	facet normal -0.30752454899237486 -0.9486716176753326 -0.07382962538374523
		outer loop
			vertex -7.319375514984131 1.0000000000000004 -1.6360431909561155
			vertex -8.664363861083984 1.469361782073975 -2.0647771358489986
			vertex -7.264373779296875 1.0000000000000004 -1.8651434183120725
		endloop
	endfacet
	facet normal -0.8338278024021262 0.5144491740634415 -0.20018302437190771
		outer loop
			vertex -7.264373779296875 1.0000000000000004 -1.8651434183120725
			vertex -8.33963680267334 -0.8502330780029292 -2.1412241458892822
			vertex -7.319375514984131 1.0000000000000004 -1.6360431909561155
		endloop
	endfacet
	facet normal -0.8338279615851639 0.5144491192588256 -0.20018250216377323
		outer loop
			vertex -7.319375514984131 1.0000000000000004 -1.6360431909561155
			vertex -8.33963680267334 -0.8502330780029292 -2.1412241458892822
			vertex -8.381141662597656 -0.8622587323188777 -1.9992470741271975
		endloop
	endfacet
	facet normal -0.8338282934792475 0.5144490657045733 -0.20018125733738823
		outer loop
			vertex -7.319375514984131 1.0000000000000004 -1.6360431909561155
			vertex -8.381141662597656 -0.8622587323188777 -1.9992470741271975
			vertex -8.415680885314941 -0.8722661733627315 -1.8810968399047854
		endloop
	endfacet
	facet normal -0.8397036774863008 0.5144490537505844 -0.17389624812258325
		outer loop
			vertex -7.319375514984131 1.0000000000000004 -1.6360431909561155
			vertex -8.415680885314941 -0.8722661733627315 -1.8810968399047854
			vertex -7.367154598236084 1.0000000000000002 -1.405329346656799
		endloop
	endfacet
	facet normal -0.309691649157642 -0.9486716036835554 -0.06413478624343524
		outer loop
			vertex -7.367154598236084 1.0000000000000002 -1.405329346656799
			vertex -8.747451782226562 1.4768772125244145 -1.7940943241119383
			vertex -7.319375514984131 1.0000000000000004 -1.6360431909561155
		endloop
	endfacet
	facet normal -0.3096915862029115 -0.9486715888125818 -0.06413531020379229
		outer loop
			vertex -7.319375514984131 1.0000000000000004 -1.6360431909561155
			vertex -8.747451782226562 1.4768772125244145 -1.7940943241119383
			vertex -8.701065063476562 1.4719288349151616 -1.94488787651062
		endloop
	endfacet
	facet normal -0.30969907568647453 -0.9486710106528653 -0.06410769115959875
		outer loop
			vertex -7.367154598236084 1.0000000000000002 -1.405329346656799
			vertex -8.747969627380371 1.4769324064254765 -1.7924094200134275
			vertex -8.747451782226562 1.4768772125244145 -1.7940943241119383
		endloop
	endfacet
	facet normal -0.3096917608994176 -0.948671586900928 -0.06413449491415144
		outer loop
			vertex -8.769729614257812 1.4759554862976079 -1.6728845834732053
			vertex -8.747969627380371 1.4769324064254765 -1.7924094200134275
			vertex -7.367154598236084 1.0000000000000002 -1.405329346656799
		endloop
	endfacet
	facet normal -0.3097048580984665 -0.9486671524994174 -0.06413684306899078
		outer loop
			vertex -8.769729614257812 1.4759554862976079 -1.6728845834732053
			vertex -8.763138771057129 1.4785506725311284 -1.7430967092514036
			vertex -8.747969627380371 1.4769324064254765 -1.7924094200134275
		endloop
	endfacet
	facet normal -0.8397037777529045 0.5144490155717876 -0.17389587690546168
		outer loop
			vertex -7.367154598236084 1.0000000000000002 -1.405329346656799
			vertex -8.415680885314941 -0.8722661733627315 -1.8810968399047854
			vertex -8.456101417541504 -0.8905520439147946 -1.7400116920471194
		endloop
	endfacet
	facet normal -0.8396823755147046 0.5144846837665937 -0.17389369861950332
		outer loop
			vertex -8.479720115661621 -0.8877123594284054 -1.6175622940063479
			vertex -8.456101417541504 -0.8905520439147946 -1.7400116920471194
			vertex -8.471819877624512 -0.8976627588272091 -1.685149669647217
		endloop
	endfacet
	facet normal -0.30752490047426434 -0.9486715917573105 -0.07382849437002431
		outer loop
			vertex -7.319375514984131 1.0000000000000004 -1.6360431909561155
			vertex -8.701065063476562 1.4719288349151616 -1.94488787651062
			vertex -8.664363861083984 1.469361782073975 -2.0647771358489986
		endloop
	endfacet
	facet normal -0.8271284850367029 0.5144491939754172 -0.22627526612277504
		outer loop
			vertex -7.264373779296875 1.0000000000000004 -1.8651434183120725
			vertex -8.304821968078613 -0.8456096053123469 -2.257974863052368
			vertex -8.33963680267334 -0.8502330780029292 -2.1412241458892822
		endloop
	endfacet
	facet normal -0.8196130292907803 0.5144489805425312 -0.2521442615558425
		outer loop
			vertex -8.22702407836914 -0.8406279087066645 -2.516573190689087
			vertex -8.262349128723145 -0.8399695158004755 -2.4004032611846924
			vertex -7.202202796936035 1.0000000000000004 -2.092402219772339
		endloop
	endfacet
	facet normal -0.8397035269226155 0.5144490614729925 -0.1738969523116417
		outer loop
			vertex -7.367154598236084 1.0000000000000002 -1.405329346656799
			vertex -8.456101417541504 -0.8905520439147946 -1.7400116920471194
			vertex -8.479720115661621 -0.8877123594284054 -1.6175622940063479
		endloop
	endfacet
	facet normal -0.3115534234694907 -0.9486715918499637 -0.054375317390302685
		outer loop
			vertex -7.367154598236084 1.0000000000000002 -1.405329346656799
			vertex -8.784550666809082 1.4719032049179082 -1.5172655582427976
			vertex -8.769729614257812 1.4759554862976079 -1.6728845834732053
		endloop
	endfacet
	facet normal -0.3131076859384114 -0.9486715916607115 -0.04456218331978181
		outer loop
			vertex -7.440860271453857 1.0000000000000002 -0.9399687051773069
			vertex -8.82327938079834 1.464468836784363 -1.1146087646484373
			vertex -8.811185836791992 1.4663578271865847 -1.239795923233032
		endloop
	endfacet
	facet normal -0.3143529430210189 -0.9486715938637464 -0.034704959444484325
		outer loop
			vertex -7.440860271453857 1.0000000000000002 -0.9399687051773069
			vertex -8.838202476501465 1.463841795921326 -0.9622969627380368
			vertex -8.82327938079834 1.464468836784363 -1.1146087646484373
		endloop
	endfacet
	facet normal -0.3143529418372372 -0.9486715925467256 -0.034705006168186656
		outer loop
			vertex -7.466714859008789 1.0000000000000002 -0.7057815790176389
			vertex -8.838202476501465 1.463841795921326 -0.9622969627380368
			vertex -7.440860271453857 1.0000000000000002 -0.9399687051773069
		endloop
	endfacet
	facet normal -0.31435272715199064 -0.9486716198848103 -0.034706203440253575
		outer loop
			vertex -7.466714859008789 1.0000000000000002 -0.7057815790176389
			vertex -8.850519180297852 1.4633241891860964 -0.8365895152091977
			vertex -8.838202476501465 1.463841795921326 -0.9622969627380368
		endloop
	endfacet
	facet normal -0.8489668240658703 0.5144489908270595 -0.1208203934463452
		outer loop
			vertex -7.440860271453857 1.0000000000000002 -0.9399687051773069
			vertex -8.525443077087402 -0.8509070277214048 -1.2000442743301394
			vertex -8.538312911987305 -0.8436259031295774 -1.0786092281341555
		endloop
	endfacet
	facet normal -0.8523422701743537 0.514448960878287 -0.0941005904619084
		outer loop
			vertex -7.440860271453857 1.0000000000000002 -0.9399687051773069
			vertex -8.538312911987305 -0.8436259031295774 -1.0786092281341555
			vertex -8.553205490112305 -0.8412044048309324 -0.9304772019386294
		endloop
	endfacet
	facet normal -0.8447526218873701 0.5144490605387353 -0.14742853158471925
		outer loop
			vertex -7.407662391662598 1.0000000000000002 -1.1732279062271116
			vertex -8.496089935302734 -0.872495889663696 -1.470671892166138
			vertex -8.509783744812012 -0.8597659468650815 -1.3477866649627688
		endloop
	endfacet
	facet normal -0.8523423330794881 0.5144490030063447 -0.09409979036317143
		outer loop
			vertex -7.440860271453857 1.0000000000000002 -0.9399687051773069
			vertex -8.553205490112305 -0.8412044048309324 -0.9304772019386294
			vertex -7.466714859008789 1.0000000000000002 -0.7057815790176389
		endloop
	endfacet
	facet normal -0.3152879059910311 -0.948671623306153 -0.024813050386020122
		outer loop
			vertex -7.466714859008789 1.0000000000000002 -0.7057815790176389
			vertex -8.865660667419434 1.464370131492615 -0.6841829419136044
			vertex -8.850519180297852 1.4633241891860964 -0.8365895152091977
		endloop
	endfacet
	facet normal 0.6793846499032004 -0.7301914263981918 0.07250502251899484
		outer loop
			vertex -8.878143310546875 1.4652323722839358 -0.5585348606109616
			vertex -8.871597290039062 1.46478009223938 -0.6244270801544186
			vertex -8.865660667419434 1.464370131492615 -0.6841829419136044
		endloop
	endfacet
	facet normal -0.31591180164325827 -0.9486715821150205 -0.014898418368907339
		outer loop
			vertex -7.4962992668151855 1 -0.235549598932266
			vertex -8.906211853027344 1.470202922821045 -0.2798580229282376
			vertex -8.893621444702148 1.4679733514785767 -0.4048597216606137
		endloop
	endfacet
	facet normal -0.8548773408036658 0.5144490638877862 -0.06728218817364316
		outer loop
			vertex -7.48520040512085 1 -0.4708983004093168
			vertex -8.57943344116211 -0.8432606458663939 -0.6615681648254397
			vertex -8.590949058532715 -0.8465582132339476 -0.5404661297798159
		endloop
	endfacet
	facet normal -0.8799053975658317 0.47473216530976314 -0.01989629500232423
		outer loop
			vertex -8.63792896270752 -0.8965475559234619 0.000030845403671065575
			vertex -8.627476692199707 -0.8823783993721008 -0.12413573265075703
			vertex -8.637930870056152 -0.8965523838996887 -1.3042587765249511e-14
		endloop
	endfacet
	facet normal -0.8565689299171347 0.5144491276929138 -0.04039509025382567
		outer loop
			vertex -7.4962992668151855 1 -0.235549598932266
			vertex -8.60417652130127 -0.8569964170455932 -0.392919033765793
			vertex -8.615132331848145 -0.8656421303749083 -0.2707104384899141
		endloop
	endfacet
	facet normal -0.3162239096401874 -0.9486715806458106 -0.00496699575738516
		outer loop
			vertex -7.4962992668151855 1 -0.235549598932266
			vertex -8.922151565551758 1.4746986627578735 -0.1237198784947392
			vertex -8.906211853027344 1.470202922821045 -0.2798580229282376
		endloop
	endfacet
	facet normal -0.28622645394282703 -0.9581606089980764 -0.0016323074925597742
		outer loop
			vertex -8.934779167175293 1.478259801864624 0.00003084540367159289
			vertex -8.934782981872559 1.4782609939575195 -7.738556321828095e-15
			vertex -8.922567367553711 1.4748157262802124 -0.11965404450893369
		endloop
	endfacet
	facet normal -0.3162239536762763 -0.9486715651340506 0.004967154865253024
		outer loop
			vertex -7.4962992668151855 1 0.235611289739609
			vertex -8.906205177307129 1.470200777053833 0.27991950511932406
			vertex -8.918827056884766 1.473760724067688 0.15628330409526858
		endloop
	endfacet
	facet normal -0.31591190723612367 -0.9486715739868642 0.014896696805696052
		outer loop
			vertex -7.4962992668151855 1 0.235611289739609
			vertex -8.890718460083008 1.4674581289291382 0.43368285894393954
			vertex -8.906205177307129 1.470200777053833 0.27991950511932406
		endloop
	endfacet
	facet normal -0.3159117484972054 -0.9486715762259793 0.014899920213026831
		outer loop
			vertex -7.48520040512085 0.9999999999999999 0.47095999121665977
			vertex -8.87813663482666 1.4652302265167234 0.5585961937904361
			vertex -8.890718460083008 1.4674581289291382 0.43368285894393954
		endloop
	endfacet
	facet normal -0.315288039264332 -0.9486715686876527 0.02481344515704267
		outer loop
			vertex -7.48520040512085 0.9999999999999999 0.47095999121665977
			vertex -8.862991333007812 1.4641840457916258 0.7110397815704349
			vertex -8.87813663482666 1.4652302265167234 0.5585961937904361
		endloop
	endfacet
	facet normal -0.3152880345887176 -0.9486715694987219 0.024813473558036002
		outer loop
			vertex -7.466714859008789 0.9999999999999999 0.7058433294296267
			vertex -8.862991333007812 1.4641840457916258 0.7110397815704349
			vertex -7.48520040512085 0.9999999999999999 0.47095999121665977
		endloop
	endfacet
	facet normal -0.8548774383366885 0.5144492295750105 0.0672796820190145
		outer loop
			vertex -7.48520040512085 0.9999999999999999 0.47095999121665977
			vertex -8.576854705810547 -0.8425148725509645 0.688703656196594
			vertex -7.466714859008789 0.9999999999999999 0.7058433294296267
		endloop
	endfacet
	facet normal -0.8548772933894612 0.5144491171108216 0.06728238366025079
		outer loop
			vertex -7.466714859008789 0.9999999999999999 0.7058433294296267
			vertex -8.576854705810547 -0.8425148725509645 0.688703656196594
			vertex -8.565349578857422 -0.8392202854156496 0.8096948266029356
		endloop
	endfacet
	facet normal -0.8523422176632302 0.5144490960930431 0.09410032687497993
		outer loop
			vertex -7.466714859008789 0.9999999999999999 0.7058433294296267
			vertex -8.565349578857422 -0.8392202854156496 0.8096948266029356
			vertex -8.550463676452637 -0.8416407108306887 0.9577609300613401
		endloop
	endfacet
	facet normal -0.8523422946609147 0.514449067434295 0.09409978612170697
		outer loop
			vertex -7.466714859008789 0.9999999999999999 0.7058433294296267
			vertex -8.550463676452637 -0.8416407108306887 0.9577609300613401
			vertex -7.440860271453857 0.9999999999999998 0.9400304555892947
		endloop
	endfacet
	facet normal -0.31435303368772416 -0.9486715617400702 0.03470501630860905
		outer loop
			vertex -7.440860271453857 0.9999999999999998 0.9400304555892947
			vertex -8.835591316223145 1.4639490842819212 0.9889388680458072
			vertex -7.466714859008789 0.9999999999999999 0.7058433294296267
		endloop
	endfacet
	facet normal -0.3143527641903917 -0.9486716010135922 0.03470638379560671
		outer loop
			vertex -7.466714859008789 0.9999999999999999 0.7058433294296267
			vertex -8.835591316223145 1.4639490842819212 0.9889388680458072
			vertex -8.850512504577637 1.463322043418884 0.8366506695747379
		endloop
	endfacet
	facet normal -0.3143530533408002 -0.948671572126239 0.03470455438190349
		outer loop
			vertex -7.440860271453857 0.9999999999999998 0.9400304555892947
			vertex -8.823272705078125 1.4644666910171507 1.1146696805953982
			vertex -8.835591316223145 1.4639490842819212 0.9889388680458072
		endloop
	endfacet
	facet normal -0.8548775227810601 0.5144491892465924 0.06727891740539628
		outer loop
			vertex -7.48520040512085 0.9999999999999999 0.47095999121665977
			vertex -8.590944290161133 -0.8465497493743898 0.5405275225639341
			vertex -8.576854705810547 -0.8425148725509645 0.688703656196594
		endloop
	endfacet
	facet normal -0.8565690747025901 0.5144491576193664 0.04039163883618839
		outer loop
			vertex -7.48520040512085 0.9999999999999999 0.47095999121665977
			vertex -8.601874351501465 -0.85517555475235 0.41860094666481
			vertex -8.590944290161133 -0.8465497493743898 0.5405275225639341
		endloop
	endfacet
	facet normal -0.8565689973002099 0.5144490125641438 0.04039512762562694
		outer loop
			vertex -7.4962992668151855 1 0.235611289739609
			vertex -8.601874351501465 -0.85517555475235 0.41860094666481
			vertex -7.48520040512085 0.9999999999999999 0.47095999121665977
		endloop
	endfacet
	facet normal -0.8565691505853138 0.5144489109484377 0.04039317132289505
		outer loop
			vertex -7.4962992668151855 1 0.235611289739609
			vertex -8.615126609802246 -0.8656337261199952 0.27077198028564436
			vertex -8.601874351501465 -0.85517555475235 0.41860094666481
		endloop
	endfacet
	facet normal -0.3152880500896379 -0.9486716006063771 0.024812087248130357
		outer loop
			vertex -7.466714859008789 0.9999999999999999 0.7058433294296267
			vertex -8.850512504577637 1.463322043418884 0.8366506695747379
			vertex -8.862991333007812 1.4641840457916258 0.7110397815704349
		endloop
	endfacet
	facet normal -0.31591171456735334 -0.9486716153148477 0.014898150725277795
		outer loop
			vertex -7.48520040512085 0.9999999999999999 0.47095999121665977
			vertex -8.890718460083008 1.4674581289291382 0.43368285894393954
			vertex -7.4962992668151855 1 0.235611289739609
		endloop
	endfacet
	facet normal -0.8574151553368903 0.5144489307935368 0.013474012171709128
		outer loop
			vertex -7.4962992668151855 1 0.235611289739609
			vertex -8.625547409057617 -0.8797611594200134 0.14704430103301983
			vertex -8.615126609802246 -0.8656337261199952 0.27077198028564436
		endloop
	endfacet
	facet normal -0.8574150352693183 0.5144492151786684 -0.013470794192104766
		outer loop
			vertex -7.5 1 0.00003084540367148669
			vertex -8.627476692199707 -0.8823783993721008 -0.12413573265075703
			vertex -8.63792896270752 -0.8965475559234619 0.000030845403671065575
		endloop
	endfacet
	facet normal -0.8523422538364263 0.5144490474491966 0.09410026516251269
		outer loop
			vertex -7.440860271453857 0.9999999999999998 0.9400304555892947
			vertex -8.550463676452637 -0.8416407108306887 0.9577609300613401
			vertex -8.538308143615723 -0.8436174392700198 1.078670263290405
		endloop
	endfacet
	facet normal -0.31310782085060296 -0.9486715747276065 0.044561595864937825
		outer loop
			vertex -8.808463096618652 1.466779828071594 1.2679723501205447
			vertex -8.823272705078125 1.4644666910171507 1.1146696805953982
			vertex -7.440860271453857 0.9999999999999998 0.9400304555892947
		endloop
	endfacet
	facet normal -0.31155355967238924 -0.9486716029751953 0.0543743428828043
		outer loop
			vertex -7.367154598236084 0.9999999999999997 1.4053910970687868
			vertex -8.769723892211914 1.4759534597396846 1.6729451417922976
			vertex -8.7815523147583 1.472719311714172 1.5487444400787356
		endloop
	endfacet
	facet normal -0.8489663008728044 0.5144490916120119 0.12082364057552215
		outer loop
			vertex -7.407662391662598 0.9999999999999998 1.1732896566390993
			vertex -8.522674560546875 -0.8524620532989504 1.2261738777160642
			vertex -8.50977897644043 -0.8597575426101688 1.3478477001190183
		endloop
	endfacet
	facet normal -0.844752207006484 0.5144491281044306 0.147430673030634
		outer loop
			vertex -7.367154598236084 0.9999999999999997 1.4053910970687868
			vertex -8.493453979492188 -0.8749326467514041 1.494338512420654
			vertex -8.479715347290039 -0.8877039551734928 1.6176230907440183
		endloop
	endfacet
	facet normal -0.3096914373683766 -0.9486715955222812 0.06413592963322834
		outer loop
			vertex -8.737466812133789 1.4758077859878536 1.826549291610718
			vertex -8.769723892211914 1.4759534597396846 1.6729451417922976
			vertex -7.367154598236084 0.9999999999999997 1.4053910970687868
		endloop
	endfacet
	facet normal -0.30967430905045185 -0.9486774303898399 0.0641323271295811
		outer loop
			vertex -8.737466812133789 1.4758077859878536 1.826549291610718
			vertex -8.763138771057129 1.478546261787414 1.7430965900421145
			vertex -8.769723892211914 1.4759534597396846 1.6729451417922976
		endloop
	endfacet
	facet normal -0.3075244202008867 -0.9486715640306392 0.07383085113805203
		outer loop
			vertex -7.264373779296875 0.9999999999999996 1.8652051687240603
			vertex -8.61898422241211 1.466182947158813 2.2130098342895512
			vertex -8.655657768249512 1.4687479734420772 2.093213796615601
		endloop
	endfacet
	facet normal -0.8338286416926948 0.5144491321218827 0.20017963620697687
		outer loop
			vertex -7.264373779296875 0.9999999999999996 1.8652051687240603
			vertex -8.374070167541504 -0.8601893782615666 2.0234439373016357
			vertex -8.339622497558594 -0.8502084016799931 2.141281843185425
		endloop
	endfacet
	facet normal -0.8271279284330199 0.5144491571075693 0.22627738454695986
		outer loop
			vertex -7.264373779296875 0.9999999999999996 1.8652051687240603
			vertex -8.339622497558594 -0.8502084016799931 2.141281843185425
			vertex -8.29710578918457 -0.8445623517036444 2.2838597297668457
		endloop
	endfacet
	facet normal -0.8397033959182223 0.5144490865732257 0.1738975106416965
		outer loop
			vertex -7.319375514984131 0.9999999999999997 1.6361049413681032
			vertex -8.45002269744873 -0.8877838253974919 1.7612383365631101
			vertex -8.415666580200195 -0.8722414970397954 1.8811550140380857
		endloop
	endfacet
	facet normal -0.8271282097371198 0.514449107050323 0.22627647008072393
		outer loop
			vertex -7.264373779296875 0.9999999999999996 1.8652051687240603
			vertex -8.29710578918457 -0.8445623517036444 2.2838597297668457
			vertex -7.202202796936035 0.9999999999999996 2.0924642086029053
		endloop
	endfacet
	facet normal -0.3022819025496685 -0.9486716051554781 0.0929937469009703
		outer loop
			vertex -7.202202796936035 0.9999999999999996 2.0924642086029053
			vertex -8.493147850036621 1.4637196063995355 2.626782894134522
			vertex -8.537522315979004 1.4635107517242427 2.4804103374481206
		endloop
	endfacet
	facet normal -0.29921181100313127 -0.9486715952894955 0.10244264955139479
		outer loop
			vertex -7.056605815887451 0.9999999999999994 2.540565252304077
			vertex -8.375709533691406 1.4673293828964227 3.0154719352722172
			vertex -8.412108421325684 1.465780615806579 2.894816637039185
		endloop
	endfacet
	facet normal -0.811287164040526 0.5144490355962431 0.2777684777601236
		outer loop
			vertex -7.056605815887451 0.9999999999999994 2.540565252304077
			vertex -8.139728546142578 -0.8486551642417914 2.8009090423583984
			vertex -8.103586196899414 -0.8546108007431037 2.917501449584961
		endloop
	endfacet
	facet normal -0.819611641748547 0.5144489771355959 0.25214877876839026
		outer loop
			vertex -7.1329240798950195 0.9999999999999994 2.3176581859588623
			vertex -8.219026565551758 -0.8407517671585089 2.5428848266601562
			vertex -8.183694839477539 -0.8414103388786321 2.659074544906616
		endloop
	endfacet
	facet normal -0.7700780823965461 0.5144491243110553 0.37725567657498177
		outer loop
			vertex -6.682548999786377 0.9999999999999992 3.4049594402313232
			vertex -7.723764419555664 -0.8473486304283151 3.7987234592437744
			vertex -7.666970252990723 -0.8414027094841012 3.9065470695495605
		endloop
	endfacet
	facet normal -0.2795022586214618 -0.9486715988737917 0.14798879996724498
		outer loop
			vertex -6.682548999786377 0.9999999999999992 3.4049594402313232
			vertex -7.850409984588623 1.4636813402175894 4.17164945602417
			vertex -7.922536849975586 1.463890314102172 4.036765098571777
		endloop
	endfacet
	facet normal 0.1699085607282384 -0.982213919323601 -0.07991806853415047
		outer loop
			vertex -7.790827751159668 1.4635088443756095 4.283074855804443
			vertex -7.718691825866699 1.4649749994277945 4.418418884277344
			vertex -7.72338342666626 1.464879631996154 4.409616470336914
		endloop
	endfacet
	facet normal -0.27471585133385545 -0.9486716092161239 0.1566951782704401
		outer loop
			vertex -6.455564975738525 0.9999999999999991 3.8178412914276123
			vertex -7.6593499183654785 1.4661810398101796 4.529757976531982
			vertex -7.718691825866699 1.4649749994277945 4.418418884277344
		endloop
	endfacet
	facet normal -0.2696580486572163 -0.9486716064299767 0.1652474506549185
		outer loop
			vertex -6.455564975738525 0.9999999999999991 3.8178412914276123
			vertex -7.5866498947143555 1.469353675842284 4.666606903076172
			vertex -7.6593499183654785 1.4661810398101796 4.529757976531982
		endloop
	endfacet
	facet normal -0.2696587890270525 -0.9486715712310371 0.1652464445563016
		outer loop
			vertex -6.332459449768066 0.9999999999999991 4.018732070922852
			vertex -7.5866498947143555 1.469353675842284 4.666606903076172
			vertex -6.455564975738525 0.9999999999999991 3.8178412914276123
		endloop
	endfacet
	facet normal -0.7311575914260574 0.5144490968880013 0.448052121087677
		outer loop
			vertex -6.455564975738525 0.9999999999999991 3.8178412914276123
			vertex -7.411092281341553 -0.8502009510993968 4.382938861846924
			vertex -6.332459449768066 0.9999999999999991 4.018732070922852
		endloop
	endfacet
	facet normal -0.26965918490943147 -0.9486715898445679 0.1652456916708
		outer loop
			vertex -6.332459449768066 0.9999999999999991 4.018732070922852
			vertex -7.52782678604126 1.471920609474181 4.777335166931152
			vertex -7.5866498947143555 1.469353675842284 4.666606903076172
		endloop
	endfacet
	facet normal -0.7578463549627084 0.5144491214687241 0.40126176455001894
		outer loop
			vertex -7.596874713897705 -0.8405956625938424 4.037899971008301
			vertex -7.539709568023682 -0.839937388896943 4.145021438598633
			vertex -6.572299957275391 0.9999999999999992 3.6131832599639893
		endloop
	endfacet
	facet normal 0.05823965986071111 -0.9979908837248516 -0.024946703617891537
		outer loop
			vertex -7.596874713897705 -0.8405956625938424 4.037899971008301
			vertex -7.563686370849609 -0.8402134776115426 4.100090980529785
			vertex -7.539709568023682 -0.839937388896943 4.145021438598633
		endloop
	endfacet
	facet normal -0.7448689297445896 0.5144490940722232 0.4248675171267142
		outer loop
			vertex -6.455564975738525 0.9999999999999991 3.8178412914276123
			vertex -7.469028949737549 -0.845577597618104 4.2757673263549805
			vertex -7.411092281341553 -0.8502009510993968 4.382938861846924
		endloop
	endfacet
	facet normal -0.7311580417738931 0.5144491930370755 0.44805127578533666
		outer loop
			vertex -6.332459449768066 0.9999999999999991 4.018732070922852
			vertex -7.411092281341553 -0.8502009510993968 4.382938861846924
			vertex -7.340047359466553 -0.8622260093688975 4.512681484222412
		endloop
	endfacet
	facet normal -0.2643349518823337 -0.948671597441684 0.17363534611595624
		outer loop
			vertex -6.332459449768066 0.9999999999999991 4.018732070922852
			vertex -7.454000949859619 1.4768687486648548 4.916759014129639
			vertex -7.52782678604126 1.471920609474181 4.777335166931152
		endloop
	endfacet
	facet normal -0.2643294107224483 -0.9486738253915464 0.1736316090004731
		outer loop
			vertex -7.384045600891113 1.475947618484496 5.018222808837891
			vertex -7.42902946472168 1.4785424470901478 4.963918685913086
			vertex -7.4531755447387695 1.4769240617752064 4.9183173179626465
		endloop
	endfacet
	facet normal -0.2587502473242997 -0.9486715934845595 0.18185300994231685
		outer loop
			vertex -6.067627429962158 0.999999999999999 4.408420562744141
			vertex -7.205099105834961 1.4686640501022328 5.234841823577881
			vertex -7.284487724304199 1.4718953371047963 5.138740062713623
		endloop
	endfacet
	facet normal -0.7015783485629183 0.5144489822148751 0.49308220970321737
		outer loop
			vertex -6.067627429962158 0.999999999999999 4.408420562744141
			vertex -7.047569751739502 -0.8724639415740978 4.9677205085754395
			vertex -6.970361232757568 -0.8597342967987072 5.064294815063477
		endloop
	endfacet
	facet normal -0.7167223638039983 0.5144490991102343 0.470798446947181
		outer loop
			vertex -6.203104496002197 0.9999999999999991 4.215656280517578
			vertex -7.209745407104492 -0.8905196189880381 4.748992919921875
			vertex -7.139863014221191 -0.8876808881759655 4.852276802062988
		endloop
	endfacet
	facet normal -0.7167234180461778 0.5144469228290396 0.47079922006725555
		outer loop
			vertex -7.139863014221191 -0.8876808881759655 4.852276802062988
			vertex -7.209745407104492 -0.8905196189880381 4.748992919921875
			vertex -7.182065010070801 -0.8976305723190319 4.79890251159668
		endloop
	endfacet
	facet normal -0.685746988730263 0.5144489604359128 0.514872153601052
		outer loop
			vertex -6.067627429962158 0.999999999999999 4.408420562744141
			vertex -6.970361232757568 -0.8597342967987072 5.064294815063477
			vertex -6.876963138580322 -0.85087549686432 5.179838180541992
		endloop
	endfacet
	facet normal -0.25291086979909755 -0.9486715942321164 0.18989022680106243
		outer loop
			vertex -6.067627429962158 0.999999999999999 4.408420562744141
			vertex -7.107121467590332 1.466349720954894 5.353774070739746
			vertex -7.205099105834961 1.4686640501022328 5.234841823577881
		endloop
	endfacet
	facet normal -0.24682103192624738 -0.9486716070004497 0.19774114460588813
		outer loop
			vertex -5.778849124908447 0.9999999999999989 4.780710697174072
			vertex -6.849823474884033 1.4633163213729845 5.6666975021362305
			vertex -6.930004119873047 1.4638338088989244 5.569098472595215
		endloop
	endfacet
	facet normal -0.6692329427587397 0.5144491946355977 0.5361616309148411
		outer loop
			vertex -5.9261627197265625 0.999999999999999 4.5968337059021
			vertex -6.800198078155518 -0.8435940742492688 5.274805068969727
			vertex -6.705982208251953 -0.8411728143692029 5.390081405639648
		endloop
	endfacet
	facet normal -0.24048802592603258 -0.9486716049261812 0.20539643471341834
		outer loop
			vertex -5.778849124908447 0.9999999999999989 4.780710697174072
			vertex -6.752763748168945 1.4643621444702135 5.785170078277588
			vertex -6.849823474884033 1.4633163213729845 5.6666975021362305
		endloop
	endfacet
	facet normal 0.24207813093579186 -0.9514865487803844 -0.18992505367282947
		outer loop
			vertex -6.67274284362793 1.4652243852615343 5.882844924926758
			vertex -6.714702606201172 1.4647722244262682 5.831628322601318
			vertex -6.752763748168945 1.4643621444702135 5.785170078277588
		endloop
	endfacet
	facet normal -0.233918595774761 -0.9486715996736774 0.21284803622150217
		outer loop
			vertex -5.467264652252197 0.9999999999999989 5.134134292602539
			vertex -6.495536804199219 1.4701949357986437 6.099746227264404
			vertex -6.575024604797363 1.4679653644561754 6.002452373504639
		endloop
	endfacet
	facet normal -0.6520629890617358 0.5144490695878365 0.5569165225561944
		outer loop
			vertex -5.625833034515381 0.9999999999999989 4.959869861602783
			vertex -6.53438138961792 -0.8432291746139539 5.5987749099731445
			vertex -6.456892967224121 -0.8465265631675732 5.692547798156738
		endloop
	endfacet
	facet normal -0.6342498552888806 0.5144490595876707 0.5771215523227281
		outer loop
			vertex -5.467264652252197 0.9999999999999989 5.134134292602539
			vertex -6.361913681030273 -0.856965005397798 5.8062334060668945
			vertex -6.283247470855713 -0.8656107187271131 5.900393486022949
		endloop
	endfacet
	facet normal -0.6158084201334292 0.5144490701749168 0.5967597036403628
		outer loop
			vertex -5.467264652252197 0.9999999999999989 5.134134292602539
			vertex -6.283247470855713 -0.8656107187271131 5.900393486022949
			vertex -5.303300857543945 0.9999999999999988 5.3033318519592285
		endloop
	endfacet
	facet normal -0.6183241540708042 0.5097507956316649 0.5981884041382859
		outer loop
			vertex -6.188331604003906 -0.8823471069335951 6.012767314910889
			vertex -6.1079421043396 -0.8965220451354994 6.1079421043396
			vertex -6.1079254150390625 -0.8965185880661024 6.107956409454346
		endloop
	endfacet
	facet normal -0.22009147920071487 -0.9486715951924988 0.2271165895705577
		outer loop
			vertex -5.303300857543945 0.9999999999999988 5.3033318519592285
			vertex -6.1960625648498535 1.473753452301024 6.417064666748047
			vertex -6.3178277015686035 1.47825253009796 6.317858695983887
		endloop
	endfacet
	facet normal -0.21284853280307625 -0.9486716009677633 0.23391813867427877
		outer loop
			vertex -4.9598388671875 0.9999999999999988 5.625864028930664
			vertex -5.882811069488525 1.46522283554077 6.6727705001831055
			vertex -5.980035781860352 1.467450857162474 6.593338966369629
		endloop
	endfacet
	facet normal -0.5771210819719323 0.5144491135450999 0.6342502395081984
		outer loop
			vertex -5.134103298187256 0.9999999999999988 5.4672956466674805
			vertex -5.900360107421875 -0.8656048178672805 6.283276081085205
			vertex -5.786457061767578 -0.8551464676857009 6.37843656539917
		endloop
	endfacet
	facet normal -0.2053962988376786 -0.9486715989055449 0.24048816572501036
		outer loop
			vertex -4.9598388671875 0.9999999999999988 5.625864028930664
			vertex -5.764309883117676 1.4641768932342514 6.7698540687561035
			vertex -5.882811069488525 1.46522283554077 6.6727705001831055
		endloop
	endfacet
	facet normal -0.19774159336881622 -0.9486715837612271 0.24682076171976902
		outer loop
			vertex -4.596802711486816 0.9999999999999987 5.926193714141846
			vertex -5.450814247131348 1.4644594192504867 7.0271782875061035
			vertex -5.548431396484375 1.4639419317245468 6.9469828605651855
		endloop
	endfacet
	facet normal -0.18989008002663155 -0.9486715830323204 0.2529110220105703
		outer loop
			vertex -5.331942558288574 1.46677255630493 7.125105857849121
			vertex -5.450814247131348 1.4644594192504867 7.0271782875061035
			vertex -4.596802711486816 0.9999999999999987 5.926193714141846
		endloop
	endfacet
	facet normal -0.1898907934614828 -0.9486715593138844 0.2529105753177037
		outer loop
			vertex -4.408389568328857 0.9999999999999987 6.067658424377441
			vertex -5.331942558288574 1.46677255630493 7.125105857849121
			vertex -4.596802711486816 0.9999999999999987 5.926193714141846
		endloop
	endfacet
	facet normal -0.18989133111228862 -0.9486715750308422 0.25291011268216346
		outer loop
			vertex -4.408389568328857 0.9999999999999987 6.067658424377441
			vertex -5.234808444976807 1.4686626195907577 7.2051262855529785
			vertex -5.331942558288574 1.46677255630493 7.125105857849121
		endloop
	endfacet
	facet normal -0.5361577219438943 0.5144491436096077 0.6692361136693648
		outer loop
			vertex -4.780679702758789 0.9999999999999987 5.7788801193237305
			vertex -5.484086990356445 -0.8391919732093825 6.629153251647949
			vertex -5.368861198425293 -0.8416121602058425 6.723326683044434
		endloop
	endfacet
	facet normal 0.061939177994414556 0.9968182872427291 -0.05016812182898807
		outer loop
			vertex -5.368861198425293 -0.8416121602058425 6.723326683044434
			vertex -5.484086990356445 -0.8391919732093825 6.629153251647949
			vertex -5.418893814086914 -0.8405612707138076 6.682435512542725
		endloop
	endfacet
	facet normal -0.514873176314219 0.5144491201638013 0.685746101027777
		outer loop
			vertex -4.596802711486816 0.9999999999999987 5.926193714141846
			vertex -5.1594157218933105 -0.8524328470230118 6.893473148345947
			vertex -4.408389568328857 0.9999999999999987 6.067658424377441
		endloop
	endfacet
	facet normal -0.18185248659668107 -0.9486715767425511 0.258750676519707
		outer loop
			vertex -4.408389568328857 0.9999999999999987 6.067658424377441
			vertex -5.114377975463867 1.4727119207382187 7.304612159729004
			vertex -5.234808444976807 1.4686626195907577 7.2051262855529785
		endloop
	endfacet
	facet normal -0.17363459193161826 -0.9486716020208761 0.26433543085232625
		outer loop
			vertex -5.018189907073975 1.475946187973021 7.384072780609131
			vertex -4.886769771575928 1.4758014678955063 7.469879627227783
			vertex -4.963918685913086 1.4785395860671982 7.42902946472168
		endloop
	endfacet
	facet normal -0.17363627640167228 -0.9486715748844948 0.2643344217530788
		outer loop
			vertex -4.018701076507568 0.9999999999999986 6.33249044418335
			vertex -4.777297019958496 1.471916198730467 7.527846336364746
			vertex -4.886769771575928 1.4758014678955063 7.469879627227783
		endloop
	endfacet
	facet normal -0.49307831924985235 0.5144490456536585 0.701581036311402
		outer loop
			vertex -4.215625286102295 0.9999999999999987 6.203135013580322
			vertex -4.949132919311523 -0.8749042749404923 7.062431335449219
			vertex -4.852243900299072 -0.8876754641532913 7.139890670776367
		endloop
	endfacet
	facet normal -0.1652472366183402 -0.9486715805893845 0.2696582707280486
		outer loop
			vertex -4.018701076507568 0.9999999999999986 6.33249044418335
			vertex -4.64036226272583 1.4687415361404401 7.600591659545898
			vertex -4.777297019958496 1.471916198730467 7.527846336364746
		endloop
	endfacet
	facet normal -0.1479891379140404 -0.9486715756344452 0.27950215856540134
		outer loop
			vertex -3.404928684234619 0.9999999999999986 6.68257999420166
			vertex -4.0367279052734375 1.4638859033584577 7.922555923461914
			vertex -4.148160457611084 1.4637132883071882 7.862969398498535
		endloop
	endfacet
	facet normal -0.4012596176439599 0.5144490947809406 0.7578475098113698
		outer loop
			vertex -3.404928684234619 0.9999999999999986 6.68257999420166
			vertex -4.013651371002197 -0.84072655439377 7.609817028045654
			vertex -3.9065113067626953 -0.8413849472999589 7.666991710662842
		endloop
	endfacet
	facet normal -0.42486646600038813 0.5144490467341912 0.744869561992315
		outer loop
			vertex -3.817810535430908 0.9999999999999986 6.455595970153809
			vertex -4.252019882202148 -0.8445370793342607 7.481868743896484
			vertex -3.613152503967285 0.9999999999999986 6.572330951690674
		endloop
	endfacet
	facet normal 0.9486833027626747 7.021666623260424e-17 -0.31622775188035496
		outer loop
			vertex -3 6 -1.4999999999999987
			vertex -3 10 -1.4999999999999978
			vertex -2.200000047683716 10 0.8999999761581443
		endloop
	endfacet
	facet normal 0.9486832792018697 7.131380057983037e-17 -0.316227822562765
		outer loop
			vertex -2 6 1.5000000000000013
			vertex -2.200000047683716 10 0.8999999761581443
			vertex -2 10 1.5000000000000022
		endloop
	endfacet
	facet normal 0.9486832980505138 9.424321900991153e-9 -0.31622776601683794
		outer loop
			vertex -3 6 -1.4999999999999987
			vertex -2.200000047683716 10 0.8999999761581443
			vertex -2 6 1.5000000000000013
		endloop
	endfacet
	facet normal -0.514495751669397 1.9040167841653453e-16 -0.8574929279674219
		outer loop
			vertex -2 6 1.5000000000000013
			vertex -2 10 1.5000000000000022
			vertex 2 10 -0.8999999761581399
		endloop
	endfacet
	facet normal 0 -2.220446049250313e-16 1
		outer loop
			vertex -3 6 -1.4999999999999987
			vertex -1.7999999523162842 10 -1.4999999999999978
			vertex -3 10 -1.4999999999999978
		endloop
	endfacet
	facet normal 0 -2.220446049250313e-16 1
		outer loop
			vertex 3 6 -1.4999999999999987
			vertex -1.7999999523162842 10 -1.4999999999999978
			vertex -3 6 -1.4999999999999987
		endloop
	endfacet
	facet normal 0 -2.220446049250313e-16 1
		outer loop
			vertex 3 6 -1.4999999999999987
			vertex 3 10 -1.4999999999999978
			vertex -1.7999999523162842 10 -1.4999999999999978
		endloop
	endfacet
	facet normal -0.5144957704600444 1.9040167591311739e-16 -0.8574929166930334
		outer loop
			vertex 3 6 -1.4999999999999987
			vertex 2 10 -0.8999999761581399
			vertex 3 10 -1.4999999999999978
		endloop
	endfacet
	facet normal -0.5144957554275266 5.11105631385234e-9 -0.8574929257125443
		outer loop
			vertex -2 6 1.5000000000000013
			vertex 2 10 -0.8999999761581399
			vertex 3 6 -1.4999999999999987
		endloop
	endfacet
	facet normal 0 -1 0
		outer loop
			vertex -3 6 -1.4999999999999987
			vertex 3 6 -1.4999999999999987
			vertex -2 6 1.5000000000000013
		endloop
	endfacet
endsolid exported
