solid exported
	facet normal 0 -1 -2.220446049250313e-16
		outer loop
			vertex -0.7474285364151001 -4.006688716057087e-16 1.8044521808624268
			vertex -1.148050308227539 -6.154274049975769e-16 2.7716386318206787
			vertex -1.089309573173523 -3.7764095744562045e-16 1.7007436752319336
		endloop
	endfacet
	facet normal 0 -1 -2.220446049250313e-16
		outer loop
			vertex -1.148050308227539 -6.154274049975769e-16 2.7716386318206787
			vertex -0.7474285364151001 -4.006688716057087e-16 1.8044521808624268
			vertex -0.38103580474853516 -4.2534781179867317e-16 1.9155962467193604
		endloop
	endfacet
	facet normal 0 -1 -2.220446049250313e-16
		outer loop
			vertex -0.5852710008621216 -6.53334246969575e-16 2.9423558712005615
			vertex -1.148050308227539 -6.154274049975769e-16 2.7716386318206787
			vertex -0.38103580474853516 -4.2534781179867317e-16 1.9155962467193604
		endloop
	endfacet
	facet normal 0 -1 -2.220446049250313e-16
		outer loop
			vertex -0.5852709412574768 -6.53334246969575e-16 2.9423558712005615
			vertex -0.3810357451438904 -4.2534781179867317e-16 1.9155962467193604
			vertex -4.783776329505087e-16 -4.3368086899420177e-16 1.953125
		endloop
	endfacet
	facet normal 0 -1 -2.220446049250313e-16
		outer loop
			vertex -7.347880586115415e-16 -6.661338147750939e-16 3
			vertex -0.5852709412574768 -6.53334246969575e-16 2.9423558712005615
			vertex -4.783776329505087e-16 -4.3368086899420177e-16 1.953125
		endloop
	endfacet
	facet normal 0 -1 -2.220446049250313e-16
		outer loop
			vertex -2.1213202476501465 -4.7102771630894635e-16 2.1213202476501465
			vertex -2.4944088459014893 -3.700841265369116e-16 1.6667107343673706
			vertex -1.6239640712738037 -2.4094018944260064e-16 1.085098147392273
		endloop
	endfacet
	facet normal 0 -1 -2.220446049250313e-16
		outer loop
			vertex -2.4944088459014893 -3.700841265369116e-16 1.6667107343673706
			vertex -2.5 -3.677614827862015e-16 1.6562504768371582
			vertex -2.5 -2.5160994584180784e-16 1.1331504583358765
		endloop
	endfacet
	facet normal 0 -1 -2.220446049250313e-16
		outer loop
			vertex -1.6239640712738037 -2.4094018944260064e-16 1.085098147392273
			vertex -2.4944088459014893 -3.700841265369116e-16 1.6667107343673706
			vertex -2.5 -2.5160994584180784e-16 1.1331504583358765
		endloop
	endfacet
	facet normal 0 -1 -2.220446049250313e-16
		outer loop
			vertex -1.148050308227539 -6.154274049975769e-16 2.7716386318206787
			vertex -1.6667107343673706 -5.538700267096995e-16 2.4944088459014893
			vertex -1.085098147392273 -3.6059246061843713e-16 1.6239640712738037
		endloop
	endfacet
	facet normal 0 -1 -2.220446049250313e-16
		outer loop
			vertex -1.6667107343673706 -5.538700267096995e-16 2.4944088459014893
			vertex -2.1213202476501465 -4.7102771630894635e-16 2.1213202476501465
			vertex -1.085098147392273 -3.6059246061843713e-16 1.6239640712738037
		endloop
	endfacet
	facet normal 0 -1 -2.220446049250313e-16
		outer loop
			vertex -1.085098147392273 -3.6059246061843713e-16 1.6239640712738037
			vertex -2.1213202476501465 -4.7102771630894635e-16 2.1213202476501465
			vertex -1.4362627267837524 -3.189143897372465e-16 1.4362627267837524
		endloop
	endfacet
	facet normal 0 -1 -2.220446049250313e-16
		outer loop
			vertex -1.3810678720474243 -3.06658670023424e-16 1.3810678720474243
			vertex -1.4362627267837524 -3.189143897372465e-16 1.4362627267837524
			vertex -1.6239640712738037 -2.4094018944260064e-16 1.085098147392273
		endloop
	endfacet
	facet normal 0 -1 -2.220446049250313e-16
		outer loop
			vertex -2.1213202476501465 -4.7102771630894635e-16 2.1213202476501465
			vertex -1.6239640712738037 -2.4094018944260064e-16 1.085098147392273
			vertex -1.4362627267837524 -3.189143897372465e-16 1.4362627267837524
		endloop
	endfacet
	facet normal 0 -1 -2.220446049250313e-16
		outer loop
			vertex -1.3810678720474243 -3.06658670023424e-16 1.3810678720474243
			vertex -1.085098147392273 -3.6059246061843713e-16 1.6239640712738037
			vertex -1.4362627267837524 -3.189143897372465e-16 1.4362627267837524
		endloop
	endfacet
	facet normal 0 -1 -2.220446049250313e-16
		outer loop
			vertex -1.085098147392273 -3.6059246061843713e-16 1.6239640712738037
			vertex -0.7474285960197449 -4.006688716057087e-16 1.8044521808624268
			vertex -1.089309573173523 -3.7764095744562045e-16 1.7007436752319336
		endloop
	endfacet
	facet normal 0 -1 -2.220446049250313e-16
		outer loop
			vertex -1.8044521808624268 -1.6596247407798528e-16 0.7474285364151001
			vertex -2.5 -2.5160991937202824e-16 1.133150339126587
			vertex -2.5 -2.299347168287051e-16 1.0355339050292969
		endloop
	endfacet
	facet normal 0 -1 -2.220446049250313e-16
		outer loop
			vertex -1.8044521808624268 -1.6596247407798528e-16 0.7474285364151001
			vertex -1.7007436752319336 -2.418753138163694e-16 1.089309573173523
			vertex -2.5 -2.5160991937202824e-16 1.133150339126587
		endloop
	endfacet
	facet normal 0 -1 -2.220446049250313e-16
		outer loop
			vertex -1.8044521808624268 -1.6596247407798528e-16 0.7474285364151001
			vertex -2.5 -2.299347168287051e-16 1.0355339050292969
			vertex -2.5 -1.4395355378833376e-16 0.6483091711997986
		endloop
	endfacet
	facet normal 0 -1 -2.220446049250313e-16
		outer loop
			vertex -1.9155962467193604 -8.460694472767986e-17 0.38103580474853516
			vertex -2.5 -1.4395355378833376e-16 0.6483091711997986
			vertex -2.5 -1.1041855325958055e-16 0.49728095531463623
		endloop
	endfacet
	facet normal 0 -1 -2.220446049250313e-16
		outer loop
			vertex -1.9155962467193604 -8.460694472767986e-17 0.38103580474853516
			vertex -1.8044521808624268 -1.6596247407798528e-16 0.7474285364151001
			vertex -2.5 -1.4395355378833376e-16 0.6483091711997986
		endloop
	endfacet
	facet normal 0 -1 -2.220446049250313e-16
		outer loop
			vertex -1.953125 -3.0768065047674276e-32 1.3856704628361705e-16
			vertex -2.5 -7.184352140620704e-17 0.32355445623397827
			vertex -2.5 -2.2243628338692658e-32 1.0017639629750406e-16
		endloop
	endfacet
	facet normal 0 -1 -2.220446049250313e-16
		outer loop
			vertex -1.9921536445617676 -8.798828040078432e-17 0.396263986825943
			vertex -2.5 -1.1041854002469075e-16 0.49728089570999146
			vertex -2.5 -7.184352140620704e-17 0.32355445623397827
		endloop
	endfacet
	facet normal 0 -1 -2.220446049250313e-16
		outer loop
			vertex -1.953125 -3.0768065047674276e-32 1.3856704628361705e-16
			vertex -1.9921536445617676 -8.798828040078432e-17 0.396263986825943
			vertex -2.5 -7.184352140620704e-17 0.32355445623397827
		endloop
	endfacet
	facet normal 0 -1 -2.220446049250313e-16
		outer loop
			vertex -1.9155962467193604 -8.460693149279006e-17 0.3810357451438904
			vertex -1.9921536445617676 -8.798828040078432e-17 0.396263986825943
			vertex -1.953125 -3.0768065047674276e-32 1.3856704628361705e-16
		endloop
	endfacet
	facet normal 0 -1 -2.220446049250313e-16
		outer loop
			vertex -1.6239640712738037 -2.4094018944260064e-16 1.085098147392273
			vertex -1.7007436752319336 -2.418753138163694e-16 1.089309573173523
			vertex -1.8044521808624268 -1.6596248731287508e-16 0.7474285960197449
		endloop
	endfacet
	facet normal 0 -1 -2.220446049250313e-16
		outer loop
			vertex -1.953125 -1.9119792141658754e-33 8.61078887645757e-18
			vertex -2.5 2.0394468460989687e-32 -9.184852056133249e-17
			vertex -2.5 7.184352140620704e-17 -0.32355445623397827
		endloop
	endfacet
	facet normal 0 -1 -2.220446049250313e-16
		outer loop
			vertex -1.9155962467193604 8.460693149279006e-17 -0.3810357451438904
			vertex -2.5 7.184352140620704e-17 -0.32355445623397827
			vertex -2.5 1.1041854002469075e-16 -0.49728089570999146
		endloop
	endfacet
	facet normal 0 -1 -2.220446049250313e-16
		outer loop
			vertex -1.9155962467193604 8.460693149279006e-17 -0.3810357451438904
			vertex -1.953125 1.251606287606886e-32 -5.636733610480941e-17
			vertex -2.5 7.184352140620704e-17 -0.32355445623397827
		endloop
	endfacet
	facet normal 0 -1 -2.220446049250313e-16
		outer loop
			vertex -1.9155962467193604 8.460694472767986e-17 -0.38103580474853516
			vertex -2.5 1.1041855325958055e-16 -0.49728095531463623
			vertex -2.5 2.0087530604434562e-16 -0.9046619534492493
		endloop
	endfacet
	facet normal 0 -1 -2.220446049250313e-16
		outer loop
			vertex -1.8044521808624268 1.6596247407798528e-16 -0.7474285364151001
			vertex -2.5 2.0087530604434562e-16 -0.9046619534492493
			vertex -2.5 2.299347168287051e-16 -1.0355339050292969
		endloop
	endfacet
	facet normal 0 -1 -2.220446049250313e-16
		outer loop
			vertex -1.8044521808624268 1.6596247407798528e-16 -0.7474285364151001
			vertex -1.9155962467193604 8.460694472767986e-17 -0.38103580474853516
			vertex -2.5 2.0087530604434562e-16 -0.9046619534492493
		endloop
	endfacet
	facet normal 0 -1 -2.220446049250313e-16
		outer loop
			vertex -1.8044521808624268 1.6596247407798528e-16 -0.7474285364151001
			vertex -2.5 2.299347168287051e-16 -1.0355339050292969
			vertex -2.5 2.538273457488216e-16 -1.143136739730835
		endloop
	endfacet
	facet normal 0 -1 -2.220446049250313e-16
		outer loop
			vertex -1.6888662576675415 2.5056941880566513e-16 -1.1284643411636353
			vertex -1.8044521808624268 1.6596247407798528e-16 -0.7474285364151001
			vertex -2.5 2.538273457488216e-16 -1.143136739730835
		endloop
	endfacet
	facet normal 0 -1 -2.220446049250313e-16
		outer loop
			vertex -1.6888662576675415 2.5056941880566513e-16 -1.1284643411636353
			vertex -1.6239640712738037 2.4094018944260064e-16 -1.085098147392273
			vertex -1.8044521808624268 1.6596248731287508e-16 -0.7474285960197449
		endloop
	endfacet
	facet normal 0 -1 -2.220446049250313e-16
		outer loop
			vertex -2.4944088459014893 3.700841265369116e-16 -1.6667107343673706
			vertex -1.4362627267837524 3.189143897372465e-16 -1.4362627267837524
			vertex -1.6239640712738037 2.4094018944260064e-16 -1.085098147392273
		endloop
	endfacet
	facet normal 0 -1 -2.220446049250313e-16
		outer loop
			vertex -2.4944088459014893 3.700841265369116e-16 -1.6667107343673706
			vertex -2.5 2.538273457488216e-16 -1.143136739730835
			vertex -2.5 3.677614827862015e-16 -1.6562504768371582
		endloop
	endfacet
	facet normal 0 -1 -2.220446049250313e-16
		outer loop
			vertex -2.4944088459014893 3.700841265369116e-16 -1.6667107343673706
			vertex -1.6888662576675415 2.5056941880566513e-16 -1.1284643411636353
			vertex -2.5 2.538273457488216e-16 -1.143136739730835
		endloop
	endfacet
	facet normal 0 -1 -2.220446049250313e-16
		outer loop
			vertex -2.4944088459014893 3.700841265369116e-16 -1.6667107343673706
			vertex -2.1213202476501465 4.7102771630894635e-16 -2.1213202476501465
			vertex -1.4362627267837524 3.189143897372465e-16 -1.4362627267837524
		endloop
	endfacet
	facet normal 0 -1 -2.220446049250313e-16
		outer loop
			vertex -1.3810678720474243 3.06658670023424e-16 -1.3810678720474243
			vertex -1.4362627267837524 3.189143897372465e-16 -1.4362627267837524
			vertex -1.085098147392273 3.6059246061843713e-16 -1.6239640712738037
		endloop
	endfacet
	facet normal 0 -1 -2.220446049250313e-16
		outer loop
			vertex -1.085098147392273 3.6059246061843713e-16 -1.6239640712738037
			vertex -1.089309573173523 3.7764095744562045e-16 -1.7007436752319336
			vertex -0.7474285960197449 4.006688716057087e-16 -1.8044521808624268
		endloop
	endfacet
	facet normal 0 -1 -2.220446049250313e-16
		outer loop
			vertex -1.4362627267837524 3.189143897372465e-16 -1.4362627267837524
			vertex -1.3810678720474243 3.06658670023424e-16 -1.3810678720474243
			vertex -1.6239640712738037 2.4094018944260064e-16 -1.085098147392273
		endloop
	endfacet
	facet normal 0 -1 -2.220446049250313e-16
		outer loop
			vertex -2.1213202476501465 4.7102771630894635e-16 -2.1213202476501465
			vertex -1.085098147392273 3.6059246061843713e-16 -1.6239640712738037
			vertex -1.4362627267837524 3.189143897372465e-16 -1.4362627267837524
		endloop
	endfacet
	facet normal 0 -1 -2.220446049250313e-16
		outer loop
			vertex -1.6667107343673706 5.538700267096995e-16 -2.4944088459014893
			vertex -1.148050308227539 6.154274049975769e-16 -2.7716386318206787
			vertex -1.085098147392273 3.6059246061843713e-16 -1.6239640712738037
		endloop
	endfacet
	facet normal 0 -1 -2.220446049250313e-16
		outer loop
			vertex -2.1213202476501465 4.7102771630894635e-16 -2.1213202476501465
			vertex -1.6667107343673706 5.538700267096995e-16 -2.4944088459014893
			vertex -1.085098147392273 3.6059246061843713e-16 -1.6239640712738037
		endloop
	endfacet
	facet normal 0 -1 -2.220446049250313e-16
		outer loop
			vertex -1.148050308227539 6.154274049975769e-16 -2.7716386318206787
			vertex -0.7474285364151001 4.006688716057087e-16 -1.8044521808624268
			vertex -1.089309573173523 3.7764095744562045e-16 -1.7007436752319336
		endloop
	endfacet
	facet normal 0 -1 -2.220446049250313e-16
		outer loop
			vertex -0.38103580474853516 4.2534781179867317e-16 -1.9155962467193604
			vertex -0.5797833800315857 4.119608795837926e-16 -1.85530686378479
			vertex -0.7151554226875305 5.081485117058924e-16 -2.2884974479675293
		endloop
	endfacet
	facet normal 0 -1 -2.220446049250313e-16
		outer loop
			vertex -0.7474285364151001 4.006688716057087e-16 -1.8044521808624268
			vertex -0.7151554226875305 5.081485117058924e-16 -2.2884974479675293
			vertex -0.5797833800315857 4.119608795837926e-16 -1.85530686378479
		endloop
	endfacet
	facet normal 0 -1 -2.220446049250313e-16
		outer loop
			vertex -0.7474285364151001 4.006688716057087e-16 -1.8044521808624268
			vertex -1.148050308227539 6.154274049975769e-16 -2.7716386318206787
			vertex -0.7151554226875305 5.081485117058924e-16 -2.2884974479675293
		endloop
	endfacet
	facet normal 0 -1 -2.220446049250313e-16
		outer loop
			vertex -1.148050308227539 6.154274049975769e-16 -2.7716386318206787
			vertex -0.8905472755432129 6.327718869002664e-16 -2.8497512340545654
			vertex -0.7151554226875305 5.081485117058924e-16 -2.2884974479675293
		endloop
	endfacet
	facet normal 0 -1 -2.220446049250313e-16
		outer loop
			vertex -0.5852710008621216 6.53334246969575e-16 -2.9423558712005615
			vertex -0.7151554226875305 5.081485117058924e-16 -2.2884974479675293
			vertex -0.8905472755432129 6.327718869002664e-16 -2.8497512340545654
		endloop
	endfacet
	facet normal 0 -1 -2.220446049250313e-16
		outer loop
			vertex -0.5852710008621216 6.53334246969575e-16 -2.9423558712005615
			vertex -0.38103580474853516 4.2534781179867317e-16 -1.9155962467193604
			vertex -0.7151554226875305 5.081485117058924e-16 -2.2884974479675293
		endloop
	endfacet
	facet normal 0 -1 -2.220446049250313e-16
		outer loop
			vertex -0.5852709412574768 6.53334246969575e-16 -2.9423558712005615
			vertex 3.0241590846040683e-16 6.661338147750939e-16 -3
			vertex 1.7421069562989044e-16 4.3368086899420177e-16 -1.953125
		endloop
	endfacet
	facet normal 0 -1 -2.220446049250313e-16
		outer loop
			vertex -0.5852709412574768 6.53334246969575e-16 -2.9423558712005615
			vertex 1.7421069562989044e-16 4.3368086899420177e-16 -1.953125
			vertex -0.3810357451438904 4.2534781179867317e-16 -1.9155962467193604
		endloop
	endfacet
	facet normal 0 -1 -2.220446049250313e-16
		outer loop
			vertex 0.5852709412574768 -6.53334246969575e-16 2.9423558712005615
			vertex 0 -6.661338147750939e-16 3
			vertex 0 -4.3368086899420177e-16 1.953125
		endloop
	endfacet
	facet normal 0 -1 -2.220446049250313e-16
		outer loop
			vertex 0.5852709412574768 -6.53334246969575e-16 2.9423558712005615
			vertex 6.497812746280882e-17 -4.3368086899420177e-16 1.953125
			vertex 0.3810357451438904 -4.2534781179867317e-16 1.9155962467193604
		endloop
	endfacet
	facet normal 0 -1 -2.220446049250313e-16
		outer loop
			vertex 1.148050308227539 -6.154274049975769e-16 2.7716386318206787
			vertex 0.7474285364151001 -4.006688716057087e-16 1.8044521808624268
			vertex 1.1284643411636353 -3.750036409550054e-16 1.6888662576675415
		endloop
	endfacet
	facet normal 0 -1 -2.220446049250313e-16
		outer loop
			vertex 1.148050308227539 -6.154274049975769e-16 2.7716386318206787
			vertex 0.8905472755432129 -6.327718869002664e-16 2.8497512340545654
			vertex 0.7151554226875305 -5.081485117058924e-16 2.2884974479675293
		endloop
	endfacet
	facet normal 0 -1 -2.220446049250313e-16
		outer loop
			vertex 0.5852710008621216 -6.53334246969575e-16 2.9423558712005615
			vertex 0.7151554226875305 -5.081485117058924e-16 2.2884974479675293
			vertex 0.8905472755432129 -6.327718869002664e-16 2.8497512340545654
		endloop
	endfacet
	facet normal 0 -1 -2.220446049250313e-16
		outer loop
			vertex 0.5852710008621216 -6.53334246969575e-16 2.9423558712005615
			vertex 0.38103580474853516 -4.2534781179867317e-16 1.9155962467193604
			vertex 0.7151554226875305 -5.081485117058924e-16 2.2884974479675293
		endloop
	endfacet
	facet normal 0 -1 -2.220446049250313e-16
		outer loop
			vertex 0.38103580474853516 -4.2534781179867317e-16 1.9155962467193604
			vertex 0.5797833800315857 -4.119608795837926e-16 1.85530686378479
			vertex 0.7151554226875305 -5.081485117058924e-16 2.2884974479675293
		endloop
	endfacet
	facet normal 0 -1 -2.220446049250313e-16
		outer loop
			vertex 0.7474285364151001 -4.006688716057087e-16 1.8044521808624268
			vertex 0.7151554226875305 -5.081485117058924e-16 2.2884974479675293
			vertex 0.5797833800315857 -4.119608795837926e-16 1.85530686378479
		endloop
	endfacet
	facet normal 0 -1 -2.220446049250313e-16
		outer loop
			vertex 0.7474285364151001 -4.006688716057087e-16 1.8044521808624268
			vertex 1.148050308227539 -6.154274049975769e-16 2.7716386318206787
			vertex 0.7151554226875305 -5.081485117058924e-16 2.2884974479675293
		endloop
	endfacet
	facet normal 0 -1 -2.220446049250313e-16
		outer loop
			vertex 1.6667107343673706 -5.538700267096995e-16 2.4944088459014893
			vertex 1.148050308227539 -6.154274049975769e-16 2.7716386318206787
			vertex 1.1284643411636353 -3.750036409550054e-16 1.6888662576675415
		endloop
	endfacet
	facet normal 0 -1 -2.220446049250313e-16
		outer loop
			vertex 1.1284643411636353 -3.750036409550054e-16 1.6888662576675415
			vertex 0.7474285960197449 -4.006688716057087e-16 1.8044521808624268
			vertex 1.085098147392273 -3.6059246061843713e-16 1.6239640712738037
		endloop
	endfacet
	facet normal 0 -1 -2.220446049250313e-16
		outer loop
			vertex 1.4362627267837524 -3.189143897372465e-16 1.4362627267837524
			vertex 1.085098147392273 -3.6059246061843713e-16 1.6239640712738037
			vertex 1.3810678720474243 -3.06658670023424e-16 1.3810678720474243
		endloop
	endfacet
	facet normal 0 -1 -2.220446049250313e-16
		outer loop
			vertex 2.1213202476501465 -4.7102771630894635e-16 2.1213202476501465
			vertex 1.3810678720474243 -3.06658670023424e-16 1.3810678720474243
			vertex 1.6888662576675415 -2.5056941880566513e-16 1.1284643411636353
		endloop
	endfacet
	facet normal 0 -1 -2.220446049250313e-16
		outer loop
			vertex 2.1213202476501465 -4.7102771630894635e-16 2.1213202476501465
			vertex 1.6667107343673706 -5.538700267096995e-16 2.4944088459014893
			vertex 1.4362627267837524 -3.189143897372465e-16 1.4362627267837524
		endloop
	endfacet
	facet normal 0 -1 -2.220446049250313e-16
		outer loop
			vertex 1.4362627267837524 -3.189143897372465e-16 1.4362627267837524
			vertex 1.6667107343673706 -5.538700267096995e-16 2.4944088459014893
			vertex 1.085098147392273 -3.6059246061843713e-16 1.6239640712738037
		endloop
	endfacet
	facet normal 0 -1 -2.220446049250313e-16
		outer loop
			vertex 1.6888662576675415 -2.5056941880566513e-16 1.1284643411636353
			vertex 1.3810678720474243 -3.06658670023424e-16 1.3810678720474243
			vertex 1.6239640712738037 -2.4094018944260064e-16 1.085098147392273
		endloop
	endfacet
	facet normal 0 -1 -2.220446049250313e-16
		outer loop
			vertex 2.4944088459014893 -3.700841265369116e-16 1.6667107343673706
			vertex 2.1213202476501465 -4.7102771630894635e-16 2.1213202476501465
			vertex 1.6888662576675415 -2.5056941880566513e-16 1.1284643411636353
		endloop
	endfacet
	facet normal 0 -1 -2.220446049250313e-16
		outer loop
			vertex 2.4944088459014893 -3.700841265369116e-16 1.6667107343673706
			vertex 2.5 -2.5160994584180784e-16 1.1331504583358765
			vertex 2.5 -3.677614827862015e-16 1.6562504768371582
		endloop
	endfacet
	facet normal 0 -1 -2.220446049250313e-16
		outer loop
			vertex 2.4944088459014893 -3.700841265369116e-16 1.6667107343673706
			vertex 1.6239640712738037 -2.4094018944260064e-16 1.085098147392273
			vertex 2.5 -2.5160994584180784e-16 1.1331504583358765
		endloop
	endfacet
	facet normal 0 -1 -2.220446049250313e-16
		outer loop
			vertex 1.9155962467193604 -8.460694472767986e-17 0.38103580474853516
			vertex 2.5 -1.1041855325958055e-16 0.49728095531463623
			vertex 2.5 -2.0087530604434562e-16 0.9046619534492493
		endloop
	endfacet
	facet normal 0 -1 -2.220446049250313e-16
		outer loop
			vertex 1.8044521808624268 -1.6596247407798528e-16 0.7474285364151001
			vertex 2.5 -2.299347168287051e-16 1.0355339050292969
			vertex 2.5 -2.5160994584180784e-16 1.1331504583358765
		endloop
	endfacet
	facet normal 0 -1 -2.220446049250313e-16
		outer loop
			vertex 1.6239640712738037 -2.4094018944260064e-16 1.085098147392273
			vertex 1.8044521808624268 -1.6596247407798528e-16 0.7474285364151001
			vertex 2.5 -2.5160994584180784e-16 1.1331504583358765
		endloop
	endfacet
	facet normal 0 -1 -2.220446049250313e-16
		outer loop
			vertex 1.8044521808624268 -1.6596247407798528e-16 0.7474285364151001
			vertex 2.5 -2.0087530604434562e-16 0.9046619534492493
			vertex 2.5 -2.299347168287051e-16 1.0355339050292969
		endloop
	endfacet
	facet normal 0 -1 -2.220446049250313e-16
		outer loop
			vertex 1.8044521808624268 -1.6596247407798528e-16 0.7474285364151001
			vertex 1.9155962467193604 -8.460694472767986e-17 0.38103580474853516
			vertex 2.5 -2.0087530604434562e-16 0.9046619534492493
		endloop
	endfacet
	facet normal 0 -1 -2.220446049250313e-16
		outer loop
			vertex 1.953125 -1.1281321552850015e-31 5.080655554166207e-16
			vertex 2.5 -1.1780389434435125e-31 5.305415746720136e-16
			vertex 2.5 -7.184352140620704e-17 0.32355445623397827
		endloop
	endfacet
	facet normal 0 -1 -2.220446049250313e-16
		outer loop
			vertex 1.9155962467193604 -8.460693149279006e-17 0.3810357451438904
			vertex 2.5 -7.184352140620704e-17 0.32355445623397827
			vertex 2.5 -1.1041854002469075e-16 0.49728089570999146
		endloop
	endfacet
	facet normal 0 -1 -2.220446049250313e-16
		outer loop
			vertex 1.9155962467193604 -8.460693149279006e-17 0.3810357451438904
			vertex 1.953125 -1.1281321552850015e-31 5.080655554166207e-16
			vertex 2.5 -7.184352140620704e-17 0.32355445623397827
		endloop
	endfacet
	facet normal 0 -1 -2.220446049250313e-16
		outer loop
			vertex 1.6888662576675415 2.5056941880566513e-16 -1.1284643411636353
			vertex 1.8044521808624268 1.6596248731287508e-16 -0.7474285960197449
			vertex 1.6239640712738037 2.4094018944260064e-16 -1.085098147392273
		endloop
	endfacet
	facet normal 0 -1 -2.220446049250313e-16
		outer loop
			vertex 1.9155962467193604 8.460693149279006e-17 -0.3810357451438904
			vertex 2.5 1.1041854002469075e-16 -0.49728089570999146
			vertex 2.5 7.184352140620704e-17 -0.32355445623397827
		endloop
	endfacet
	facet normal 0 -1 -2.220446049250313e-16
		outer loop
			vertex 1.953125 -1.225612022667336e-31 5.519665848585415e-16
			vertex 1.9155962467193604 8.460693149279006e-17 -0.3810357451438904
			vertex 2.5 7.184352140620704e-17 -0.32355445623397827
		endloop
	endfacet
	facet normal 0 -1 -2.220446049250313e-16
		outer loop
			vertex 1.953125 -1.225612022667336e-31 5.519665848585415e-16
			vertex 2.5 7.184352140620704e-17 -0.32355445623397827
			vertex 2.5 -1.3688769248164584e-31 6.164873608519473e-16
		endloop
	endfacet
	facet normal 0 -1 -2.220446049250313e-16
		outer loop
			vertex 1.8044521808624268 1.6596247407798528e-16 -0.7474285364151001
			vertex 2.5 2.299347168287051e-16 -1.0355339050292969
			vertex 2.5 2.0087530604434562e-16 -0.9046619534492493
		endloop
	endfacet
	facet normal 0 -1 -2.220446049250313e-16
		outer loop
			vertex 1.9155962467193604 8.460694472767986e-17 -0.38103580474853516
			vertex 1.8044521808624268 1.6596247407798528e-16 -0.7474285364151001
			vertex 2.5 2.0087530604434562e-16 -0.9046619534492493
		endloop
	endfacet
	facet normal 0 -1 -2.220446049250313e-16
		outer loop
			vertex 1.9155962467193604 8.460694472767986e-17 -0.38103580474853516
			vertex 2.5 2.0087530604434562e-16 -0.9046619534492493
			vertex 2.5 1.1041855325958055e-16 -0.49728095531463623
		endloop
	endfacet
	facet normal 0 -1 -2.220446049250313e-16
		outer loop
			vertex 1.8044521808624268 1.6596247407798528e-16 -0.7474285364151001
			vertex 2.5 2.538273457488216e-16 -1.143136739730835
			vertex 2.5 2.299347168287051e-16 -1.0355339050292969
		endloop
	endfacet
	facet normal 0 -1 -2.220446049250313e-16
		outer loop
			vertex 1.8044521808624268 1.6596247407798528e-16 -0.7474285364151001
			vertex 1.6888662576675415 2.5056941880566513e-16 -1.1284643411636353
			vertex 2.5 2.538273457488216e-16 -1.143136739730835
		endloop
	endfacet
	facet normal 0 -1 -2.220446049250313e-16
		outer loop
			vertex 1.4362627267837524 3.189143897372465e-16 -1.4362627267837524
			vertex 1.3810678720474243 3.06658670023424e-16 -1.3810678720474243
			vertex 1.2572404146194458 3.401617082933082e-16 -1.531952142715454
		endloop
	endfacet
	facet normal 0 -1 -2.220446049250313e-16
		outer loop
			vertex 1.1284643411636353 3.750036409550054e-16 -1.6888662576675415
			vertex 1.085098147392273 3.6059246061843713e-16 -1.6239640712738037
			vertex 0.7474285960197449 4.006688716057087e-16 -1.8044521808624268
		endloop
	endfacet
	facet normal 0 -1 -2.220446049250313e-16
		outer loop
			vertex 1.2572404146194458 3.401617082933082e-16 -1.531952142715454
			vertex 1.3810678720474243 3.06658670023424e-16 -1.3810678720474243
			vertex 1.085098147392273 3.6059246061843713e-16 -1.6239640712738037
		endloop
	endfacet
	facet normal 0 -1 -2.220446049250313e-16
		outer loop
			vertex 1.6667107343673706 5.538700267096995e-16 -2.4944088459014893
			vertex 2.1213202476501465 4.7102771630894635e-16 -2.1213202476501465
			vertex 1.4362627267837524 3.189143897372465e-16 -1.4362627267837524
		endloop
	endfacet
	facet normal 0 -1 -2.220446049250313e-16
		outer loop
			vertex 1.4362627267837524 3.189143897372465e-16 -1.4362627267837524
			vertex 1.6239640712738037 2.4094018944260064e-16 -1.085098147392273
			vertex 1.3810678720474243 3.06658670023424e-16 -1.3810678720474243
		endloop
	endfacet
	facet normal 0 -1 -2.220446049250313e-16
		outer loop
			vertex 1.6667107343673706 5.538700267096995e-16 -2.4944088459014893
			vertex 1.4362627267837524 3.189143897372465e-16 -1.4362627267837524
			vertex 1.085098147392273 3.6059246061843713e-16 -1.6239640712738037
		endloop
	endfacet
	facet normal 0 -1 -2.220446049250313e-16
		outer loop
			vertex 2.4944088459014893 3.700841265369116e-16 -1.6667107343673706
			vertex 2.5 3.677614827862015e-16 -1.6562504768371582
			vertex 2.5 2.538273457488216e-16 -1.143136739730835
		endloop
	endfacet
	facet normal 0 -1 -2.220446049250313e-16
		outer loop
			vertex 1.6888662576675415 2.5056941880566513e-16 -1.1284643411636353
			vertex 2.4944088459014893 3.700841265369116e-16 -1.6667107343673706
			vertex 2.5 2.538273457488216e-16 -1.143136739730835
		endloop
	endfacet
	facet normal 0 -1 -2.220446049250313e-16
		outer loop
			vertex 1.4362627267837524 3.189143897372465e-16 -1.4362627267837524
			vertex 2.4944088459014893 3.700841265369116e-16 -1.6667107343673706
			vertex 1.6239640712738037 2.4094018944260064e-16 -1.085098147392273
		endloop
	endfacet
	facet normal 0 -1 -2.220446049250313e-16
		outer loop
			vertex 2.1213202476501465 4.7102771630894635e-16 -2.1213202476501465
			vertex 2.4944088459014893 3.700841265369116e-16 -1.6667107343673706
			vertex 1.4362627267837524 3.189143897372465e-16 -1.4362627267837524
		endloop
	endfacet
	facet normal 0 -1 -2.220446049250313e-16
		outer loop
			vertex 3.6739402930577075e-16 6.661338147750939e-16 -3
			vertex 0.5852709412574768 6.53334246969575e-16 -2.9423558712005615
			vertex 2.3918881647525436e-16 4.3368086899420177e-16 -1.953125
		endloop
	endfacet
	facet normal 0 -1 -2.220446049250313e-16
		outer loop
			vertex 0.5852709412574768 6.53334246969575e-16 -2.9423558712005615
			vertex 0.3810357451438904 4.2534781179867317e-16 -1.9155962467193604
			vertex 2.3918881647525436e-16 4.3368086899420177e-16 -1.953125
		endloop
	endfacet
	facet normal 0 -1 -2.220446049250313e-16
		outer loop
			vertex 0.5852710008621216 6.53334246969575e-16 -2.9423558712005615
			vertex 1.148050308227539 6.154274049975769e-16 -2.7716386318206787
			vertex 0.38103580474853516 4.2534781179867317e-16 -1.9155962467193604
		endloop
	endfacet
	facet normal 0 -1 -2.220446049250313e-16
		outer loop
			vertex 1.148050308227539 6.154274049975769e-16 -2.7716386318206787
			vertex 0.7474285364151001 4.006688716057087e-16 -1.8044521808624268
			vertex 0.38103580474853516 4.2534781179867317e-16 -1.9155962467193604
		endloop
	endfacet
	facet normal 0 -1 -2.220446049250313e-16
		outer loop
			vertex 1.148050308227539 6.154274049975769e-16 -2.7716386318206787
			vertex 1.1284643411636353 3.750036409550054e-16 -1.6888662576675415
			vertex 0.7474285364151001 4.006688716057087e-16 -1.8044521808624268
		endloop
	endfacet
	facet normal 0 -1 -2.220446049250313e-16
		outer loop
			vertex 1.148050308227539 6.154274049975769e-16 -2.7716386318206787
			vertex 1.6667107343673706 5.538700267096995e-16 -2.4944088459014893
			vertex 1.1284643411636353 3.750036409550054e-16 -1.6888662576675415
		endloop
	endfacet
	facet normal -0.8819211104705451 0 0.4713970247110185
		outer loop
			vertex -2.4967191219329834 11.899999618530273 1.6623885631561306
			vertex -2.5 11.899999618530273 1.6562504768371609
			vertex -2.5 11.75798511505127 1.6562504768371609
		endloop
	endfacet
	facet normal -0.8819219666165441 -1.0447070421594696e-8 0.4713954229722724
		outer loop
			vertex -2.494602918624878 0.9999999999999997 1.6663475036621096
			vertex -2.5 11.75798511505127 1.6562504768371609
			vertex -2.5 0.9999999999999997 1.6562502384185793
		endloop
	endfacet
	facet normal -0.8819210303153319 -8.333269382458867e-9 0.47139717467072656
		outer loop
			vertex -2.494602918624878 0.9999999999999997 1.6663475036621096
			vertex -2.4967191219329834 11.899999618530273 1.6623885631561306
			vertex -2.5 11.75798511505127 1.6562504768371609
		endloop
	endfacet
	facet normal -0.8819202140815526 1.1903680751894456e-16 -0.4713987017317171
		outer loop
			vertex -2.4944088459014893 11.899999618530273 -1.666710734367368
			vertex -2.5 9.26203727722168 -1.6562504768371562
			vertex -2.5 11.899999618530273 -1.6562504768371555
		endloop
	endfacet
	facet normal -0.8819202140815526 1.0135179493974907e-16 -0.4713987017317171
		outer loop
			vertex -2.4944088459014893 1.0000000000000004 -1.6667107343673704
			vertex -2.5 1.0000000000000004 -1.656250476837158
			vertex -2.5 9.26203727722168 -1.6562504768371562
		endloop
	endfacet
	facet normal -0.8819202140815513 1.0563183152894149e-16 -0.47139870173171977
		outer loop
			vertex -2.4944088459014893 11.899999618530273 -1.666710734367368
			vertex -2.4944088459014893 1.0000000000000004 -1.6667107343673704
			vertex -2.5 9.26203727722168 -1.6562504768371562
		endloop
	endfacet
	facet normal 0.8819202140815526 -1.0135179493974907e-16 0.4713987017317171
		outer loop
			vertex 2.4944088459014893 0.9999999999999997 1.6667107343673708
			vertex 2.5 0.9999999999999997 1.6562504768371584
			vertex 2.5 9.26203727722168 1.6562504768371602
		endloop
	endfacet
	facet normal 0.8819202140815542 -1.0563183152894031e-16 0.47139870173171455
		outer loop
			vertex 2.4944088459014893 11.899999618530273 1.6667107343673733
			vertex 2.4944088459014893 0.9999999999999997 1.6667107343673708
			vertex 2.5 9.26203727722168 1.6562504768371602
		endloop
	endfacet
	facet normal 0.8819202140815526 -1.1903680751894456e-16 0.4713987017317171
		outer loop
			vertex 2.4944088459014893 11.899999618530273 1.6667107343673733
			vertex 2.5 9.26203727722168 1.6562504768371602
			vertex 2.5 11.899999618530273 1.6562504768371609
		endloop
	endfacet
	facet normal 0.8819211104705451 0 -0.4713970247110185
		outer loop
			vertex 2.4967191219329834 11.899999618530273 -1.6623885631561253
			vertex 2.5 11.899999618530273 -1.6562504768371555
			vertex 2.5 11.75798511505127 -1.6562504768371555
		endloop
	endfacet
	facet normal 0.8819219666165441 -1.0447070207543664e-8 -0.4713954229722724
		outer loop
			vertex 2.494602918624878 1.0000000000000004 -1.6663475036621092
			vertex 2.5 11.75798511505127 -1.6562504768371555
			vertex 2.5 1.0000000000000004 -1.6562502384185789
		endloop
	endfacet
	facet normal 0.8819210303153339 -8.333269172971652e-9 -0.4713971746707228
		outer loop
			vertex 2.494602918624878 1.0000000000000004 -1.6663475036621092
			vertex 2.4967191219329834 11.899999618530273 -1.6623885631561253
			vertex 2.5 11.75798511505127 -1.6562504768371555
		endloop
	endfacet
	facet normal -0.8819229508459275 0 0.4713935815973862
		outer loop
			vertex -2.4967195987701416 11.899999618530273 1.6623877286911037
			vertex -2.5 11.901192665100098 1.6562504768371609
			vertex -2.5 11.899999618530273 1.6562504768371609
		endloop
	endfacet
	facet normal 0 -1 0
		outer loop
			vertex -2.4967191219329834 11.899999618530273 1.6623885631561306
			vertex -2.4967195987701416 11.899999618530273 1.6623877286911037
			vertex -2.5 11.899999618530273 1.6562504768371609
		endloop
	endfacet
	facet normal 0 1 0
		outer loop
			vertex -2.459764242172241 12 1.6435619592666653
			vertex -2.5 12 1.5682861804962185
			vertex -2.5 12 1.6541903018951443
		endloop
	endfacet
	facet normal 0 1 0
		outer loop
			vertex -2.4944088459014893 12 1.6667107343673733
			vertex -2.459764242172241 12 1.6435619592666653
			vertex -2.5 12 1.6541903018951443
		endloop
	endfacet
	facet normal 0 1 0
		outer loop
			vertex -2.4944088459014893 12 1.6667107343673733
			vertex -2.5 12 1.6541903018951443
			vertex -2.5 12 1.6562504768371609
		endloop
	endfacet
	facet normal -0.8819202140815527 0 0.47139870173171716
		outer loop
			vertex -2.4944088459014893 12 1.6667107343673733
			vertex -2.5 12 1.6562504768371609
			vertex -2.5 11.901192665100098 1.6562504768371609
		endloop
	endfacet
	facet normal -0.8819210923976124 2.2365937354993697e-7 0.4713970585230161
		outer loop
			vertex -2.4967191219329834 11.899999618530273 1.6623885631561306
			vertex -2.4944088459014893 12 1.6667107343673733
			vertex -2.5 11.901192665100098 1.6562504768371609
		endloop
	endfacet
	facet normal 0.8819202140815526 0 0.4713987017317171
		outer loop
			vertex 2.4944088459014893 12 1.6667107343673733
			vertex 2.5 11.905579566955566 1.6562504768371609
			vertex 2.5 11.997965812683105 1.6562504768371609
		endloop
	endfacet
	facet normal 0.8819202140815526 0 0.4713987017317171
		outer loop
			vertex 2.4944088459014893 12 1.6667107343673733
			vertex 2.4944088459014893 11.899999618530273 1.6667107343673733
			vertex 2.5 11.905579566955566 1.6562504768371609
		endloop
	endfacet
	facet normal 0.8819202140815526 0 0.4713987017317171
		outer loop
			vertex 2.4944088459014893 11.899999618530273 1.6667107343673733
			vertex 2.5 11.899999618530273 1.6562504768371609
			vertex 2.5 11.905579566955566 1.6562504768371609
		endloop
	endfacet
	facet normal 0.8819202140815527 0 0.47139870173171716
		outer loop
			vertex 2.4944088459014893 12 1.6667107343673733
			vertex 2.5 11.997965812683105 1.6562504768371609
			vertex 2.5 12 1.6562504768371609
		endloop
	endfacet
	facet normal 0 1 0
		outer loop
			vertex 2.4605343341827393 12 1.6421211957931545
			vertex 2.5 12 1.6541903018951443
			vertex 2.5 12 1.568286061286929
		endloop
	endfacet
	facet normal 0 1 0
		outer loop
			vertex 2.4605343341827393 12 1.6421211957931545
			vertex 2.4944088459014893 12 1.6667107343673733
			vertex 2.5 12 1.6541903018951443
		endloop
	endfacet
	facet normal 0 1 0
		outer loop
			vertex 2.4944088459014893 12 1.6667107343673733
			vertex 2.5 12 1.6562504768371609
			vertex 2.5 12 1.6541903018951443
		endloop
	endfacet
	facet normal -0.8819202140815526 0 -0.4713987017317171
		outer loop
			vertex -2.4944088459014893 11.899999618530273 -1.666710734367368
			vertex -2.5 11.899999618530273 -1.6562504768371555
			vertex -2.5 11.905579566955566 -1.6562504768371555
		endloop
	endfacet
	facet normal -0.8819202140815527 0 -0.47139870173171716
		outer loop
			vertex -2.4944088459014893 12 -1.666710734367368
			vertex -2.5 11.997965812683105 -1.6562504768371555
			vertex -2.5 12 -1.6562504768371555
		endloop
	endfacet
	facet normal 0 1 0
		outer loop
			vertex -2.4944088459014893 12 -1.666710734367368
			vertex -2.5 12 -1.6562504768371555
			vertex -2.5 12 -1.654190301895139
		endloop
	endfacet
	facet normal 0 1 0
		outer loop
			vertex -2.4605343341827393 12 -1.6421211957931492
			vertex -2.5 12 -1.654190301895139
			vertex -2.5 12 -1.5682860612869236
		endloop
	endfacet
	facet normal 0 1 0
		outer loop
			vertex -2.4605343341827393 12 -1.6421211957931492
			vertex -2.4944088459014893 12 -1.666710734367368
			vertex -2.5 12 -1.654190301895139
		endloop
	endfacet
	facet normal -0.8819202140815526 0 -0.4713987017317171
		outer loop
			vertex -2.4944088459014893 12 -1.666710734367368
			vertex -2.5 11.905579566955566 -1.6562504768371555
			vertex -2.5 11.997965812683105 -1.6562504768371555
		endloop
	endfacet
	facet normal -0.8819202140815526 0 -0.4713987017317171
		outer loop
			vertex -2.4944088459014893 12 -1.666710734367368
			vertex -2.4944088459014893 11.899999618530273 -1.666710734367368
			vertex -2.5 11.905579566955566 -1.6562504768371555
		endloop
	endfacet
	facet normal 0.8819229508459275 0 -0.4713935815973862
		outer loop
			vertex 2.4967195987701416 11.899999618530273 -1.6623877286910984
			vertex 2.5 11.901192665100098 -1.6562504768371555
			vertex 2.5 11.899999618530273 -1.6562504768371555
		endloop
	endfacet
	facet normal 0 -1 0
		outer loop
			vertex 2.4967191219329834 11.899999618530273 -1.6623885631561253
			vertex 2.4967195987701416 11.899999618530273 -1.6623877286910984
			vertex 2.5 11.899999618530273 -1.6562504768371555
		endloop
	endfacet
	facet normal 0.8819202140815527 0 -0.47139870173171716
		outer loop
			vertex 2.4944088459014893 12 -1.666710734367368
			vertex 2.5 12 -1.6562504768371555
			vertex 2.5 11.901192665100098 -1.6562504768371555
		endloop
	endfacet
	facet normal 0.8819210923976124 2.2365937354993697e-7 -0.4713970585230161
		outer loop
			vertex 2.4967191219329834 11.899999618530273 -1.6623885631561253
			vertex 2.4944088459014893 12 -1.666710734367368
			vertex 2.5 11.901192665100098 -1.6562504768371555
		endloop
	endfacet
	facet normal 0 1 0
		outer loop
			vertex 2.4944088459014893 12 -1.666710734367368
			vertex 2.5 12 -1.654190301895139
			vertex 2.5 12 -1.6562504768371555
		endloop
	endfacet
	facet normal 0 1 0
		outer loop
			vertex 2.459764242172241 12 -1.64356195926666
			vertex 2.5 12 -1.5682861804962132
			vertex 2.5 12 -1.654190301895139
		endloop
	endfacet
	facet normal 0 1 0
		outer loop
			vertex 2.4944088459014893 12 -1.666710734367368
			vertex 2.459764242172241 12 -1.64356195926666
			vertex 2.5 12 -1.654190301895139
		endloop
	endfacet
	facet normal -0.2902845128287315 2.339267419771964e-16 -0.9569403856101936
		outer loop
			vertex -0.5852709412574768 11.899999618530273 -2.942355871200559
			vertex -0.5852709412574768 1.0000000000000007 -2.9423558712005615
			vertex -0.632169246673584 1.0000000000000007 -2.9281294345855713
		endloop
	endfacet
	facet normal -0.2902846462630905 6.26943993020477e-10 -0.9569403451333384
		outer loop
			vertex -1.1433604955673218 11.899999618530273 -2.773061275482175
			vertex -0.5852709412574768 11.899999618530273 -2.942355871200559
			vertex -0.632169246673584 1.0000000000000007 -2.9281294345855713
		endloop
	endfacet
	facet normal -0.2902848415034014 -9.372059116043502e-9 -0.9569402859078227
		outer loop
			vertex -1.1433604955673218 11.899999618530273 -2.773061275482175
			vertex -0.632169246673584 1.0000000000000007 -2.9281294345855713
			vertex -1.1476562023162842 1.0000000000000007 -2.7717580795288086
		endloop
	endfacet
	facet normal -0.2902855263649851 -9.077315560704347e-9 -0.9569400781569364
		outer loop
			vertex -1.148050308227539 11.899999618530273 -2.771638631820676
			vertex -1.1433604955673218 11.899999618530273 -2.773061275482175
			vertex -1.1476562023162842 1.0000000000000007 -2.7717580795288086
		endloop
	endfacet
	facet normal -0.2900556004457858 2.339437094138357e-16 -0.9570097954828023
		outer loop
			vertex -1.148050308227539 11.899999618530273 -2.771638631820676
			vertex -1.1476562023162842 1.0000000000000007 -2.7717580795288086
			vertex -1.148050308227539 1.0000000000000007 -2.7716386318206787
		endloop
	endfacet
	facet normal -0.47139729954849113 2.15588035358121e-16 -0.881920963566685
		outer loop
			vertex -1.148050308227539 11.899999618530273 -2.771638631820676
			vertex -1.148050308227539 1.0000000000000007 -2.7716386318206787
			vertex -1.1912720203399658 1.0000000000000007 -2.7485361099243164
		endloop
	endfacet
	facet normal -0.4713967167984563 -2.9709705813008464e-9 -0.8819212750532988
		outer loop
			vertex -1.662388563156128 11.899999618530273 -2.4967191219329807
			vertex -1.148050308227539 11.899999618530273 -2.771638631820676
			vertex -1.1912720203399658 1.0000000000000007 -2.7485361099243164
		endloop
	endfacet
	facet normal -0.4713968163058192 -8.500618099654844e-9 -0.8819212218655009
		outer loop
			vertex -1.662388563156128 11.899999618530273 -2.4967191219329807
			vertex -1.1912720203399658 1.0000000000000007 -2.7485361099243164
			vertex -1.6663475036621094 1.0000000000000004 -2.494602918624878
		endloop
	endfacet
	facet normal -0.4714010833263653 -6.508004944084151e-9 -0.8819189410817352
		outer loop
			vertex -1.6667107343673706 11.899999618530273 -2.4944088459014866
			vertex -1.662388563156128 11.899999618530273 -2.4967191219329807
			vertex -1.6663475036621094 1.0000000000000004 -2.494602918624878
		endloop
	endfacet
	facet normal -0.471249165363665 2.1560738709591462e-16 -0.8820001270657785
		outer loop
			vertex -1.6667107343673706 11.899999618530273 -2.4944088459014866
			vertex -1.6663475036621094 1.0000000000000004 -2.494602918624878
			vertex -1.6667107343673706 1.0000000000000004 -2.4944088459014893
		endloop
	endfacet
	facet normal -0.6343938418177705 1.8896444598934365e-16 -0.7730099957074874
		outer loop
			vertex -1.6667107343673706 11.899999618530273 -2.4944088459014866
			vertex -1.6667107343673706 1.0000000000000004 -2.4944088459014893
			vertex -1.7045948505401611 1.0000000000000004 -2.463318109512329
		endloop
	endfacet
	facet normal -0.6343936451292711 -1.1440349899049412e-9 -0.7730101571257628
		outer loop
			vertex -2.1175317764282227 11.899999618530273 -2.124429225921628
			vertex -1.6667107343673706 11.899999618530273 -2.4944088459014866
			vertex -1.7045948505401611 1.0000000000000004 -2.463318109512329
		endloop
	endfacet
	facet normal -0.634393365098028 1.6609843861362032e-8 -0.7730103869415987
		outer loop
			vertex -2.1175317764282227 11.899999618530273 -2.124429225921628
			vertex -1.7045948505401611 1.0000000000000004 -2.463318109512329
			vertex -2.121001958847046 1.0000000000000004 -2.121581554412842
		endloop
	endfacet
	facet normal -0.6343762495839294 7.491272695005614e-9 -0.77302443296692
		outer loop
			vertex -2.1213202476501465 11.899999618530273 -2.121320247650144
			vertex -2.1175317764282227 11.899999618530273 -2.124429225921628
			vertex -2.121001958847046 1.0000000000000004 -2.121581554412842
		endloop
	endfacet
	facet normal -0.6345295139317455 1.8893722291615455e-16 -0.7728986323894893
		outer loop
			vertex -2.1213202476501465 11.899999618530273 -2.121320247650144
			vertex -2.121001958847046 1.0000000000000004 -2.121581554412842
			vertex -2.1213202476501465 1.0000000000000004 -2.1213202476501465
		endloop
	endfacet
	facet normal -0.7730109746444841 1.550790495851229e-16 -0.6343926489794667
		outer loop
			vertex -2.1213202476501465 11.899999618530273 -2.121320247650144
			vertex -2.1213202476501465 1.0000000000000004 -2.1213202476501465
			vertex -2.1524109840393066 1.0000000000000004 -2.0834360122680664
		endloop
	endfacet
	facet normal -0.7730101571257628 -5.794094792685019e-9 -0.6343936451292711
		outer loop
			vertex -2.491299867630005 11.899999618530273 -1.6704992055892918
			vertex -2.1213202476501465 11.899999618530273 -2.121320247650144
			vertex -2.1524109840393066 1.0000000000000004 -2.0834360122680664
		endloop
	endfacet
	facet normal -0.7730102088166398 -9.787349861024852e-9 -0.63439358214381
		outer loop
			vertex -2.491299867630005 11.899999618530273 -1.6704992055892918
			vertex -2.1524109840393066 1.0000000000000004 -2.0834360122680664
			vertex -2.494147539138794 1.0000000000000004 -1.6670291423797605
		endloop
	endfacet
	facet normal -0.77302443296692 -5.533324861500211e-10 -0.6343762495839294
		outer loop
			vertex -2.4944088459014893 11.899999618530273 -1.666710734367368
			vertex -2.491299867630005 11.899999618530273 -1.6704992055892918
			vertex -2.494147539138794 1.0000000000000004 -1.6670291423797605
		endloop
	endfacet
	facet normal -0.7730151439967828 1.4215465702534277e-16 -0.634387568566435
		outer loop
			vertex -2.4944088459014893 11.899999618530273 -1.666710734367368
			vertex -2.494147539138794 1.0000000000000004 -1.6670291423797605
			vertex -2.4944088459014893 1.0000000000000004 -1.6667107343673704
		endloop
	endfacet
	facet normal -0.7730244292433818 0.00009815135548692176 -0.6343762465282378
		outer loop
			vertex -2.491299867630005 11.899999618530273 -1.6704992055892918
			vertex -2.4944088459014893 11.899999618530273 -1.666710734367368
			vertex -2.4913697242736816 11.902253150939941 -1.6704137325286839
		endloop
	endfacet
	facet normal -0.7729951414062096 0 -0.6344119413775201
		outer loop
			vertex -2.4944088459014893 12 -1.666710734367368
			vertex -2.4913697242736816 11.902253150939941 -1.6704137325286839
			vertex -2.4944088459014893 11.899999618530273 -1.666710734367368
		endloop
	endfacet
	facet normal -0.7730101571257628 0 -0.6343936451292711
		outer loop
			vertex -2.1213202476501465 12 -2.121320247650144
			vertex -2.1213202476501465 11.899999618530273 -2.121320247650144
			vertex -2.491299867630005 11.899999618530273 -1.6704992055892918
		endloop
	endfacet
	facet normal -0.773010276091923 0.0000010936633993764006 -0.6343935001677533
		outer loop
			vertex -2.4944088459014893 12 -1.666710734367368
			vertex -2.1213202476501465 12 -2.121320247650144
			vertex -2.491299867630005 11.899999618530273 -1.6704992055892918
		endloop
	endfacet
	facet normal -0.6343997381153876 0 -0.7730051566963365
		outer loop
			vertex -2.1213202476501465 12 -2.121320247650144
			vertex -2.117617130279541 11.902253150939941 -2.1243593692779514
			vertex -2.1213202476501465 11.899999618530273 -2.121320247650144
		endloop
	endfacet
	facet normal -0.6343762482605158 -0.00006459357706997995 -0.7730244313542635
		outer loop
			vertex -2.1175317764282227 11.899999618530273 -2.124429225921628
			vertex -2.1213202476501465 11.899999618530273 -2.121320247650144
			vertex -2.117617130279541 11.902253150939941 -2.1243593692779514
		endloop
	endfacet
	facet normal 0 -1 0
		outer loop
			vertex -2.1175317764282227 11.899999618530273 -2.124429225921628
			vertex -2.117530345916748 11.899999618530273 -2.1244304180145237
			vertex -1.6667107343673706 11.899999618530273 -2.4944088459014866
		endloop
	endfacet
	facet normal -0.6343936265826932 0 -0.7730101723465601
		outer loop
			vertex -1.6667107343673706 12 -2.4944088459014866
			vertex -1.6667107343673706 11.899999618530273 -2.4944088459014866
			vertex -2.117530345916748 11.899999618530273 -2.1244304180145237
		endloop
	endfacet
	facet normal -0.47140108332636543 0 -0.8819189410817354
		outer loop
			vertex -1.6667107343673706 12 -2.4944088459014866
			vertex -1.662388563156128 11.899999618530273 -2.4967191219329807
			vertex -1.6667107343673706 11.899999618530273 -2.4944088459014866
		endloop
	endfacet
	facet normal -0.4713967531863268 2.4062699082442547e-7 -0.881921255603544
		outer loop
			vertex -1.6667107343673706 12 -2.4944088459014866
			vertex -1.148050308227539 12 -2.771638631820676
			vertex -1.662388563156128 11.899999618530273 -2.4967191219329807
		endloop
	endfacet
	facet normal 0 1 0
		outer loop
			vertex -1.148050308227539 12 -2.771638631820676
			vertex -1.6667107343673706 12 -2.4944088459014866
			vertex -1.1321051120758057 12 -2.7331435680389378
		endloop
	endfacet
	facet normal 0 1 0
		outer loop
			vertex -0.5852709412574768 12 -2.942355871200559
			vertex -1.148050308227539 12 -2.771638631820676
			vertex -1.1321051120758057 12 -2.7331435680389378
		endloop
	endfacet
	facet normal -0.2902846535972516 4.469747311798456e-8 -0.956940342908544
		outer loop
			vertex -1.148050308227539 12 -2.771638631820676
			vertex -0.5852709412574768 12 -2.942355871200559
			vertex -1.1433604955673218 11.899999618530273 -2.773061275482175
		endloop
	endfacet
	facet normal 0 1 0
		outer loop
			vertex -1.1321051120758057 12 -2.7331435680389378
			vertex -1.6667107343673706 12 -2.4944088459014866
			vertex -1.6435619592666626 12 -2.4597642421722385
		endloop
	endfacet
	facet normal 0 1 0
		outer loop
			vertex -1.643561840057373 12 -2.4597642421722385
			vertex -1.6667107343673706 12 -2.4944088459014866
			vertex -1.644824743270874 12 -2.458727836608884
		endloop
	endfacet
	facet normal 0 1 0
		outer loop
			vertex -1.6667107343673706 12 -2.4944088459014866
			vertex -2.091856002807617 12 -2.0918586254119846
			vertex -1.644824743270874 12 -2.458727836608884
		endloop
	endfacet
	facet normal 0 1 0
		outer loop
			vertex -2.091857433319092 12 -2.091857433319089
			vertex -1.644824743270874 12 -2.458727836608884
			vertex -2.091856002807617 12 -2.0918586254119846
		endloop
	endfacet
	facet normal 0 1 0
		outer loop
			vertex -2.1213202476501465 12 -2.121320247650144
			vertex -2.092893600463867 12 -2.090594530105588
			vertex -2.091857433319092 12 -2.091857433319089
		endloop
	endfacet
	facet normal 0 1 0
		outer loop
			vertex -2.1213202476501465 12 -2.121320247650144
			vertex -2.091857433319092 12 -2.091857433319089
			vertex -1.9570176601409912 12 -2.2561600208282444
		endloop
	endfacet
	facet normal 0 1 0
		outer loop
			vertex -1.6667107343673706 12 -2.4944088459014866
			vertex -1.9570176601409912 12 -2.2561600208282444
			vertex -2.091857433319092 12 -2.091857433319089
		endloop
	endfacet
	facet normal 0 1 0
		outer loop
			vertex -2.1213202476501465 12 -2.121320247650144
			vertex -2.459764242172241 12 -1.6435618400573704
			vertex -2.092893600463867 12 -2.090594530105588
		endloop
	endfacet
	facet normal 0 1 0
		outer loop
			vertex -2.4944088459014893 12 -1.666710734367368
			vertex -2.4605343341827393 12 -1.6421211957931492
			vertex -2.459764242172241 12 -1.6435618400573704
		endloop
	endfacet
	facet normal 0 1 0
		outer loop
			vertex -2.4944088459014893 12 -1.666710734367368
			vertex -2.459764242172241 12 -1.6435618400573704
			vertex -2.359569549560547 12 -1.8310127258300755
		endloop
	endfacet
	facet normal 0 1 0
		outer loop
			vertex -2.1213202476501465 12 -2.121320247650144
			vertex -2.359569549560547 12 -1.8310127258300755
			vertex -2.459764242172241 12 -1.6435618400573704
		endloop
	endfacet
	facet normal 0 -1 0
		outer loop
			vertex -1.662388563156128 11.899999618530273 -2.4967191219329807
			vertex -1.662387728691101 11.899999618530273 -2.496719598770139
			vertex -1.148050308227539 11.899999618530273 -2.771638631820676
		endloop
	endfacet
	facet normal -0.4713966757134739 -8.368741316988852e-7 -0.8819212970132798
		outer loop
			vertex -1.662387728691101 11.899999618530273 -2.496719598770139
			vertex -1.2854324579238892 11.973289489746094 -2.698206424713132
			vertex -1.148050308227539 11.899999618530273 -2.771638631820676
		endloop
	endfacet
	facet normal -0.47139632847056506 0 -0.8819214826187598
		outer loop
			vertex -1.148050308227539 12 -2.771638631820676
			vertex -1.148050308227539 11.899999618530273 -2.771638631820676
			vertex -1.2854324579238892 11.973289489746094 -2.698206424713132
		endloop
	endfacet
	facet normal -0.2903029820952943 0 -0.9569347828282654
		outer loop
			vertex -1.148050308227539 12 -2.771638631820676
			vertex -1.1434661149978638 11.902253150939941 -2.7730293273925755
			vertex -1.148050308227539 11.899999618530273 -2.771638631820676
		endloop
	endfacet
	facet normal -0.2902855261467433 -0.00003877673575786809 -0.956940077437492
		outer loop
			vertex -1.1433604955673218 11.899999618530273 -2.773061275482175
			vertex -1.148050308227539 11.899999618530273 -2.771638631820676
			vertex -1.1434661149978638 11.902253150939941 -2.7730293273925755
		endloop
	endfacet
	facet normal -0.2902846462630198 6.978864309942779e-7 -0.9569403451331053
		outer loop
			vertex -1.1433604955673218 11.899999618530273 -2.773061275482175
			vertex -0.7343392372131348 11.973289489746094 -2.89713644981384
			vertex -0.5852709412574768 11.899999618530273 -2.942355871200559
		endloop
	endfacet
	facet normal -0.2902849604680901 0 -0.9569402498202485
		outer loop
			vertex -0.5852709412574768 12 -2.942355871200559
			vertex -0.5852709412574768 11.899999618530273 -2.942355871200559
			vertex -0.7343392372131348 11.973289489746094 -2.89713644981384
		endloop
	endfacet
	facet normal -0.09802610120306736 0 -0.9951838440624556
		outer loop
			vertex -0.5852709412574768 12 -2.942355871200559
			vertex -0.5803936719894409 11.899999618530273 -2.9428362846374485
			vertex -0.5852709412574768 11.899999618530273 -2.942355871200559
		endloop
	endfacet
	facet normal -0.09802610120306737 -7.016906423805604e-9 -0.9951838440624557
		outer loop
			vertex -0.5852709412574768 11.899999618530273 -2.942355871200559
			vertex -0.5803936719894409 11.899999618530273 -2.9428362846374485
			vertex -0.5848610997200012 1.0000000000000007 -2.9423961639404297
		endloop
	endfacet
	facet normal -0.09801726465355548 -1.0673760857420934e-8 -0.9951847144273442
		outer loop
			vertex -0.5803936719894409 11.899999618530273 -2.9428362846374485
			vertex -0.048772577196359634 1.0000000000000007 -2.9951963424682617
			vertex -0.5848610997200012 1.0000000000000007 -2.9423961639404297
		endloop
	endfacet
	facet normal -0.09801701824384966 1.4608575745060763e-9 -0.9951847386965823
		outer loop
			vertex -0.5803936719894409 11.899999618530273 -2.9428362846374485
			vertex 3.6739402930577075e-16 11.899999618530273 -2.9999999999999973
			vertex -0.048772577196359634 1.0000000000000007 -2.9951963424682617
		endloop
	endfacet
	facet normal -0.09801669489894771 2.4327568837012267e-16 -0.9951847705431826
		outer loop
			vertex 3.6739402930577075e-16 11.899999618530273 -2.9999999999999973
			vertex 3.6739402930577075e-16 1.0000000000000007 -3
			vertex -0.048772577196359634 1.0000000000000007 -2.9951963424682617
		endloop
	endfacet
	facet normal 0.09783804982385516 2.4282080750644393e-16 -0.9952023492771029
		outer loop
			vertex 4.232345969441717e-16 11.899999618530273 -2.9999999999999973
			vertex 0.0004098551580682397 1.0000000000000007 -2.999959707260132
			vertex 3.7208651242422077e-16 1.0000000000000007 -3
		endloop
	endfacet
	facet normal 0.09801726644540916 1.0732690512599254e-8 -0.9951847142508619
		outer loop
			vertex 0.004877276252955198 11.899999618530273 -2.9995195865631077
			vertex 0.5364983677864075 1.0000000000000007 -2.9471595287323
			vertex 0.0004098551580682397 1.0000000000000007 -2.999959707260132
		endloop
	endfacet
	facet normal 0.09801701941213158 -1.4326360748816552e-9 -0.9951847385815168
		outer loop
			vertex 0.004877276252955198 11.899999618530273 -2.9995195865631077
			vertex 0.5852709412574768 11.899999618530273 -2.942355871200559
			vertex 0.5364983677864075 1.0000000000000007 -2.9471595287323
		endloop
	endfacet
	facet normal 0.09801670231362045 2.432756881916041e-16 -0.9951847698129043
		outer loop
			vertex 0.5852709412574768 11.899999618530273 -2.942355871200559
			vertex 0.5852709412574768 1.0000000000000007 -2.9423558712005615
			vertex 0.5364983677864075 1.0000000000000007 -2.9471595287323
		endloop
	endfacet
	facet normal 0.2900556004457858 2.339437094138357e-16 -0.9570097954828023
		outer loop
			vertex 0.5852709412574768 11.899999618530273 -2.942355871200559
			vertex 0.5856650471687317 1.0000000000000007 -2.9422364234924316
			vertex 0.5852709412574768 1.0000000000000007 -2.9423558712005615
		endloop
	endfacet
	facet normal 0.2902821479370637 8.943933252477876e-9 -0.9569411029886034
		outer loop
			vertex 0.5852709412574768 11.899999618530273 -2.942355871200559
			vertex 0.5899608135223389 11.899999618530273 -2.94093322753906
			vertex 0.5856650471687317 1.0000000000000007 -2.9422364234924316
		endloop
	endfacet
	facet normal 0.2902848107667597 7.797918555624727e-9 -0.9569402952316861
		outer loop
			vertex 0.5899608135223389 11.899999618530273 -2.94093322753906
			vertex 1.1011520624160767 1.0000000000000007 -2.785865068435669
			vertex 0.5856650471687317 1.0000000000000007 -2.9422364234924316
		endloop
	endfacet
	facet normal 0.2902846746533947 8.270325076785425e-10 -0.9569403365212342
		outer loop
			vertex 0.5899608135223389 11.899999618530273 -2.94093322753906
			vertex 1.148050308227539 11.899999618530273 -2.771638631820676
			vertex 1.1011520624160767 1.0000000000000007 -2.785865068435669
		endloop
	endfacet
	facet normal 0.29028485067339915 2.339267169246823e-16 -0.9569402831261324
		outer loop
			vertex 1.148050308227539 11.899999618530273 -2.771638631820676
			vertex 1.148050308227539 1.0000000000000007 -2.7716386318206787
			vertex 1.1011520624160767 1.0000000000000007 -2.785865068435669
		endloop
	endfacet
	facet normal 0.471249165363665 2.1560738709591462e-16 -0.8820001270657785
		outer loop
			vertex 1.148050308227539 11.899999618530273 -2.771638631820676
			vertex 1.1484135389328003 1.0000000000000007 -2.77144455909729
			vertex 1.148050308227539 1.0000000000000007 -2.7716386318206787
		endloop
	endfacet
	facet normal 0.4714010833263653 6.50800537524734e-9 -0.8819189410817352
		outer loop
			vertex 1.148050308227539 11.899999618530273 -2.771638631820676
			vertex 1.1523724794387817 11.899999618530273 -2.769328355789182
			vertex 1.1484135389328003 1.0000000000000007 -2.77144455909729
		endloop
	endfacet
	facet normal 0.4713968163058192 8.50061852981712e-9 -0.8819212218655009
		outer loop
			vertex 1.1523724794387817 11.899999618530273 -2.769328355789182
			vertex 1.6234890222549438 1.0000000000000007 -2.5175113677978516
			vertex 1.1484135389328003 1.0000000000000007 -2.77144455909729
		endloop
	endfacet
	facet normal 0.4713967167984563 2.970971012464211e-9 -0.8819212750532988
		outer loop
			vertex 1.1523724794387817 11.899999618530273 -2.769328355789182
			vertex 1.6667107343673706 11.899999618530273 -2.4944088459014866
			vertex 1.6234890222549438 1.0000000000000007 -2.5175113677978516
		endloop
	endfacet
	facet normal 0.47139729954849113 2.15588035358121e-16 -0.881920963566685
		outer loop
			vertex 1.6667107343673706 11.899999618530273 -2.4944088459014866
			vertex 1.6667107343673706 1.0000000000000004 -2.4944088459014893
			vertex 1.6234890222549438 1.0000000000000007 -2.5175113677978516
		endloop
	endfacet
	facet normal 0.634387568566435 1.8896570450299793e-16 -0.7730151439967828
		outer loop
			vertex 1.6667107343673706 11.899999618530273 -2.4944088459014866
			vertex 1.6670291423797607 1.0000000000000004 -2.494147539138794
			vertex 1.6667107343673706 1.0000000000000004 -2.4944088459014893
		endloop
	endfacet
	facet normal 0.6343762495839294 -5.53332439310382e-10 -0.77302443296692
		outer loop
			vertex 1.6667107343673706 11.899999618530273 -2.4944088459014866
			vertex 1.6704992055892944 11.899999618530273 -2.491299867630002
			vertex 1.6670291423797607 1.0000000000000004 -2.494147539138794
		endloop
	endfacet
	facet normal 0.6343935821438103 -9.787349813754256e-9 -0.7730102088166396
		outer loop
			vertex 1.6704992055892944 11.899999618530273 -2.491299867630002
			vertex 2.0834360122680664 1.0000000000000004 -2.1524109840393066
			vertex 1.6670291423797607 1.0000000000000004 -2.494147539138794
		endloop
	endfacet
	facet normal 0.6343936451292711 -5.79409475884688e-9 -0.7730101571257628
		outer loop
			vertex 1.6704992055892944 11.899999618530273 -2.491299867630002
			vertex 2.1213202476501465 11.899999618530273 -2.121320247650144
			vertex 2.0834360122680664 1.0000000000000004 -2.1524109840393066
		endloop
	endfacet
	facet normal 0.6343926489794667 1.8896468529321845e-16 -0.7730109746444841
		outer loop
			vertex 2.1213202476501465 11.899999618530273 -2.121320247650144
			vertex 2.1213202476501465 1.0000000000000004 -2.1213202476501465
			vertex 2.0834360122680664 1.0000000000000004 -2.1524109840393066
		endloop
	endfacet
	facet normal 0.7728986323894893 1.5511250660382427e-16 -0.6345295139317455
		outer loop
			vertex 2.1213202476501465 11.899999618530273 -2.121320247650144
			vertex 2.121581554412842 1.0000000000000004 -2.121001958847046
			vertex 2.1213202476501465 1.0000000000000004 -2.1213202476501465
		endloop
	endfacet
	facet normal 0.77302443296692 7.491272661104752e-9 -0.6343762495839294
		outer loop
			vertex 2.1213202476501465 11.899999618530273 -2.121320247650144
			vertex 2.124429225921631 11.899999618530273 -2.11753177642822
			vertex 2.121581554412842 1.0000000000000004 -2.121001958847046
		endloop
	endfacet
	facet normal 0.7730103869415987 1.6609843828272617e-8 -0.6343933650980277
		outer loop
			vertex 2.124429225921631 11.899999618530273 -2.11753177642822
			vertex 2.463318109512329 1.0000000000000004 -1.704594850540161
			vertex 2.121581554412842 1.0000000000000004 -2.121001958847046
		endloop
	endfacet
	facet normal 0.7730101571257628 -1.1440350365688275e-9 -0.6343936451292711
		outer loop
			vertex 2.124429225921631 11.899999618530273 -2.11753177642822
			vertex 2.4944088459014893 11.899999618530273 -1.666710734367368
			vertex 2.463318109512329 1.0000000000000004 -1.704594850540161
		endloop
	endfacet
	facet normal 0.7730099957074874 1.421560627462872e-16 -0.6343938418177705
		outer loop
			vertex 2.4944088459014893 11.899999618530273 -1.666710734367368
			vertex 2.4944088459014893 1.0000000000000004 -1.6667107343673704
			vertex 2.463318109512329 1.0000000000000004 -1.704594850540161
		endloop
	endfacet
	facet normal 0.8820001270657785 1.055983231624997e-16 -0.471249165363665
		outer loop
			vertex 2.4944088459014893 11.899999618530273 -1.666710734367368
			vertex 2.494602918624878 1.0000000000000004 -1.6663475036621092
			vertex 2.4944088459014893 1.0000000000000004 -1.6667107343673704
		endloop
	endfacet
	facet normal 0.8819189410817354 -6.5080050540314e-9 -0.47140108332636543
		outer loop
			vertex 2.4944088459014893 11.899999618530273 -1.666710734367368
			vertex 2.4967191219329834 11.899999618530273 -1.6623885631561253
			vertex 2.494602918624878 1.0000000000000004 -1.6663475036621092
		endloop
	endfacet
	facet normal 0.8819189410817354 0 -0.47140108332636543
		outer loop
			vertex 2.4944088459014893 12 -1.666710734367368
			vertex 2.4967191219329834 11.899999618530273 -1.6623885631561253
			vertex 2.4944088459014893 11.899999618530273 -1.666710734367368
		endloop
	endfacet
	facet normal 0.7730105147530437 0 -0.634393209359333
		outer loop
			vertex 2.4944088459014893 12 -1.666710734367368
			vertex 2.4944088459014893 11.899999618530273 -1.666710734367368
			vertex 2.395585775375366 11.973289489746094 -1.7871270179748509
		endloop
	endfacet
	facet normal 0.7730101723460514 -0.000001147200085838661 -0.6343936265822757
		outer loop
			vertex 2.395585775375366 11.973289489746094 -1.7871270179748509
			vertex 2.4944088459014893 11.899999618530273 -1.666710734367368
			vertex 2.1244304180145264 11.899999618530273 -2.1175303459167454
		endloop
	endfacet
	facet normal 0 -1 0
		outer loop
			vertex 2.124429225921631 11.899999618530273 -2.11753177642822
			vertex 2.1244304180145264 11.899999618530273 -2.1175303459167454
			vertex 2.4944088459014893 11.899999618530273 -1.666710734367368
		endloop
	endfacet
	facet normal 0.7730244313542635 -0.00006459357706997995 -0.6343762482605158
		outer loop
			vertex 2.124429225921631 11.899999618530273 -2.11753177642822
			vertex 2.1213202476501465 11.899999618530273 -2.121320247650144
			vertex 2.124359369277954 11.902253150939941 -2.1176171302795384
		endloop
	endfacet
	facet normal 0.7730051566963365 0 -0.6343997381153876
		outer loop
			vertex 2.1213202476501465 12 -2.121320247650144
			vertex 2.124359369277954 11.902253150939941 -2.1176171302795384
			vertex 2.1213202476501465 11.899999618530273 -2.121320247650144
		endloop
	endfacet
	facet normal 0.6343936451292711 0 -0.7730101571257628
		outer loop
			vertex 2.1213202476501465 12 -2.121320247650144
			vertex 2.1213202476501465 11.899999618530273 -2.121320247650144
			vertex 1.6704992055892944 11.899999618530273 -2.491299867630002
		endloop
	endfacet
	facet normal 0.6343935001677533 0.0000010936633993764006 -0.773010276091923
		outer loop
			vertex 1.6667107343673706 12 -2.4944088459014866
			vertex 2.1213202476501465 12 -2.121320247650144
			vertex 1.6704992055892944 11.899999618530273 -2.491299867630002
		endloop
	endfacet
	facet normal 0.6343762465282378 0.00009815135548692176 -0.7730244292433818
		outer loop
			vertex 1.6704992055892944 11.899999618530273 -2.491299867630002
			vertex 1.6667107343673706 11.899999618530273 -2.4944088459014866
			vertex 1.6704137325286865 11.902253150939941 -2.491369724273679
		endloop
	endfacet
	facet normal 0.6344119413775201 0 -0.7729951414062096
		outer loop
			vertex 1.6667107343673706 12 -2.4944088459014866
			vertex 1.6704137325286865 11.902253150939941 -2.491369724273679
			vertex 1.6667107343673706 11.899999618530273 -2.4944088459014866
		endloop
	endfacet
	facet normal 0.4713966466162829 0 -0.8819213125664462
		outer loop
			vertex 1.6667107343673706 12 -2.4944088459014866
			vertex 1.6667107343673706 11.899999618530273 -2.4944088459014866
			vertex 1.52932870388031 11.973289489746094 -2.5678410530090305
		endloop
	endfacet
	facet normal 0.47139671679844947 1.691426455014104e-7 -0.881921275053286
		outer loop
			vertex 1.1523724794387817 11.899999618530273 -2.769328355789182
			vertex 1.52932870388031 11.973289489746094 -2.5678410530090305
			vertex 1.6667107343673706 11.899999618530273 -2.4944088459014866
		endloop
	endfacet
	facet normal 0.47140108332636543 0 -0.8819189410817354
		outer loop
			vertex 1.148050308227539 12 -2.771638631820676
			vertex 1.1523724794387817 11.899999618530273 -2.769328355789182
			vertex 1.148050308227539 11.899999618530273 -2.771638631820676
		endloop
	endfacet
	facet normal 0.4713967531863268 -2.4062699082442547e-7 -0.881921255603544
		outer loop
			vertex 1.148050308227539 12 -2.771638631820676
			vertex 1.6667107343673706 12 -2.4944088459014866
			vertex 1.1523724794387817 11.899999618530273 -2.769328355789182
		endloop
	endfacet
	facet normal 0.29028475982433916 0 -0.9569403106849067
		outer loop
			vertex 1.148050308227539 12 -2.771638631820676
			vertex 1.148050308227539 11.899999618530273 -2.771638631820676
			vertex 0.5899609923362732 11.899999618530273 -2.94093322753906
		endloop
	endfacet
	facet normal 0.2902846535972495 1.2832500346776118e-7 -0.956940342908537
		outer loop
			vertex 0.5852709412574768 12 -2.942355871200559
			vertex 1.148050308227539 12 -2.771638631820676
			vertex 0.5899608135223389 11.899999618530273 -2.94093322753906
		endloop
	endfacet
	facet normal 0.2902821475144676 0.000053959459254381225 -0.9569411015954774
		outer loop
			vertex 0.5899608135223389 11.899999618530273 -2.94093322753906
			vertex 0.5852709412574768 11.899999618530273 -2.942355871200559
			vertex 0.5898550748825073 11.902253150939941 -2.9409651756286594
		endloop
	endfacet
	facet normal 0.2903064386091337 0 -0.9569337342272356
		outer loop
			vertex 0.5852709412574768 12 -2.942355871200559
			vertex 0.5898550748825073 11.902253150939941 -2.9409651756286594
			vertex 0.5852709412574768 11.899999618530273 -2.942355871200559
		endloop
	endfacet
	facet normal 0.09801728811769449 0 -0.9951847121163252
		outer loop
			vertex 0.5852709412574768 12 -2.942355871200559
			vertex 0.5852709412574768 11.899999618530273 -2.942355871200559
			vertex 0.00487888278439641 11.899999618530273 -2.9995195865631077
		endloop
	endfacet
	facet normal 0 -1 0
		outer loop
			vertex 0.004877276252955198 11.899999618530273 -2.9995195865631077
			vertex 0.00487888278439641 11.899999618530273 -2.9995195865631077
			vertex 0.5852709412574768 11.899999618530273 -2.942355871200559
		endloop
	endfacet
	facet normal 0.09802596216542825 7.13412126666237e-9 -0.9951838577577222
		outer loop
			vertex 4.232345969441717e-16 11.899999618530273 -2.9999999999999973
			vertex 0.004877276252955198 11.899999618530273 -2.9995195865631077
			vertex 0.0004098551580682397 1.0000000000000007 -2.999959707260132
		endloop
	endfacet
	facet normal 0.09802596197878462 -0.00006171387638812141 -0.9951838558625896
		outer loop
			vertex 0.004877276252955198 11.899999618530273 -2.9995195865631077
			vertex 1.7969128467224546e-15 11.899999618530273 -2.9999999999999973
			vertex 0.004767352715134621 11.902253150939941 -2.9995305538177464
		endloop
	endfacet
	facet normal 0.097997070148601 1.400396796186713e-15 -0.9951867032081418
		outer loop
			vertex 3.6739402930577075e-16 12 -2.9999999999999973
			vertex 0.004767352715134621 11.902253150939941 -2.9995305538177464
			vertex 1.7969128467224546e-15 11.899999618530273 -2.9999999999999973
		endloop
	endfacet
	facet normal -0.098017685325485 0 -0.995184672994633
		outer loop
			vertex 3.6739402930577075e-16 12 -2.9999999999999973
			vertex 3.6739402930577075e-16 11.899999618530273 -2.9999999999999973
			vertex -0.1550258845090866 11.973289489746094 -2.984731197357175
		endloop
	endfacet
	facet normal -0.09801701824375021 0.0000014247277136886398 -0.9951847386955724
		outer loop
			vertex -0.5803936719894409 11.899999618530273 -2.9428362846374485
			vertex -0.1550258845090866 11.973289489746094 -2.984731197357175
			vertex 3.6739402930577075e-16 11.899999618530273 -2.9999999999999973
		endloop
	endfacet
	facet normal -0.09801709393544537 4.4356913096016565e-7 -0.9951847312415186
		outer loop
			vertex -0.5852709412574768 12 -2.942355871200559
			vertex 3.6739402930577075e-16 12 -2.9999999999999973
			vertex -0.5803936719894409 11.899999618530273 -2.9428362846374485
		endloop
	endfacet
	facet normal 0 1 0
		outer loop
			vertex 3.6739402930577075e-16 12 -2.9999999999999973
			vertex -0.5852709412574768 12 -2.942355871200559
			vertex -0.5771421194076538 12 -2.9014897346496555
		endloop
	endfacet
	facet normal 0 1 0
		outer loop
			vertex 3.6739402930577075e-16 12 -2.9999999999999973
			vertex -0.5771421194076538 12 -2.9014897346496555
			vertex -0.0016257609240710735 12 -2.9581730365753147
		endloop
	endfacet
	facet normal 0 1 0
		outer loop
			vertex 3.6739402930577075e-16 12 -2.9999999999999973
			vertex -0.0016257609240710735 12 -2.9581730365753147
			vertex 3.6229131754305364e-16 12 -2.958333253860471
		endloop
	endfacet
	facet normal 0 1 0
		outer loop
			vertex 4.323721501511347e-16 12 -2.9999999999999973
			vertex 3.6229131754305364e-16 12 -2.958333253860471
			vertex 0.2115250825881958 12 -2.9791665077209446
		endloop
	endfacet
	facet normal 0 1 0
		outer loop
			vertex 0.5852709412574768 12 -2.942355871200559
			vertex 0.2115250825881958 12 -2.9791665077209446
			vertex 3.6229131754305364e-16 12 -2.958333253860471
		endloop
	endfacet
	facet normal 0 -1 0
		outer loop
			vertex 0.5771421194076538 12 -2.9014897346496555
			vertex 1.1305418014526367 12 -2.7336177825927708
			vertex 0.5771423578262329 12 -2.9014894962310764
		endloop
	endfacet
	facet normal 0 1 0
		outer loop
			vertex 1.148050308227539 12 -2.771638631820676
			vertex 0.5771423578262329 12 -2.9014894962310764
			vertex 1.1305418014526367 12 -2.7336177825927708
		endloop
	endfacet
	facet normal 0 1 0
		outer loop
			vertex 1.1321051120758057 12 -2.7331435680389378
			vertex 1.148050308227539 12 -2.771638631820676
			vertex 1.1305418014526367 12 -2.7336177825927708
		endloop
	endfacet
	facet normal 0 1 0
		outer loop
			vertex 1.6667107343673706 12 -2.4944088459014866
			vertex 1.1321051120758057 12 -2.7331435680389378
			vertex 1.6421211957931519 12 -2.4605343341827366
		endloop
	endfacet
	facet normal 0 1 0
		outer loop
			vertex 1.6667107343673706 12 -2.4944088459014866
			vertex 1.6421211957931519 12 -2.4605343341827366
			vertex 1.643561840057373 12 -2.4597642421722385
		endloop
	endfacet
	facet normal 0 1 0
		outer loop
			vertex 1.6667107343673706 12 -2.4944088459014866
			vertex 1.643561840057373 12 -2.4597642421722385
			vertex 1.8310127258300781 12 -2.359569549560544
		endloop
	endfacet
	facet normal 0 1 0
		outer loop
			vertex 2.1213202476501465 12 -2.121320247650144
			vertex 1.8310127258300781 12 -2.359569549560544
			vertex 1.643561840057373 12 -2.4597642421722385
		endloop
	endfacet
	facet normal 0 1 0
		outer loop
			vertex 1.6667107343673706 12 -2.4944088459014866
			vertex 1.3355014324188232 12 -2.6714439392089817
			vertex 1.1321051120758057 12 -2.7331435680389378
		endloop
	endfacet
	facet normal 0 1 0
		outer loop
			vertex 1.148050308227539 12 -2.771638631820676
			vertex 1.1321051120758057 12 -2.7331435680389378
			vertex 1.3355014324188232 12 -2.6714439392089817
		endloop
	endfacet
	facet normal 0 1 0
		outer loop
			vertex 0.5771421194076538 12 -2.9014897346496555
			vertex 0.5852709412574768 12 -2.942355871200559
			vertex 0.575516402721405 12 -2.9016497135162327
		endloop
	endfacet
	facet normal 0 1 0
		outer loop
			vertex 0.5852709412574768 12 -2.942355871200559
			vertex 0.000001606011778676475 12 -2.958333015441892
			vertex 0.575516402721405 12 -2.9016497135162327
		endloop
	endfacet
	facet normal 0 1 0
		outer loop
			vertex 0.5852709412574768 12 -2.942355871200559
			vertex 0.5771421194076538 12 -2.9014897346496555
			vertex 0.7886675000190735 12 -2.880656242370603
		endloop
	endfacet
	facet normal 0 1 0
		outer loop
			vertex 1.148050308227539 12 -2.771638631820676
			vertex 0.7886675000190735 12 -2.880656242370603
			vertex 0.5771421194076538 12 -2.9014897346496555
		endloop
	endfacet
	facet normal 0 -1 0
		outer loop
			vertex 1.6216953994951933e-14 12 -2.958333253860471
			vertex 0.575516402721405 12 -2.9016497135162327
			vertex 0.000001606011778676475 12 -2.958333015441892
		endloop
	endfacet
	facet normal 0 1 0
		outer loop
			vertex -0.5852709412574768 12 -2.942355871200559
			vertex -0.7319350242614746 12 -2.886243820190427
			vertex -0.5771421194076538 12 -2.9014897346496555
		endloop
	endfacet
	facet normal 0 1 0
		outer loop
			vertex -1.1321051120758057 12 -2.7331435680389378
			vertex -0.5771421194076538 12 -2.9014897346496555
			vertex -0.7319350242614746 12 -2.886243820190427
		endloop
	endfacet
	facet normal -0.09784127022806868 2.4327990814627784e-16 -0.9952020326748525
		outer loop
			vertex -0.5852709412574768 11.899999618530273 -2.942355871200559
			vertex -0.5848610997200012 1.0000000000000007 -2.9423961639404297
			vertex -0.5852709412574768 1.0000000000000007 -2.9423558712005615
		endloop
	endfacet
	facet normal 0.7730151439967828 -1.4215465702534277e-16 0.634387568566435
		outer loop
			vertex 2.4944088459014893 11.899999618530273 1.6667107343673733
			vertex 2.494147539138794 0.9999999999999997 1.667029142379761
			vertex 2.4944088459014893 0.9999999999999997 1.6667107343673708
		endloop
	endfacet
	facet normal 0.77302443296692 -5.533327704225497e-10 0.6343762495839294
		outer loop
			vertex 2.4944088459014893 11.899999618530273 1.6667107343673733
			vertex 2.491299867630005 11.899999618530273 1.670499205589297
			vertex 2.494147539138794 0.9999999999999997 1.667029142379761
		endloop
	endfacet
	facet normal 0.7730102088166394 -9.787350144648448e-9 0.6343935821438105
		outer loop
			vertex 2.491299867630005 11.899999618530273 1.670499205589297
			vertex 2.1524109840393066 0.9999999999999996 2.0834360122680664
			vertex 2.494147539138794 0.9999999999999997 1.667029142379761
		endloop
	endfacet
	facet normal 0.7730101571257628 -5.7940951026860426e-9 0.6343936451292711
		outer loop
			vertex 2.491299867630005 11.899999618530273 1.670499205589297
			vertex 2.1213202476501465 11.899999618530273 2.121320247650149
			vertex 2.1524109840393066 0.9999999999999996 2.0834360122680664
		endloop
	endfacet
	facet normal 0.7730109746444841 -1.550790495851229e-16 0.6343926489794667
		outer loop
			vertex 2.1213202476501465 11.899999618530273 2.121320247650149
			vertex 2.1213202476501465 0.9999999999999996 2.1213202476501465
			vertex 2.1524109840393066 0.9999999999999996 2.0834360122680664
		endloop
	endfacet
	facet normal 0.6345295139317455 -1.8893722291615455e-16 0.7728986323894893
		outer loop
			vertex 2.1213202476501465 11.899999618530273 2.121320247650149
			vertex 2.121001958847046 0.9999999999999996 2.121581554412842
			vertex 2.1213202476501465 0.9999999999999996 2.1213202476501465
		endloop
	endfacet
	facet normal 0.6343762495839294 7.491272317053807e-9 0.77302443296692
		outer loop
			vertex 2.1213202476501465 11.899999618530273 2.121320247650149
			vertex 2.1175317764282227 11.899999618530273 2.1244292259216335
			vertex 2.121001958847046 0.9999999999999996 2.121581554412842
		endloop
	endfacet
	facet normal 0.634393365098028 1.6609843483197377e-8 0.7730103869415987
		outer loop
			vertex 2.1175317764282227 11.899999618530273 2.1244292259216335
			vertex 1.7045948505401611 0.9999999999999994 2.463318109512329
			vertex 2.121001958847046 0.9999999999999996 2.121581554412842
		endloop
	endfacet
	facet normal 0.6343936451292711 -1.1440353675822433e-9 0.7730101571257628
		outer loop
			vertex 2.1175317764282227 11.899999618530273 2.1244292259216335
			vertex 1.6667107343673706 11.899999618530273 2.494408845901492
			vertex 1.7045948505401611 0.9999999999999994 2.463318109512329
		endloop
	endfacet
	facet normal 0.6343938418177705 -1.8896444598934365e-16 0.7730099957074874
		outer loop
			vertex 1.6667107343673706 11.899999618530273 2.494408845901492
			vertex 1.6667107343673706 0.9999999999999994 2.4944088459014893
			vertex 1.7045948505401611 0.9999999999999994 2.463318109512329
		endloop
	endfacet
	facet normal 0.471249165363665 -2.1560738709591462e-16 0.8820001270657785
		outer loop
			vertex 1.6667107343673706 11.899999618530273 2.494408845901492
			vertex 1.6663475036621094 0.9999999999999994 2.494602918624878
			vertex 1.6667107343673706 0.9999999999999994 2.4944088459014893
		endloop
	endfacet
	facet normal 0.4714010833263653 -6.50800537524734e-9 0.8819189410817352
		outer loop
			vertex 1.6667107343673706 11.899999618530273 2.494408845901492
			vertex 1.662388563156128 11.899999618530273 2.496719121932986
			vertex 1.6663475036621094 0.9999999999999994 2.494602918624878
		endloop
	endfacet
	facet normal 0.4713968163058192 -8.50061852981712e-9 0.8819212218655009
		outer loop
			vertex 1.662388563156128 11.899999618530273 2.496719121932986
			vertex 1.1912720203399658 0.9999999999999994 2.7485361099243164
			vertex 1.6663475036621094 0.9999999999999994 2.494602918624878
		endloop
	endfacet
	facet normal 0.4713967167984563 -2.970971012464211e-9 0.8819212750532988
		outer loop
			vertex 1.662388563156128 11.899999618530273 2.496719121932986
			vertex 1.148050308227539 11.899999618530273 2.7716386318206814
			vertex 1.1912720203399658 0.9999999999999994 2.7485361099243164
		endloop
	endfacet
	facet normal 0.47139729954849113 -2.15588035358121e-16 0.881920963566685
		outer loop
			vertex 1.148050308227539 11.899999618530273 2.7716386318206814
			vertex 1.148050308227539 0.9999999999999993 2.7716386318206787
			vertex 1.1912720203399658 0.9999999999999994 2.7485361099243164
		endloop
	endfacet
	facet normal 0.2900556004457858 -2.339437094138357e-16 0.9570097954828023
		outer loop
			vertex 1.148050308227539 11.899999618530273 2.7716386318206814
			vertex 1.1476562023162842 0.9999999999999993 2.7717580795288086
			vertex 1.148050308227539 0.9999999999999993 2.7716386318206787
		endloop
	endfacet
	facet normal 0.2902855263649851 -9.077316028561646e-9 0.9569400781569364
		outer loop
			vertex 1.148050308227539 11.899999618530273 2.7716386318206814
			vertex 1.1433604955673218 11.899999618530273 2.7730612754821804
			vertex 1.1476562023162842 0.9999999999999993 2.7717580795288086
		endloop
	endfacet
	facet normal 0.2902848415034014 -9.372059584022226e-9 0.9569402859078227
		outer loop
			vertex 1.1433604955673218 11.899999618530273 2.7730612754821804
			vertex 0.632169246673584 0.9999999999999993 2.9281294345855713
			vertex 1.1476562023162842 0.9999999999999993 2.7717580795288086
		endloop
	endfacet
	facet normal 0.2902846462630905 6.269435252901157e-10 0.9569403451333384
		outer loop
			vertex 1.1433604955673218 11.899999618530273 2.7730612754821804
			vertex 0.5852709412574768 11.899999618530273 2.942355871200564
			vertex 0.632169246673584 0.9999999999999993 2.9281294345855713
		endloop
	endfacet
	facet normal 0.2902845128287315 -2.339267419771964e-16 0.9569403856101936
		outer loop
			vertex 0.5852709412574768 11.899999618530273 2.942355871200564
			vertex 0.5852709412574768 0.9999999999999993 2.9423558712005615
			vertex 0.632169246673584 0.9999999999999993 2.9281294345855713
		endloop
	endfacet
	facet normal 0.09784127022806868 -2.4327990814627784e-16 0.9952020326748525
		outer loop
			vertex 0.5852709412574768 11.899999618530273 2.942355871200564
			vertex 0.5848610997200012 0.9999999999999993 2.9423961639404297
			vertex 0.5852709412574768 0.9999999999999993 2.9423558712005615
		endloop
	endfacet
	facet normal 0.09802610120306737 -7.016906910354545e-9 0.9951838440624557
		outer loop
			vertex 0.5852709412574768 11.899999618530273 2.942355871200564
			vertex 0.5803936719894409 11.899999618530273 2.942836284637454
			vertex 0.5848610997200012 0.9999999999999993 2.9423961639404297
		endloop
	endfacet
	facet normal 0.09801726465355548 -1.0673761344307923e-8 0.9951847144273442
		outer loop
			vertex 0.5803936719894409 11.899999618530273 2.942836284637454
			vertex 0.048772577196359634 0.9999999999999993 2.9951963424682617
			vertex 0.5848610997200012 0.9999999999999993 2.9423961639404297
		endloop
	endfacet
	facet normal 0.09801701824384973 1.4608570849445845e-9 0.9951847386965824
		outer loop
			vertex 0.5803936719894409 11.899999618530273 2.942836284637454
			vertex 0 11.899999618530273 3.0000000000000027
			vertex 0.048772577196359634 0.9999999999999993 2.9951963424682617
		endloop
	endfacet
	facet normal 0.0980166948989484 -2.432756883701226e-16 0.9951847705431823
		outer loop
			vertex 0 11.899999618530273 3.0000000000000027
			vertex 0 0.9999999999999993 3
			vertex 0.048772577196359634 0.9999999999999993 2.9951963424682617
		endloop
	endfacet
	facet normal -0.09783804982394027 -2.4300434051782926e-16 0.9952023492770947
		outer loop
			vertex -7.012837233224569e-16 11.899999618530273 3.0000000000000027
			vertex -0.0004098551580682397 0.9999999999999993 2.999959707260132
			vertex -7.319725740344274e-16 0.9999999999999993 3
		endloop
	endfacet
	facet normal -0.09801670231362045 -2.432756881916041e-16 0.9951847698129043
		outer loop
			vertex -0.5852709412574768 11.899999618530273 2.942355871200564
			vertex -0.5852709412574768 0.9999999999999993 2.9423558712005615
			vertex -0.5364983677864075 0.9999999999999993 2.9471595287323
		endloop
	endfacet
	facet normal -0.09801701941213158 -1.4326365614413834e-9 0.9951847385815168
		outer loop
			vertex -0.004877276252955198 11.899999618530273 2.999519586563113
			vertex -0.5852709412574768 11.899999618530273 2.942355871200564
			vertex -0.5364983677864075 0.9999999999999993 2.9471595287323
		endloop
	endfacet
	facet normal -0.09801726644540916 1.0732690025712257e-8 0.9951847142508619
		outer loop
			vertex -0.004877276252955198 11.899999618530273 2.999519586563113
			vertex -0.5364983677864075 0.9999999999999993 2.9471595287323
			vertex -0.0004098551580682397 0.9999999999999993 2.999959707260132
		endloop
	endfacet
	facet normal 0 -1 0
		outer loop
			vertex -0.004877276252955198 11.899999618530273 2.999519586563113
			vertex -0.00487888278439641 11.899999618530273 2.999519586563113
			vertex -0.5852709412574768 11.899999618530273 2.942355871200564
		endloop
	endfacet
	facet normal -0.09801728811765044 -9.479848495483497e-7 0.9951847121158779
		outer loop
			vertex -0.43024513125419617 11.973289489746094 2.9576246738433865
			vertex -0.5852709412574768 11.899999618530273 2.942355871200564
			vertex -0.00487888278439641 11.899999618530273 2.999519586563113
		endloop
	endfacet
	facet normal -0.09801773198045416 0 0.9951846683994925
		outer loop
			vertex -0.5852709412574768 12 2.942355871200564
			vertex -0.5852709412574768 11.899999618530273 2.942355871200564
			vertex -0.43024513125419617 11.973289489746094 2.9576246738433865
		endloop
	endfacet
	facet normal -0.2903064386091337 0 0.9569337342272356
		outer loop
			vertex -0.5852709412574768 12 2.942355871200564
			vertex -0.5898550748825073 11.902253150939941 2.9409651756286648
			vertex -0.5852709412574768 11.899999618530273 2.942355871200564
		endloop
	endfacet
	facet normal -0.2902821475144676 0.000053959459254381225 0.9569411015954774
		outer loop
			vertex -0.5899608135223389 11.899999618530273 2.940933227539065
			vertex -0.5852709412574768 11.899999618530273 2.942355871200564
			vertex -0.5898550748825073 11.902253150939941 2.9409651756286648
		endloop
	endfacet
	facet normal -0.2902821479370637 8.943932784626023e-9 0.9569411029886034
		outer loop
			vertex -0.5852709412574768 11.899999618530273 2.942355871200564
			vertex -0.5899608135223389 11.899999618530273 2.940933227539065
			vertex -0.5856650471687317 0.9999999999999993 2.9422364234924316
		endloop
	endfacet
	facet normal -0.2902848107667597 7.797918087646053e-9 0.9569402952316861
		outer loop
			vertex -0.5899608135223389 11.899999618530273 2.940933227539065
			vertex -1.1011520624160767 0.9999999999999993 2.785865068435669
			vertex -0.5856650471687317 0.9999999999999993 2.9422364234924316
		endloop
	endfacet
	facet normal -0.2902846746533947 8.270320399481354e-10 0.9569403365212342
		outer loop
			vertex -0.5899608135223389 11.899999618530273 2.940933227539065
			vertex -1.148050308227539 11.899999618530273 2.7716386318206814
			vertex -1.1011520624160767 0.9999999999999993 2.785865068435669
		endloop
	endfacet
	facet normal -0.29028485067339915 -2.339267169246823e-16 0.9569402831261324
		outer loop
			vertex -1.148050308227539 11.899999618530273 2.7716386318206814
			vertex -1.148050308227539 0.9999999999999993 2.7716386318206787
			vertex -1.1011520624160767 0.9999999999999993 2.785865068435669
		endloop
	endfacet
	facet normal -0.471249165363665 -2.1560738709591462e-16 0.8820001270657785
		outer loop
			vertex -1.148050308227539 11.899999618530273 2.7716386318206814
			vertex -1.1484135389328003 0.9999999999999993 2.77144455909729
			vertex -1.148050308227539 0.9999999999999993 2.7716386318206787
		endloop
	endfacet
	facet normal -0.4713968163058192 8.500618099654844e-9 0.8819212218655009
		outer loop
			vertex -1.1523724794387817 11.899999618530273 2.7693283557891872
			vertex -1.6234890222549438 0.9999999999999994 2.5175113677978516
			vertex -1.1484135389328003 0.9999999999999993 2.77144455909729
		endloop
	endfacet
	facet normal -0.4713967167984563 2.9709705813008464e-9 0.8819212750532988
		outer loop
			vertex -1.1523724794387817 11.899999618530273 2.7693283557891872
			vertex -1.6667107343673706 11.899999618530273 2.494408845901492
			vertex -1.6234890222549438 0.9999999999999994 2.5175113677978516
		endloop
	endfacet
	facet normal -0.47139729954849113 -2.15588035358121e-16 0.881920963566685
		outer loop
			vertex -1.6667107343673706 11.899999618530273 2.494408845901492
			vertex -1.6667107343673706 0.9999999999999994 2.4944088459014893
			vertex -1.6234890222549438 0.9999999999999994 2.5175113677978516
		endloop
	endfacet
	facet normal -0.634387568566435 -1.8896570450299793e-16 0.7730151439967828
		outer loop
			vertex -1.6667107343673706 11.899999618530273 2.494408845901492
			vertex -1.6670291423797607 0.9999999999999994 2.494147539138794
			vertex -1.6667107343673706 0.9999999999999994 2.4944088459014893
		endloop
	endfacet
	facet normal -0.6343762495839294 -5.533328172621889e-10 0.77302443296692
		outer loop
			vertex -1.6667107343673706 11.899999618530273 2.494408845901492
			vertex -1.6704992055892944 11.899999618530273 2.4912998676300075
			vertex -1.6670291423797607 0.9999999999999994 2.494147539138794
		endloop
	endfacet
	facet normal -0.6343935821438103 -9.787350191919042e-9 0.7730102088166396
		outer loop
			vertex -1.6704992055892944 11.899999618530273 2.4912998676300075
			vertex -2.0834360122680664 0.9999999999999996 2.1524109840393066
			vertex -1.6670291423797607 0.9999999999999994 2.494147539138794
		endloop
	endfacet
	facet normal -0.6343936451292711 -5.7940951365241825e-9 0.7730101571257628
		outer loop
			vertex -1.6704992055892944 11.899999618530273 2.4912998676300075
			vertex -2.1213202476501465 11.899999618530273 2.121320247650149
			vertex -2.0834360122680664 0.9999999999999996 2.1524109840393066
		endloop
	endfacet
	facet normal -0.6343926489794667 -1.8896468529321845e-16 0.7730109746444841
		outer loop
			vertex -2.1213202476501465 11.899999618530273 2.121320247650149
			vertex -2.1213202476501465 0.9999999999999996 2.1213202476501465
			vertex -2.0834360122680664 0.9999999999999996 2.1524109840393066
		endloop
	endfacet
	facet normal -0.7728986323894893 -1.5511250660382427e-16 0.6345295139317455
		outer loop
			vertex -2.1213202476501465 11.899999618530273 2.121320247650149
			vertex -2.121581554412842 0.9999999999999996 2.121001958847046
			vertex -2.1213202476501465 0.9999999999999996 2.1213202476501465
		endloop
	endfacet
	facet normal -0.7730103869415984 1.660984351628679e-8 0.6343933650980282
		outer loop
			vertex -2.124429225921631 11.899999618530273 2.1175317764282253
			vertex -2.463318109512329 0.9999999999999997 1.7045948505401614
			vertex -2.121581554412842 0.9999999999999996 2.121001958847046
		endloop
	endfacet
	facet normal -0.7730101571257628 -1.144035320918357e-9 0.6343936451292711
		outer loop
			vertex -2.124429225921631 11.899999618530273 2.1175317764282253
			vertex -2.4944088459014893 11.899999618530273 1.6667107343673733
			vertex -2.463318109512329 0.9999999999999997 1.7045948505401614
		endloop
	endfacet
	facet normal -0.7730099957074874 -1.421560627462872e-16 0.6343938418177705
		outer loop
			vertex -2.4944088459014893 11.899999618530273 1.6667107343673733
			vertex -2.4944088459014893 0.9999999999999997 1.6667107343673708
			vertex -2.463318109512329 0.9999999999999997 1.7045948505401614
		endloop
	endfacet
	facet normal -0.8820001270657785 -1.055983231624997e-16 0.471249165363665
		outer loop
			vertex -2.4944088459014893 11.899999618530273 1.6667107343673733
			vertex -2.494602918624878 0.9999999999999997 1.6663475036621096
			vertex -2.4944088459014893 0.9999999999999997 1.6667107343673708
		endloop
	endfacet
	facet normal -0.8819189410817354 -6.5080052653000946e-9 0.47140108332636543
		outer loop
			vertex -2.4944088459014893 11.899999618530273 1.6667107343673733
			vertex -2.4967191219329834 11.899999618530273 1.6623885631561306
			vertex -2.494602918624878 0.9999999999999997 1.6663475036621096
		endloop
	endfacet
	facet normal -0.8819189410817354 0 0.47140108332636543
		outer loop
			vertex -2.4944088459014893 12 1.6667107343673733
			vertex -2.4967191219329834 11.899999618530273 1.6623885631561306
			vertex -2.4944088459014893 11.899999618530273 1.6667107343673733
		endloop
	endfacet
	facet normal -0.7730105147530437 0 0.634393209359333
		outer loop
			vertex -2.4944088459014893 12 1.6667107343673733
			vertex -2.4944088459014893 11.899999618530273 1.6667107343673733
			vertex -2.395585775375366 11.973289489746094 1.7871270179748562
		endloop
	endfacet
	facet normal -0.7730101723460514 -0.000001147200085838661 0.6343936265822757
		outer loop
			vertex -2.395585775375366 11.973289489746094 1.7871270179748562
			vertex -2.4944088459014893 11.899999618530273 1.6667107343673733
			vertex -2.1244304180145264 11.899999618530273 2.1175303459167507
		endloop
	endfacet
	facet normal 0 -1 0
		outer loop
			vertex -2.124429225921631 11.899999618530273 2.1175317764282253
			vertex -2.1244304180145264 11.899999618530273 2.1175303459167507
			vertex -2.4944088459014893 11.899999618530273 1.6667107343673733
		endloop
	endfacet
	facet normal -0.77302443296692 7.49127235095467e-9 0.6343762495839294
		outer loop
			vertex -2.1213202476501465 11.899999618530273 2.121320247650149
			vertex -2.124429225921631 11.899999618530273 2.1175317764282253
			vertex -2.121581554412842 0.9999999999999996 2.121001958847046
		endloop
	endfacet
	facet normal -0.7730244313542635 -0.00006459357706997995 0.6343762482605158
		outer loop
			vertex -2.124429225921631 11.899999618530273 2.1175317764282253
			vertex -2.1213202476501465 11.899999618530273 2.121320247650149
			vertex -2.124359369277954 11.902253150939941 2.1176171302795437
		endloop
	endfacet
	facet normal -0.7730051566963365 0 0.6343997381153876
		outer loop
			vertex -2.1213202476501465 12 2.121320247650149
			vertex -2.124359369277954 11.902253150939941 2.1176171302795437
			vertex -2.1213202476501465 11.899999618530273 2.121320247650149
		endloop
	endfacet
	facet normal -0.6343936451292711 0 0.7730101571257628
		outer loop
			vertex -2.1213202476501465 12 2.121320247650149
			vertex -2.1213202476501465 11.899999618530273 2.121320247650149
			vertex -1.6704992055892944 11.899999618530273 2.4912998676300075
		endloop
	endfacet
	facet normal -0.6343935001677533 0.0000010936633993764006 0.773010276091923
		outer loop
			vertex -1.6667107343673706 12 2.494408845901492
			vertex -2.1213202476501465 12 2.121320247650149
			vertex -1.6704992055892944 11.899999618530273 2.4912998676300075
		endloop
	endfacet
	facet normal -0.6343762465282378 0.00009815135548692176 0.7730244292433818
		outer loop
			vertex -1.6704992055892944 11.899999618530273 2.4912998676300075
			vertex -1.6667107343673706 11.899999618530273 2.494408845901492
			vertex -1.6704137325286865 11.902253150939941 2.4913697242736843
		endloop
	endfacet
	facet normal -0.6344119413775201 0 0.7729951414062096
		outer loop
			vertex -1.6667107343673706 12 2.494408845901492
			vertex -1.6704137325286865 11.902253150939941 2.4913697242736843
			vertex -1.6667107343673706 11.899999618530273 2.494408845901492
		endloop
	endfacet
	facet normal -0.4713966466162829 0 0.8819213125664462
		outer loop
			vertex -1.6667107343673706 12 2.494408845901492
			vertex -1.6667107343673706 11.899999618530273 2.494408845901492
			vertex -1.52932870388031 11.973289489746094 2.567841053009036
		endloop
	endfacet
	facet normal -0.47139671679844947 1.691426455014104e-7 0.881921275053286
		outer loop
			vertex -1.1523724794387817 11.899999618530273 2.7693283557891872
			vertex -1.52932870388031 11.973289489746094 2.567841053009036
			vertex -1.6667107343673706 11.899999618530273 2.494408845901492
		endloop
	endfacet
	facet normal -0.4714010833263653 6.508004944084151e-9 0.8819189410817352
		outer loop
			vertex -1.148050308227539 11.899999618530273 2.7716386318206814
			vertex -1.1523724794387817 11.899999618530273 2.7693283557891872
			vertex -1.1484135389328003 0.9999999999999993 2.77144455909729
		endloop
	endfacet
	facet normal -0.47140108332636543 0 0.8819189410817354
		outer loop
			vertex -1.148050308227539 12 2.7716386318206814
			vertex -1.1523724794387817 11.899999618530273 2.7693283557891872
			vertex -1.148050308227539 11.899999618530273 2.7716386318206814
		endloop
	endfacet
	facet normal -0.29028506675729254 0 0.9569402175777306
		outer loop
			vertex -1.148050308227539 12 2.7716386318206814
			vertex -1.148050308227539 11.899999618530273 2.7716386318206814
			vertex -0.9989820718765259 11.973289489746094 2.8168580532074
		endloop
	endfacet
	facet normal -0.4713967531863268 -2.4062699082442547e-7 0.881921255603544
		outer loop
			vertex -1.148050308227539 12 2.7716386318206814
			vertex -1.6667107343673706 12 2.494408845901492
			vertex -1.1523724794387817 11.899999618530273 2.7693283557891872
		endloop
	endfacet
	facet normal 0 1 0
		outer loop
			vertex -1.6667107343673706 12 2.494408845901492
			vertex -1.148050308227539 12 2.7716386318206814
			vertex -1.1321059465408325 12 2.733143091201785
		endloop
	endfacet
	facet normal 0 1 0
		outer loop
			vertex -1.6667107343673706 12 2.494408845901492
			vertex -1.1321059465408325 12 2.733143091201785
			vertex -1.6421211957931519 12 2.460534334182742
		endloop
	endfacet
	facet normal 0 1 0
		outer loop
			vertex -1.643561840057373 12 2.459764242172244
			vertex -1.6667107343673706 12 2.494408845901492
			vertex -1.6421211957931519 12 2.460534334182742
		endloop
	endfacet
	facet normal 0 1 0
		outer loop
			vertex -2.091857433319092 12 2.0918574333190945
			vertex -1.6667107343673706 12 2.494408845901492
			vertex -1.643561840057373 12 2.459764242172244
		endloop
	endfacet
	facet normal 0 1 0
		outer loop
			vertex -1.6667107343673706 12 2.494408845901492
			vertex -2.091857433319092 12 2.0918574333190945
			vertex -1.9570175409317017 12 2.2561600208282497
		endloop
	endfacet
	facet normal 0 1 0
		outer loop
			vertex -2.1213202476501465 12 2.121320247650149
			vertex -1.9570175409317017 12 2.2561600208282497
			vertex -2.091857433319092 12 2.0918574333190945
		endloop
	endfacet
	facet normal 0 1 0
		outer loop
			vertex -2.1213202476501465 12 2.121320247650149
			vertex -2.091857433319092 12 2.0918574333190945
			vertex -2.212092876434326 12 1.993182539939883
		endloop
	endfacet
	facet normal 0 1 0
		outer loop
			vertex -1.148050308227539 12 2.7716386318206814
			vertex -1.1321051120758057 12 2.733143568038943
			vertex -1.1321059465408325 12 2.733143091201785
		endloop
	endfacet
	facet normal 0 1 0
		outer loop
			vertex -1.148050308227539 12 2.7716386318206814
			vertex -0.5852709412574768 12 2.942355871200564
			vertex -1.1321051120758057 12 2.733143568038943
		endloop
	endfacet
	facet normal 0 1 0
		outer loop
			vertex -0.5852709412574768 12 2.942355871200564
			vertex -0.5771421790122986 12 2.901489734649661
			vertex -1.1321051120758057 12 2.733143568038943
		endloop
	endfacet
	facet normal 0 1 0
		outer loop
			vertex -0.5852709412574768 12 2.942355871200564
			vertex -7.347880586115415e-16 12 3.0000000000000027
			vertex -0.5771421194076538 12 2.901489734649661
		endloop
	endfacet
	facet normal 0 1 0
		outer loop
			vertex -7.347880586115415e-16 12 3.0000000000000027
			vertex -6.596045142407434e-16 12 2.9583332538604763
			vertex -0.5771421194076538 12 2.901489734649661
		endloop
	endfacet
	facet normal 0 1 0
		outer loop
			vertex -6.586592097551759e-19 12 2.9583332538604763
			vertex 0 12 3.0000000000000027
			vertex 0.0016257568495348096 12 2.95817303657532
		endloop
	endfacet
	facet normal 0 1 0
		outer loop
			vertex 0 12 3.0000000000000027
			vertex 0.5771405696868896 12 2.901489734649661
			vertex 0.0016257568495348096 12 2.95817303657532
		endloop
	endfacet
	facet normal 0 1 0
		outer loop
			vertex 0 12 3.0000000000000027
			vertex 0.5852709412574768 12 2.942355871200564
			vertex 0.5771405696868896 12 2.901489734649661
		endloop
	endfacet
	facet normal 0 1 0
		outer loop
			vertex 0.5852709412574768 12 2.942355871200564
			vertex 0.5771421194076538 12 2.901489734649661
			vertex 0.5771405696868896 12 2.901489734649661
		endloop
	endfacet
	facet normal 0 1 0
		outer loop
			vertex 0.5852709412574768 12 2.942355871200564
			vertex 0.7886673212051392 12 2.880656242370608
			vertex 0.5771421194076538 12 2.901489734649661
		endloop
	endfacet
	facet normal 0 1 0
		outer loop
			vertex 1.148050308227539 12 2.7716386318206814
			vertex 0.5771421194076538 12 2.901489734649661
			vertex 0.7886673212051392 12 2.880656242370608
		endloop
	endfacet
	facet normal 0 1 0
		outer loop
			vertex 0.5771421194076538 12 2.901489734649661
			vertex 1.148050308227539 12 2.7716386318206814
			vertex 1.1321051120758057 12 2.733143568038943
		endloop
	endfacet
	facet normal 0 1 0
		outer loop
			vertex 1.148050308227539 12 2.7716386318206814
			vertex 1.3355014324188232 12 2.671443939208987
			vertex 1.1321051120758057 12 2.733143568038943
		endloop
	endfacet
	facet normal 0 1 0
		outer loop
			vertex 1.6667107343673706 12 2.494408845901492
			vertex 1.1321051120758057 12 2.733143568038943
			vertex 1.3355014324188232 12 2.671443939208987
		endloop
	endfacet
	facet normal 0 1 0
		outer loop
			vertex 1.6667107343673706 12 2.494408845901492
			vertex 1.6435619592666626 12 2.459764242172244
			vertex 1.1321051120758057 12 2.733143568038943
		endloop
	endfacet
	facet normal 0 1 0
		outer loop
			vertex 1.6667107343673706 12 2.494408845901492
			vertex 1.8310128450393677 12 2.3595695495605495
			vertex 1.643561840057373 12 2.459764242172244
		endloop
	endfacet
	facet normal 0 1 0
		outer loop
			vertex 2.1213202476501465 12 2.121320247650149
			vertex 1.643561840057373 12 2.459764242172244
			vertex 1.8310128450393677 12 2.3595695495605495
		endloop
	endfacet
	facet normal 0 1 0
		outer loop
			vertex 2.1213202476501465 12 2.121320247650149
			vertex 2.091857433319092 12 2.0918574333190945
			vertex 1.643561840057373 12 2.459764242172244
		endloop
	endfacet
	facet normal 0 1 0
		outer loop
			vertex 2.091857433319092 12 2.0918574333190945
			vertex 1.6448875665664673 12 2.4586760997772243
			vertex 1.643561840057373 12 2.459764242172244
		endloop
	endfacet
	facet normal 0 1 0
		outer loop
			vertex 2.1213202476501465 12 2.121320247650149
			vertex 2.256160020828247 12 1.9570175409317043
			vertex 2.091857433319092 12 2.0918574333190945
		endloop
	endfacet
	facet normal 0 1 0
		outer loop
			vertex 2.4944088459014893 12 1.6667107343673733
			vertex 2.091857433319092 12 2.0918574333190945
			vertex 2.256160020828247 12 1.9570175409317043
		endloop
	endfacet
	facet normal 0 1 0
		outer loop
			vertex 2.091857433319092 12 2.0918574333190945
			vertex 2.4944088459014893 12 1.6667107343673733
			vertex 2.459764242172241 12 1.6435618400573757
		endloop
	endfacet
	facet normal 0 1 0
		outer loop
			vertex 2.091857433319092 12 2.0918574333190945
			vertex 2.459764242172241 12 1.6435618400573757
			vertex 2.092893600463867 12 2.0905945301055935
		endloop
	endfacet
	facet normal 0 1 0
		outer loop
			vertex 2.459764242172241 12 1.6435618400573757
			vertex 2.4944088459014893 12 1.6667107343673733
			vertex 2.4605343341827393 12 1.6421211957931545
		endloop
	endfacet
	facet normal 0.09801709393544543 4.4356913096016596e-7 0.9951847312415186
		outer loop
			vertex 0.5852709412574768 12 2.942355871200564
			vertex 0 12 3.0000000000000027
			vertex 0.5803936719894409 11.899999618530273 2.942836284637454
		endloop
	endfacet
	facet normal -0.09801709393544583 -4.3672274286397086e-7 0.9951847312415215
		outer loop
			vertex -7.347880586115415e-16 12 3.0000000000000027
			vertex -0.5852709412574768 12 2.942355871200564
			vertex -0.004877276252955198 11.899999618530273 2.999519586563113
		endloop
	endfacet
	facet normal -0.09802596216543377 -3.197395380204965e-17 0.9951838577577217
		outer loop
			vertex -7.347880586115415e-16 12 3.0000000000000027
			vertex -0.004877276252955198 11.899999618530273 2.999519586563113
			vertex -7.012837233224569e-16 11.899999618530273 3.0000000000000027
		endloop
	endfacet
	facet normal -0.2902846535972495 1.2832500346776118e-7 0.956940342908537
		outer loop
			vertex -0.5852709412574768 12 2.942355871200564
			vertex -1.148050308227539 12 2.7716386318206814
			vertex -0.5899608135223389 11.899999618530273 2.940933227539065
		endloop
	endfacet
	facet normal -0.2902847598242717 -6.817341310709983e-7 0.9569403106846844
		outer loop
			vertex -0.9989820718765259 11.973289489746094 2.8168580532074
			vertex -1.148050308227539 11.899999618530273 2.7716386318206814
			vertex -0.5899609923362732 11.899999618530273 2.940933227539065
		endloop
	endfacet
	facet normal -0.2900556004457858 -2.339437094138357e-16 0.9570097954828023
		outer loop
			vertex -0.5852709412574768 11.899999618530273 2.942355871200564
			vertex -0.5856650471687317 0.9999999999999993 2.9422364234924316
			vertex -0.5852709412574768 0.9999999999999993 2.9423558712005615
		endloop
	endfacet
	facet normal -0.09802596216543376 7.134120777823295e-9 0.9951838577577216
		outer loop
			vertex -7.012837233224569e-16 11.899999618530273 3.0000000000000027
			vertex -0.004877276252955198 11.899999618530273 2.999519586563113
			vertex -0.0004098551580682397 0.9999999999999993 2.999959707260132
		endloop
	endfacet
	facet normal 0.09801701824384974 0 0.9951847386965824
		outer loop
			vertex 0 12 3.0000000000000027
			vertex 0 11.899999618530273 3.0000000000000027
			vertex 0.5803936719894409 11.899999618530273 2.942836284637454
		endloop
	endfacet
	facet normal 0.09802610120306736 0 0.9951838440624556
		outer loop
			vertex 0.5852709412574768 12 2.942355871200564
			vertex 0.5803936719894409 11.899999618530273 2.942836284637454
			vertex 0.5852709412574768 11.899999618530273 2.942355871200564
		endloop
	endfacet
	facet normal 0.2902849604680901 0 0.9569402498202485
		outer loop
			vertex 0.5852709412574768 12 2.942355871200564
			vertex 0.5852709412574768 11.899999618530273 2.942355871200564
			vertex 0.7343392372131348 11.973289489746094 2.8971364498138454
		endloop
	endfacet
	facet normal 0.2902846462630198 6.978864309942779e-7 0.9569403451331053
		outer loop
			vertex 1.1433604955673218 11.899999618530273 2.7730612754821804
			vertex 0.7343392372131348 11.973289489746094 2.8971364498138454
			vertex 0.5852709412574768 11.899999618530273 2.942355871200564
		endloop
	endfacet
	facet normal 0.2902855261467433 -0.00003877673575786809 0.956940077437492
		outer loop
			vertex 1.1433604955673218 11.899999618530273 2.7730612754821804
			vertex 1.148050308227539 11.899999618530273 2.7716386318206814
			vertex 1.1434661149978638 11.902253150939941 2.773029327392581
		endloop
	endfacet
	facet normal 0.2903029820952943 0 0.9569347828282654
		outer loop
			vertex 1.148050308227539 12 2.7716386318206814
			vertex 1.1434661149978638 11.902253150939941 2.773029327392581
			vertex 1.148050308227539 11.899999618530273 2.7716386318206814
		endloop
	endfacet
	facet normal 0.47139632847056506 0 0.8819214826187598
		outer loop
			vertex 1.148050308227539 12 2.7716386318206814
			vertex 1.148050308227539 11.899999618530273 2.7716386318206814
			vertex 1.2854324579238892 11.973289489746094 2.6982064247131374
		endloop
	endfacet
	facet normal 0.4713966757134739 -8.368741316988852e-7 0.8819212970132798
		outer loop
			vertex 1.2854324579238892 11.973289489746094 2.6982064247131374
			vertex 1.148050308227539 11.899999618530273 2.7716386318206814
			vertex 1.662387728691101 11.899999618530273 2.4967195987701443
		endloop
	endfacet
	facet normal 0 -1 0
		outer loop
			vertex 1.662388563156128 11.899999618530273 2.496719121932986
			vertex 1.662387728691101 11.899999618530273 2.4967195987701443
			vertex 1.148050308227539 11.899999618530273 2.7716386318206814
		endloop
	endfacet
	facet normal 0.47140108332636543 0 0.8819189410817354
		outer loop
			vertex 1.6667107343673706 12 2.494408845901492
			vertex 1.662388563156128 11.899999618530273 2.496719121932986
			vertex 1.6667107343673706 11.899999618530273 2.494408845901492
		endloop
	endfacet
	facet normal 0.634393209359333 0 0.7730105147530437
		outer loop
			vertex 1.6667107343673706 12 2.494408845901492
			vertex 1.6667107343673706 11.899999618530273 2.494408845901492
			vertex 1.7871270179748535 11.973289489746094 2.395585775375369
		endloop
	endfacet
	facet normal 0.6343936265822757 -0.000001147200085838661 0.7730101723460514
		outer loop
			vertex 1.7871270179748535 11.973289489746094 2.395585775375369
			vertex 1.6667107343673706 11.899999618530273 2.494408845901492
			vertex 2.117530345916748 11.899999618530273 2.124430418014529
		endloop
	endfacet
	facet normal 0.4713967531863268 2.4062699082442547e-7 0.881921255603544
		outer loop
			vertex 1.6667107343673706 12 2.494408845901492
			vertex 1.148050308227539 12 2.7716386318206814
			vertex 1.662388563156128 11.899999618530273 2.496719121932986
		endloop
	endfacet
	facet normal 0 -1 0
		outer loop
			vertex 2.1175317764282227 11.899999618530273 2.1244292259216335
			vertex 2.117530345916748 11.899999618530273 2.124430418014529
			vertex 1.6667107343673706 11.899999618530273 2.494408845901492
		endloop
	endfacet
	facet normal 0.6343762482605158 -0.00006459357706997995 0.7730244313542635
		outer loop
			vertex 2.1175317764282227 11.899999618530273 2.1244292259216335
			vertex 2.1213202476501465 11.899999618530273 2.121320247650149
			vertex 2.117617130279541 11.902253150939941 2.1243593692779568
		endloop
	endfacet
	facet normal 0.6343997381153876 0 0.7730051566963365
		outer loop
			vertex 2.1213202476501465 12 2.121320247650149
			vertex 2.117617130279541 11.902253150939941 2.1243593692779568
			vertex 2.1213202476501465 11.899999618530273 2.121320247650149
		endloop
	endfacet
	facet normal 0.7730101571257628 0 0.6343936451292711
		outer loop
			vertex 2.1213202476501465 12 2.121320247650149
			vertex 2.1213202476501465 11.899999618530273 2.121320247650149
			vertex 2.491299867630005 11.899999618530273 1.670499205589297
		endloop
	endfacet
	facet normal 0.773010276091923 0.0000010936633993764006 0.6343935001677533
		outer loop
			vertex 2.4944088459014893 12 1.6667107343673733
			vertex 2.1213202476501465 12 2.121320247650149
			vertex 2.491299867630005 11.899999618530273 1.670499205589297
		endloop
	endfacet
	facet normal 0.7730244292433818 0.00009815135548692176 0.6343762465282378
		outer loop
			vertex 2.491299867630005 11.899999618530273 1.670499205589297
			vertex 2.4944088459014893 11.899999618530273 1.6667107343673733
			vertex 2.4913697242736816 11.902253150939941 1.6704137325286892
		endloop
	endfacet
	facet normal 0.7729951414062096 0 0.6344119413775201
		outer loop
			vertex 2.4944088459014893 12 1.6667107343673733
			vertex 2.4913697242736816 11.902253150939941 1.6704137325286892
			vertex 2.4944088459014893 11.899999618530273 1.6667107343673733
		endloop
	endfacet
	facet normal 0 1 0
		outer loop
			vertex -2.4944088459014893 12 1.6667107343673733
			vertex -2.1213202476501465 12 2.121320247650149
			vertex -2.459764242172241 12 1.6435618400573757
		endloop
	endfacet
	facet normal -0.773010276091923 -0.0000010936633993764006 0.6343935001677533
		outer loop
			vertex -2.1213202476501465 12 2.121320247650149
			vertex -2.4944088459014893 12 1.6667107343673733
			vertex -2.124429225921631 11.899999618530273 2.1175317764282253
		endloop
	endfacet
	facet normal 0 1 0
		outer loop
			vertex 2.4944088459014893 12 -1.666710734367368
			vertex 2.359569549560547 12 -1.831012845039365
			vertex 2.459764242172241 12 -1.6435618400573704
		endloop
	endfacet
	facet normal 0 1 0
		outer loop
			vertex 2.1213202476501465 12 -2.121320247650144
			vertex 2.459764242172241 12 -1.6435618400573704
			vertex 2.359569549560547 12 -1.831012845039365
		endloop
	endfacet
	facet normal 0 1 0
		outer loop
			vertex 2.1213202476501465 12 -2.121320247650144
			vertex 2.091857433319092 12 -2.091857433319089
			vertex 2.459764242172241 12 -1.6435618400573704
		endloop
	endfacet
	facet normal 0 1 0
		outer loop
			vertex 2.1213202476501465 12 -2.121320247650144
			vertex 1.9931824207305908 12 -2.2120931148529026
			vertex 2.091857433319092 12 -2.091857433319089
		endloop
	endfacet
	facet normal 0 1 0
		outer loop
			vertex 1.643561840057373 12 -2.4597642421722385
			vertex 2.091857433319092 12 -2.091857433319089
			vertex 1.9931824207305908 12 -2.2120931148529026
		endloop
	endfacet
	facet normal 0 1 0
		outer loop
			vertex -2.091857433319092 12 2.0918574333190945
			vertex -2.4587278366088867 12 1.6448247432708767
			vertex -2.09185791015625 12 2.0918569564819363
		endloop
	endfacet
	facet normal 0 1 0
		outer loop
			vertex -2.212092876434326 12 1.993182539939883
			vertex -2.09185791015625 12 2.0918569564819363
			vertex -2.4587278366088867 12 1.6448247432708767
		endloop
	endfacet
	facet normal 0 1 0
		outer loop
			vertex -2.459764242172241 12 1.6435618400573757
			vertex -2.212092876434326 12 1.993182539939883
			vertex -2.4587278366088867 12 1.6448247432708767
		endloop
	endfacet
	facet normal 0 -1 0
		outer loop
			vertex -0.5899608135223389 11.899999618530273 2.940933227539065
			vertex -0.5899609923362732 11.899999618530273 2.940933227539065
			vertex -1.148050308227539 11.899999618530273 2.7716386318206814
		endloop
	endfacet
	facet normal -0.6343935001677533 -0.0000010936633993764006 -0.773010276091923
		outer loop
			vertex -2.1213202476501465 12 -2.121320247650144
			vertex -1.6667107343673706 12 -2.4944088459014866
			vertex -2.1175317764282227 11.899999618530273 -2.124429225921628
		endloop
	endfacet
	facet normal 0.2902846535972516 4.469747311798456e-8 0.956940342908544
		outer loop
			vertex 1.148050308227539 12 2.7716386318206814
			vertex 0.5852709412574768 12 2.942355871200564
			vertex 1.1433604955673218 11.899999618530273 2.7730612754821804
		endloop
	endfacet
	facet normal 0.6343935001677533 -0.0000010936633993764006 0.773010276091923
		outer loop
			vertex 2.1213202476501465 12 2.121320247650149
			vertex 1.6667107343673706 12 2.494408845901492
			vertex 2.1175317764282227 11.899999618530273 2.1244292259216335
		endloop
	endfacet
	facet normal 0.09801709393544578 -4.3672274262799595e-7 -0.9951847312415215
		outer loop
			vertex 4.323721501511347e-16 12 -2.9999999999999973
			vertex 0.5852709412574768 12 -2.942355871200559
			vertex 0.004877276252955198 11.899999618530273 -2.9995195865631077
		endloop
	endfacet
	facet normal 0 -1 0
		outer loop
			vertex 0.5899608135223389 11.899999618530273 -2.94093322753906
			vertex 0.5899609923362732 11.899999618530273 -2.94093322753906
			vertex 1.148050308227539 11.899999618530273 -2.771638631820676
		endloop
	endfacet
	facet normal 0.773010276091923 -0.0000010936633993764006 -0.6343935001677533
		outer loop
			vertex 2.1213202476501465 12 -2.121320247650144
			vertex 2.4944088459014893 12 -1.666710734367368
			vertex 2.124429225921631 11.899999618530273 -2.11753177642822
		endloop
	endfacet
	facet normal 0 1 0
		outer loop
			vertex 1.6448875665664673 12 2.4586760997772243
			vertex 2.0918569564819336 12 2.0918579101562527
			vertex 2.091857433319092 12 2.0918574333190945
		endloop
	endfacet
	facet normal 0 1 0
		outer loop
			vertex 2.4586760997772217 12 -1.6448875665664646
			vertex 2.09185791015625 12 -2.091856956481931
			vertex 2.091857433319092 12 -2.091857433319089
		endloop
	endfacet
	facet normal -0.8839578567412295 0.3830355487816115 0.26814599731307176
		outer loop
			vertex -2.0051143169403076 13.94761848449707 0.7500000000000031
			vertex -2.5 12.805536270141602 0.7500000000000029
			vertex -2.5 12.623703956604004 1.0097399950027495
		endloop
	endfacet
	facet normal -0.8146601996770934 0.38303564675942475 0.4354451198184077
		outer loop
			vertex -2.459764242172241 12 1.6435618400573757
			vertex -2.5 12.59180736541748 1.047707676887515
			vertex -2.5 12 1.568286061286929
		endloop
	endfacet
	facet normal -0.8146602777915153 0.3830355659112334 0.43544504479407303
		outer loop
			vertex -2.459764242172241 12 1.6435618400573757
			vertex -1.6940724849700928 14.644338607788086 0.7500000000000032
			vertex -2.5 12.59180736541748 1.047707676887515
		endloop
	endfacet
	facet normal -0.814635682289523 0.3830337171099845 0.43549268271417807
		outer loop
			vertex -1.8106602430343628 14.396373748779297 0.7500000000000032
			vertex -2.5 12.605647087097168 1.0355339050292998
			vertex -2.5 12.604150772094727 1.0368499755859404
		endloop
	endfacet
	facet normal -0.8839593679014959 0.38303522659607514 0.26814147587734577
		outer loop
			vertex -2.0051143169403076 13.94761848449707 0.7500000000000031
			vertex -2.5 12.623703956604004 1.0097399950027495
			vertex -2.5 12.605647087097168 1.0355339050292998
		endloop
	endfacet
	facet normal -0.8839579892474805 0.38303557830304835 0.26814551832838934
		outer loop
			vertex -1.8106602430343628 14.396373748779297 0.7500000000000032
			vertex -2.0051143169403076 13.94761848449707 0.7500000000000031
			vertex -2.5 12.605647087097168 1.0355339050292998
		endloop
	endfacet
	facet normal -0.8149803653652615 0.38305964487566546 0.4348244617507554
		outer loop
			vertex -1.8088171482086182 14.400293350219727 0.7500000000000032
			vertex -2.5 12.603931427001953 1.037042975425723
			vertex -2.5 12.603851318359375 1.0371135473251372
		endloop
	endfacet
	facet normal -0.8143986169092415 0.38301593877533174 0.4359514691113746
		outer loop
			vertex -1.8081412315368652 14.40173053741455 0.7500000000000032
			vertex -1.8088171482086182 14.400293350219727 0.7500000000000032
			vertex -2.5 12.603851318359375 1.0371135473251372
		endloop
	endfacet
	facet normal -0.8147214202419835 0.38304011738498545 0.4353266312466789
		outer loop
			vertex -1.8106602430343628 14.396373748779297 0.7500000000000032
			vertex -2.5 12.604150772094727 1.0368499755859404
			vertex -2.5 12.603931427001953 1.037042975425723
		endloop
	endfacet
	facet normal -0.8145639520237907 0.38302838388807264 0.43563152457033577
		outer loop
			vertex -1.8088171482086182 14.400293350219727 0.7500000000000032
			vertex -1.8106602430343628 14.396373748779297 0.7500000000000032
			vertex -2.5 12.603931427001953 1.037042975425723
		endloop
	endfacet
	facet normal -0.8146555705084945 0.3830352002806104 0.43545417300270767
		outer loop
			vertex -1.8081412315368652 14.401731491088867 0.7500000000000032
			vertex -2.5 12.603851318359375 1.0371135473251372
			vertex -2.5 12.59180736541748 1.047707676887515
		endloop
	endfacet
	facet normal -0.8146588849991336 0.38303541609022745 0.43544778230294745
		outer loop
			vertex -1.6940724849700928 14.644338607788086 0.7500000000000032
			vertex -1.8081412315368652 14.401731491088867 0.7500000000000032
			vertex -2.5 12.59180736541748 1.047707676887515
		endloop
	endfacet
	facet normal -0.8839576425262037 0.3830356065454423 -0.26814662097047104
		outer loop
			vertex -1.9072444438934326 14.173479080200195 -0.7499999999999969
			vertex -2.5 12.614447593688965 -1.0229617357254
			vertex -2.5 12.805536270141602 -0.7499999999999971
		endloop
	endfacet
	facet normal -0.884070056723081 0.3830227944951646 -0.2677940882520814
		outer loop
			vertex -1.8131872415542603 14.390542030334473 -0.7499999999999968
			vertex -2.5 12.60670280456543 -1.0340260267257662
			vertex -2.5 12.606752395629883 -1.0339550971984834
		endloop
	endfacet
	facet normal -0.8838109151790545 0.3830522995527568 -0.2686060349614411
		outer loop
			vertex -1.8131872415542603 14.390542030334473 -0.7499999999999968
			vertex -1.8125114440917969 14.392101287841797 -0.7499999999999968
			vertex -2.5 12.60670280456543 -1.0340260267257662
		endloop
	endfacet
	facet normal -0.8838963963473517 0.3830426390614016 -0.2683384005039946
		outer loop
			vertex -1.8125114440917969 14.392101287841797 -0.7499999999999968
			vertex -2.5 12.605782508850098 -1.0353397130966158
			vertex -2.5 12.60670280456543 -1.0340260267257662
		endloop
	endfacet
	facet normal -0.8839667536533683 0.38303422483941646 -0.26811855780082205
		outer loop
			vertex -1.907244324684143 14.173479080200195 -0.7499999999999969
			vertex -2.5 12.606752395629883 -1.0339550971984834
			vertex -2.5 12.614447593688965 -1.0229617357254
		endloop
	endfacet
	facet normal -0.8839607195122979 0.38303527537650395 -0.26813695041255803
		outer loop
			vertex -1.907244324684143 14.173479080200195 -0.7499999999999969
			vertex -1.8131872415542603 14.390542030334473 -0.7499999999999968
			vertex -2.5 12.606752395629883 -1.0339550971984834
		endloop
	endfacet
	facet normal -0.884295588024894 0.38299628711627315 -0.26708642244572517
		outer loop
			vertex -1.8125114440917969 14.392101287841797 -0.7499999999999968
			vertex -2.5 12.605647087097168 -1.035533905029294
			vertex -2.5 12.605782508850098 -1.0353397130966158
		endloop
	endfacet
	facet normal -0.8840094897973066 0.38302966983991005 -0.26798413007235194
		outer loop
			vertex -1.8125114440917969 14.392101287841797 -0.7499999999999968
			vertex -1.8106602430343628 14.396373748779297 -0.7499999999999968
			vertex -2.5 12.605647087097168 -1.035533905029294
		endloop
	endfacet
	facet normal -0.8146547849066279 0.38303516896910855 -0.4354556702599501
		outer loop
			vertex -1.8106602430343628 14.396373748779297 -0.7499999999999968
			vertex -2.5 12.576433181762695 -1.061231017112729
			vertex -2.5 12.605647087097168 -1.035533905029294
		endloop
	endfacet
	facet normal -0.8146579051198447 0.3830353285493051 -0.4354496925120882
		outer loop
			vertex -1.8106602430343628 14.396373748779297 -0.7499999999999968
			vertex -1.4761903285980225 15.10774040222168 -0.7499999999999967
			vertex -2.5 12.576433181762695 -1.061231017112729
		endloop
	endfacet
	facet normal -0.8146604541681011 0.3830355943918019 -0.43544468976385814
		outer loop
			vertex -2.4605343341827393 12 -1.6421211957931492
			vertex -2.5 12 -1.5682860612869236
			vertex -2.5 12.576433181762695 -1.061231017112729
		endloop
	endfacet
	facet normal -0.81466034068543 0.3830357119264543 -0.43544479868669217
		outer loop
			vertex -1.4761903285980225 15.10774040222168 -0.7499999999999967
			vertex -2.4605343341827393 12 -1.6421211957931492
			vertex -2.5 12.576433181762695 -1.061231017112729
		endloop
	endfacet
	facet normal 0.8839580555926004 0.3830355955305108 0.26814527500878366
		outer loop
			vertex 1.907244324684143 14.173479080200195 0.7500000000000031
			vertex 2.5 12.614447593688965 1.0229617357254057
			vertex 2.5 12.805535316467285 0.7500000000000029
		endloop
	endfacet
	facet normal 0.8839667536533683 0.38303422483941635 0.268118557800822
		outer loop
			vertex 1.907244324684143 14.173479080200195 0.7500000000000031
			vertex 2.5 12.606752395629883 1.0339550971984892
			vertex 2.5 12.614447593688965 1.0229617357254057
		endloop
	endfacet
	facet normal 0.8839607195122982 0.3830352753765037 0.268136950412557
		outer loop
			vertex 1.907244324684143 14.173479080200195 0.7500000000000031
			vertex 1.8131872415542603 14.390542030334473 0.7500000000000032
			vertex 2.5 12.606752395629883 1.0339550971984892
		endloop
	endfacet
	facet normal 0.8838963963473518 0.3830426390614015 0.2683384005039945
		outer loop
			vertex 1.8125114440917969 14.392101287841797 0.7500000000000032
			vertex 2.5 12.605782508850098 1.0353397130966215
			vertex 2.5 12.60670280456543 1.034026026725772
		endloop
	endfacet
	facet normal 0.8840700567230809 0.3830227944951644 0.26779408825208134
		outer loop
			vertex 1.8131872415542603 14.390542030334473 0.7500000000000032
			vertex 2.5 12.60670280456543 1.034026026725772
			vertex 2.5 12.606752395629883 1.0339550971984892
		endloop
	endfacet
	facet normal 0.8838109151790546 0.383052299552757 0.2686060349614418
		outer loop
			vertex 1.8131872415542603 14.390542030334473 0.7500000000000032
			vertex 1.8125114440917969 14.392101287841797 0.7500000000000032
			vertex 2.5 12.60670280456543 1.034026026725772
		endloop
	endfacet
	facet normal 0.884295588024894 0.38299628711627304 0.26708642244572506
		outer loop
			vertex 1.8125114440917969 14.392101287841797 0.7500000000000032
			vertex 2.5 12.605647087097168 1.0355339050292998
			vertex 2.5 12.605782508850098 1.0353397130966215
		endloop
	endfacet
	facet normal 0.8840094897973063 0.3830296698399099 0.2679841300723525
		outer loop
			vertex 1.8125114440917969 14.392101287841797 0.7500000000000032
			vertex 1.8106602430343628 14.396373748779297 0.7500000000000032
			vertex 2.5 12.605647087097168 1.0355339050292998
		endloop
	endfacet
	facet normal 0.8146605265779676 0.38303539638706674 0.43544472846770305
		outer loop
			vertex 2.4605343341827393 12 1.6421211957931545
			vertex 2.5 12 1.568286061286929
			vertex 2.5 12.578451156616211 1.0594562292099028
		endloop
	endfacet
	facet normal 0.8146603957964547 0.3830355317919254 0.4354448540350905
		outer loop
			vertex 1.5068978071212769 15.042431831359863 0.7500000000000033
			vertex 2.4605343341827393 12 1.6421211957931545
			vertex 2.5 12.578451156616211 1.0594562292099028
		endloop
	endfacet
	facet normal 0.8146571368975146 0.3830353476892643 0.4354511128961654
		outer loop
			vertex 1.8106602430343628 14.396373748779297 0.7500000000000032
			vertex 2.5 12.578451156616211 1.0594562292099028
			vertex 2.5 12.605647087097168 1.0355339050292998
		endloop
	endfacet
	facet normal 0.8146585593351489 0.38303542281919106 0.43544838565288474
		outer loop
			vertex 1.8106602430343628 14.396373748779297 0.7500000000000032
			vertex 1.5068976879119873 15.042430877685547 0.7500000000000033
			vertex 2.5 12.578451156616211 1.0594562292099028
		endloop
	endfacet
	facet normal 0.8839578567412295 0.3830355487816116 -0.2681459973130718
		outer loop
			vertex 2.0051143169403076 13.94761848449707 -0.7499999999999969
			vertex 2.5 12.805536270141602 -0.7499999999999971
			vertex 2.5 12.623703956604004 -1.0097399950027437
		endloop
	endfacet
	facet normal 0.8127835608315637 0.3828903202958619 -0.43906478549947064
		outer loop
			vertex 1.8106602430343628 14.396373748779297 -0.7499999999999968
			vertex 2.5 12.605647087097168 -1.035533905029294
			vertex 2.5 12.605566024780273 -1.0356045961379976
		endloop
	endfacet
	facet normal 0.8141855321653118 0.38299924527836077 -0.43636395053773
		outer loop
			vertex 1.809983730316162 14.397811889648438 -0.7499999999999968
			vertex 1.8106602430343628 14.396373748779297 -0.7499999999999968
			vertex 2.5 12.605566024780273 -1.0356045961379976
		endloop
	endfacet
	facet normal 0.814674650048404 0.3830366817842186 -0.43541717349714837
		outer loop
			vertex 1.809983730316162 14.397811889648438 -0.7499999999999968
			vertex 2.5 12.605566024780273 -1.0356045961379976
			vertex 2.5 12.604069709777832 -1.0369209051132173
		endloop
	endfacet
	facet normal 0.8839593679014959 0.38303522659607525 -0.2681414758773458
		outer loop
			vertex 2.0051143169403076 13.94761848449707 -0.7499999999999969
			vertex 2.5 12.623703956604004 -1.0097399950027437
			vertex 2.5 12.605647087097168 -1.035533905029294
		endloop
	endfacet
	facet normal 0.8839579892474806 0.3830355783030484 -0.26814551832838945
		outer loop
			vertex 1.8106602430343628 14.396373748779297 -0.7499999999999968
			vertex 2.0051143169403076 13.94761848449707 -0.7499999999999969
			vertex 2.5 12.605647087097168 -1.035533905029294
		endloop
	endfacet
	facet normal 0.8152588861681995 0.3830801575602106 -0.4342839409964763
		outer loop
			vertex 1.809983730316162 14.397811889648438 -0.7499999999999968
			vertex 2.5 12.604069709777832 -1.0369209051132173
			vertex 2.5 12.603851318359375 -1.0371135473251314
		endloop
	endfacet
	facet normal 0.8146418876458914 0.3830343458096525 -0.4354805217491482
		outer loop
			vertex 1.8081412315368652 14.40173053741455 -0.7499999999999968
			vertex 1.809983730316162 14.397811889648438 -0.7499999999999968
			vertex 2.5 12.603851318359375 -1.0371135473251314
		endloop
	endfacet
	facet normal 0.8146555705084945 0.38303520028061055 -0.43545417300270783
		outer loop
			vertex 1.8081412315368652 14.401731491088867 -0.7499999999999968
			vertex 2.5 12.603851318359375 -1.0371135473251314
			vertex 2.5 12.59180736541748 -1.0477076768875093
		endloop
	endfacet
	facet normal 0.8146588849991339 0.3830354160902274 -0.4354477823029465
		outer loop
			vertex 1.6940724849700928 14.644338607788086 -0.7499999999999968
			vertex 1.8081412315368652 14.401731491088867 -0.7499999999999968
			vertex 2.5 12.59180736541748 -1.0477076768875093
		endloop
	endfacet
	facet normal 0.8146601996770934 0.3830356467594251 -0.43544511981840767
		outer loop
			vertex 2.459764242172241 12 -1.6435618400573704
			vertex 2.5 12.59180736541748 -1.0477076768875093
			vertex 2.5 12 -1.5682860612869236
		endloop
	endfacet
	facet normal 0.8146602777915154 0.3830355659112336 -0.43544504479407287
		outer loop
			vertex 2.459764242172241 12 -1.6435618400573704
			vertex 1.6940724849700928 14.644338607788086 -0.7499999999999968
			vertex 2.5 12.59180736541748 -1.0477076768875093
		endloop
	endfacet
	facet normal -0.585999335181391 0.3830360781357502 -0.7140645223040782
		outer loop
			vertex -1.643561840057373 12 -2.4597642421722385
			vertex -1.644824743270874 12 -2.458727836608884
			vertex -0.6621849536895752 16.239437103271484 -0.991029798984524
		endloop
	endfacet
	facet normal -0.4354449947052229 0.3830355886096629 -0.8146602938922566
		outer loop
			vertex -1.643561840057373 12 -2.4597642421722385
			vertex -0.6621849536895752 16.239437103271484 -0.991029798984524
			vertex -0.5186402201652527 16.239437103271484 -1.06775605678558
		endloop
	endfacet
	facet normal -0.43544502415711767 0.3830355909018028 -0.8146602770721758
		outer loop
			vertex -1.1335458755493164 12 -2.7323734760284397
			vertex -1.643561840057373 12 -2.4597642421722385
			vertex -0.5186402201652527 16.239437103271484 -1.06775605678558
		endloop
	endfacet
	facet normal -0.4354448843117275 0.3830355985552911 -0.8146603482225807
		outer loop
			vertex -1.1335458755493164 12 -2.7323734760284397
			vertex -0.5186402201652527 16.239437103271484 -1.06775605678558
			vertex -0.45652642846107483 16.239437103271484 -1.1009565591812098
		endloop
	endfacet
	facet normal -0.5861895987765655 0.38302766962788876 -0.7139128508337682
		outer loop
			vertex -0.6621849536895752 16.239437103271484 -0.991029798984524
			vertex -1.644824743270874 12 -2.458727836608884
			vertex -0.6625968813896179 16.239192962646484 -0.99082255363464
		endloop
	endfacet
	facet normal -0.5861169611612136 0.38270981289404227 -0.7141429177368853
		outer loop
			vertex -0.6625403761863708 16.239437103271484 -0.9907380938529933
			vertex -0.6621849536895752 16.239437103271484 -0.991029798984524
			vertex -0.6625968813896179 16.239192962646484 -0.99082255363464
		endloop
	endfacet
	facet normal -0.5860105335139735 0.3830355827319412 -0.7140555979556986
		outer loop
			vertex -1.644824743270874 12 -2.458727836608884
			vertex -2.091857433319092 12 -2.091857433319089
			vertex -0.7169835567474365 16.239437103271484 -0.9460577368736232
		endloop
	endfacet
	facet normal -0.5860103296943722 0.38303559538576415 -0.7140557584383495
		outer loop
			vertex -1.644824743270874 12 -2.458727836608884
			vertex -0.7169835567474365 16.239437103271484 -0.9460577368736232
			vertex -0.6625403761863708 16.239437103271484 -0.9907380938529933
		endloop
	endfacet
	facet normal -0.5860103560226393 0.38303556684277545 -0.7140557521424035
		outer loop
			vertex -2.091857433319092 12 -2.091857433319089
			vertex -0.842801570892334 16.239437103271484 -0.8428015708923304
			vertex -0.7169835567474365 16.239437103271484 -0.9460577368736232
		endloop
	endfacet
	facet normal -0.7141321174199089 0.38303144157187646 -0.5859199891083489
		outer loop
			vertex -2.091857433319092 12 -2.091857433319089
			vertex -2.092893600463867 12 -2.090594530105588
			vertex -0.842801570892334 16.239437103271484 -0.8428015708923304
		endloop
	endfacet
	facet normal -0.7142825506328219 0.3830233731613629 -0.5857418659047359
		outer loop
			vertex -2.092893600463867 12 -2.090594530105588
			vertex -0.8431650996208191 16.239192962646484 -0.8425179123878443
			vertex -0.842801570892334 16.239437103271484 -0.8428015708923304
		endloop
	endfacet
	facet normal -0.7144388879371605 0.3849382361814773 -0.5842941294661507
		outer loop
			vertex -0.8430932760238647 16.23943519592285 -0.8424461483955348
			vertex -0.842801570892334 16.239437103271484 -0.8428015708923304
			vertex -0.8431650996208191 16.239192962646484 -0.8425179123878443
		endloop
	endfacet
	facet normal -0.7140553936741039 0.3830356374047552 -0.5860107466957013
		outer loop
			vertex -2.092893600463867 12 -2.090594530105588
			vertex -2.459764242172241 12 -1.6435618400573704
			vertex -0.9136455655097961 16.148422241210938 -0.8159675002098048
		endloop
	endfacet
	facet normal -0.7140537014963008 0.3830354433746737 -0.5860129354358989
		outer loop
			vertex -0.9136455655097961 16.148422241210938 -0.8159675002098048
			vertex -2.459764242172241 12 -1.6435618400573704
			vertex -1.122454285621643 15.860086441040039 -0.7499999999999964
		endloop
	endfacet
	facet normal -0.7140554553461824 0.38303751172861616 -0.586009446424805
		outer loop
			vertex -0.9136455655097961 16.148422241210938 -0.8159675002098048
			vertex -1.122454285621643 15.860086441040039 -0.7499999999999964
			vertex -0.946840763092041 16.187463760375977 -0.7499999999999964
		endloop
	endfacet
	facet normal -0.7140547626264393 0.38303846933071667 -0.5860096645818061
		outer loop
			vertex -0.8877736330032349 16.23943519592285 -0.7880029678344691
			vertex -0.9136455655097961 16.148422241210938 -0.8159675002098048
			vertex -0.946840763092041 16.187463760375977 -0.7499999999999964
		endloop
	endfacet
	facet normal -0.7140546952443466 0.383038207628356 -0.5860099177457321
		outer loop
			vertex -0.8877736330032349 16.23943519592285 -0.7880029678344691
			vertex -0.946840763092041 16.187463760375977 -0.7499999999999964
			vertex -0.9189618825912476 16.23943519592285 -0.7499999999999964
		endloop
	endfacet
	facet normal -0.8147997147899867 0.3830255069525578 -0.4351929294024576
		outer loop
			vertex -2.459764242172241 12 -1.6435618400573704
			vertex -1.1227165460586548 15.859528541564941 -0.7499999999999964
			vertex -1.122454285621643 15.860086441040039 -0.7499999999999964
		endloop
	endfacet
	facet normal -0.8146478379964028 0.3830364671446963 -0.4354675244895956
		outer loop
			vertex -2.459764242172241 12 -1.6435618400573704
			vertex -2.4605343341827393 12 -1.6421211957931492
			vertex -1.1227165460586548 15.859528541564941 -0.7499999999999964
		endloop
	endfacet
	facet normal -0.8147307935748965 0.3830305463222482 -0.4353175100830421
		outer loop
			vertex -2.4605343341827393 12 -1.6421211957931492
			vertex -1.1234670877456665 15.857932090759277 -0.7499999999999964
			vertex -1.1227165460586548 15.859528541564941 -0.7499999999999964
		endloop
	endfacet
	facet normal -0.8146608372324786 0.3830355532288884 -0.4354440093081046
		outer loop
			vertex -2.4605343341827393 12 -1.6421211957931492
			vertex -1.2315477132797241 15.628060340881348 -0.7499999999999966
			vertex -1.1234670877456665 15.857932090759277 -0.7499999999999964
		endloop
	endfacet
	facet normal -0.09059444391913893 0.38303373686259434 -0.9192811339063035
		outer loop
			vertex 2.8213751618666526e-16 12 -2.958333253860471
			vertex -0.0016257589450106025 12 -2.9581730365753147
			vertex 1.2340642707718596e-16 16.239437103271484 -1.1919014453887904
		endloop
	endfacet
	facet normal 0.09054189929838675 0.3830355747502618 -0.9192855448374992
		outer loop
			vertex 2.323350493825462e-16 12 -2.958333253860471
			vertex 1.0938944793333598e-16 16.239437103271484 -1.1919014453887904
			vertex 0.16197991371154785 16.239437103271484 -1.1759477853774989
		endloop
	endfacet
	facet normal 0.09054191843370388 0.3830355734538716 -0.9192855434929934
		outer loop
			vertex 0.575516402721405 12 -2.9016497135162327
			vertex 2.323350493825462e-16 12 -2.958333253860471
			vertex 0.16197991371154785 16.239437103271484 -1.1759477853774989
		endloop
	endfacet
	facet normal 0.09054242524819797 0.3830355983494504 -0.9192854832027171
		outer loop
			vertex 0.575516402721405 12 -2.9016497135162327
			vertex 0.16197991371154785 16.239437103271484 -1.1759477853774989
			vertex 0.23207086324691772 16.239437103271484 -1.1690443754196131
		endloop
	endfacet
	facet normal 0.09053643859114556 0.383035389835191 -0.9192861597027527
		outer loop
			vertex 0.575516402721405 12 -2.9016497135162327
			vertex 0.23207086324691772 16.239437103271484 -1.1690443754196131
			vertex 0.23252840340137482 16.239437103271484 -1.168999314308163
		endloop
	endfacet
	facet normal 0.09046328958592126 0.38303284777365054 -0.9192944200655747
		outer loop
			vertex 0.5771421194076538 12 -2.9014897346496555
			vertex 0.575516402721405 12 -2.9016497135162327
			vertex 0.23252840340137482 16.239437103271484 -1.168999314308163
		endloop
	endfacet
	facet normal 0.2681482227555345 0.38303550616172133 -0.8839572001248038
		outer loop
			vertex 0.5771421194076538 12 -2.9014897346496555
			vertex 0.23252840340137482 16.239437103271484 -1.168999314308163
			vertex 0.40421855449676514 16.148422241210938 -1.1563556194305384
		endloop
	endfacet
	facet normal 0.2681456845229155 0.38303569063624837 -0.8839578901568499
		outer loop
			vertex 1.1305418014526367 12 -2.7336177825927708
			vertex 0.5771421194076538 12 -2.9014897346496555
			vertex 0.40421855449676514 16.148422241210938 -1.1563556194305384
		endloop
	endfacet
	facet normal 0.26814027151914366 0.38303539953196125 -0.8839596582961412
		outer loop
			vertex 1.1321051120758057 12 -2.7331435680389378
			vertex 1.1305418014526367 12 -2.7336177825927708
			vertex 0.45612090826034546 16.239437103271484 -1.1011732816696131
		endloop
	endfacet
	facet normal 0.43544728007239913 0.38303550797226726 -0.8146591102479472
		outer loop
			vertex 1.1321051120758057 12 -2.7331435680389378
			vertex 0.45612090826034546 16.239437103271484 -1.1011732816696131
			vertex 0.6220453977584839 16.148422241210938 -1.0552774667739833
		endloop
	endfacet
	facet normal 0.4354449251444338 0.3830356924533921 -0.8146602822481952
		outer loop
			vertex 1.6421211957931519 12 -2.4605343341827366
			vertex 1.1321051120758057 12 -2.7331435680389378
			vertex 0.6220453977584839 16.148422241210938 -1.0552774667739833
		endloop
	endfacet
	facet normal 0.43546752089692603 0.3830364855233837 -0.8146478312754414
		outer loop
			vertex 1.643561840057373 12 -2.4597642421722385
			vertex 1.6421211957931519 12 -2.4605343341827366
			vertex 0.6621849536895752 16.239437103271484 -0.991029798984524
		endloop
	endfacet
	facet normal 0.5860122808319425 0.38303550140514553 -0.7140542075903294
		outer loop
			vertex 0.8159675002098083 16.148422241210938 -0.9136455655097926
			vertex 1.643561840057373 12 -2.4597642421722385
			vertex 0.6621849536895752 16.239437103271484 -0.991029798984524
		endloop
	endfacet
	facet normal 0.5860130058496185 0.3830386837717186 -0.7140519054729316
		outer loop
			vertex 0.8159675002098083 16.148422241210938 -0.9136455655097926
			vertex 0.6621849536895752 16.239437103271484 -0.991029798984524
			vertex 0.7880029678344727 16.23943519592285 -0.8877736330032313
		endloop
	endfacet
	facet normal 0.5860107466957013 0.38303563740475527 -0.7140553936741039
		outer loop
			vertex 2.090594530105591 12 -2.0928936004638645
			vertex 1.643561840057373 12 -2.4597642421722385
			vertex 0.8159675002098083 16.148422241210938 -0.9136455655097926
		endloop
	endfacet
	facet normal 0.4354191847581513 0.38303457895063997 -0.8146745637815466
		outer loop
			vertex 1.6421211957931519 12 -2.4605343341827366
			vertex 0.6617794632911682 16.239437103271484 -0.9912465214729274
			vertex 0.6621849536895752 16.239437103271484 -0.991029798984524
		endloop
	endfacet
	facet normal 0.4354453270157525 0.38303561303134054 -0.8146601047859469
		outer loop
			vertex 1.6421211957931519 12 -2.4605343341827366
			vertex 0.599665641784668 16.239437103271484 -1.024447083473202
			vertex 0.6617794632911682 16.239437103271484 -0.9912465214729274
		endloop
	endfacet
	facet normal 0.4354456313355628 0.38303098562902727 -0.8146621178125499
		outer loop
			vertex 0.6220453977584839 16.148422241210938 -1.0552774667739833
			vertex 0.45612090826034546 16.239437103271484 -1.1011732816696131
			vertex 0.599665641784668 16.239437103271484 -1.024447083473202
		endloop
	endfacet
	facet normal 0.2682215572757156 0.3830383433606958 -0.883933721343452
		outer loop
			vertex 1.1305418014526367 12 -2.7336177825927708
			vertex 0.4556809067726135 16.239437103271484 -1.10130679607391
			vertex 0.45612090826034546 16.239437103271484 -1.1011732816696131
		endloop
	endfacet
	facet normal 0.2681455425859923 0.3830355830943862 -0.8839579798128457
		outer loop
			vertex 1.1305418014526367 12 -2.7336177825927708
			vertex 0.38828355073928833 16.239437103271484 -1.1217515468597377
			vertex 0.4556809067726135 16.239437103271484 -1.10130679607391
		endloop
	endfacet
	facet normal 0.2681460925635278 0.3830310414459357 -0.8839597809469353
		outer loop
			vertex 0.40421855449676514 16.148422241210938 -1.1563556194305384
			vertex 0.2325284332036972 16.239437103271484 -1.168999314308163
			vertex 0.38828355073928833 16.239437103271484 -1.1217515468597377
		endloop
	endfacet
	facet normal -0.09053013594631712 0.38303596487032304 -0.9192865408029218
		outer loop
			vertex -0.0016257589450106025 12 -2.9581730365753147
			vertex -0.00045757219777442515 16.239437103271484 -1.1918563842773402
			vertex 1.2340642707718596e-16 16.239437103271484 -1.1919014453887904
		endloop
	endfacet
	facet normal -0.09054244966344492 0.38303553723330136 -0.9192855062630646
		outer loop
			vertex -0.0016257589450106025 12 -2.9581730365753147
			vertex -0.07054850459098816 16.239437103271484 -1.1849529743194545
			vertex -0.00045757219777442515 16.239437103271484 -1.1918563842773402
		endloop
	endfacet
	facet normal -0.09054154752357257 0.38303558137193117 -0.9192855767252653
		outer loop
			vertex -0.0016257589450106025 12 -2.9581730365753147
			vertex -0.5771421194076538 12 -2.9014897346496555
			vertex -0.07054850459098816 16.239437103271484 -1.1849529743194545
		endloop
	endfacet
	facet normal -0.09054190628519235 0.383035605812077 -0.9192855312069362
		outer loop
			vertex -0.5771421194076538 12 -2.9014897346496555
			vertex -0.23252840340137482 16.239437103271484 -1.168999314308163
			vertex -0.07054850459098816 16.239437103271484 -1.1849529743194545
		endloop
	endfacet
	facet normal -0.2681402237756539 0.383035796181069 -0.8839595009034502
		outer loop
			vertex -0.5771421194076538 12 -2.9014897346496555
			vertex -0.5787054300308228 12 -2.9010155200958225
			vertex -0.23252840340137482 16.239437103271484 -1.168999314308163
		endloop
	endfacet
	facet normal -0.26800195006109523 0.38304075817242 -0.8839992829986617
		outer loop
			vertex -0.5787054300308228 12 -2.9010155200958225
			vertex -0.23296840488910675 16.239437103271484 -1.1688659191131556
			vertex -0.23252840340137482 16.239437103271484 -1.168999314308163
		endloop
	endfacet
	facet normal -0.2681469250445429 0.38303554159895625 -0.8839575784284848
		outer loop
			vertex -0.5787054300308228 12 -2.9010155200958225
			vertex -0.30036577582359314 16.239437103271484 -1.1484210491180384
			vertex -0.23296840488910675 16.239437103271484 -1.1688659191131556
		endloop
	endfacet
	facet normal -0.26814569495964896 0.38303560393047303 -0.8839579245621506
		outer loop
			vertex -0.5787054300308228 12 -2.9010155200958225
			vertex -1.1321051120758057 12 -2.7331435680389378
			vertex -0.30036577582359314 16.239437103271484 -1.1484210491180384
		endloop
	endfacet
	facet normal -0.26814552138053177 0.38303559156181066 -0.8839579825763534
		outer loop
			vertex -1.1321051120758057 12 -2.7331435680389378
			vertex -0.45612090826034546 16.239437103271484 -1.1011732816696131
			vertex -0.30036577582359314 16.239437103271484 -1.1484210491180384
		endloop
	endfacet
	facet normal -0.43543962922576346 0.3830358079670713 -0.8146630586412659
		outer loop
			vertex -1.1321051120758057 12 -2.7331435680389378
			vertex -1.1335458755493164 12 -2.7323734760284397
			vertex -0.45612090826034546 16.239437103271484 -1.1011732816696131
		endloop
	endfacet
	facet normal -0.4356578514404614 0.38302731979920496 -0.8145503721475541
		outer loop
			vertex -0.45612090826034546 16.239437103271484 -1.1011732816696131
			vertex -1.1335458755493164 12 -2.7323734760284397
			vertex -0.45656535029411316 16.239192962646484 -1.1010503768920863
		endloop
	endfacet
	facet normal -0.43548702553000446 0.38255977539388036 -0.814861380141195
		outer loop
			vertex -0.45652642846107483 16.239437103271484 -1.1009565591812098
			vertex -0.45612090826034546 16.239437103271484 -1.1011732816696131
			vertex -0.45656535029411316 16.239192962646484 -1.1010503768920863
		endloop
	endfacet
	facet normal -0.43546752089692614 0.3830364855233835 0.8146478312754415
		outer loop
			vertex -1.643561840057373 12 2.459764242172244
			vertex -1.6421211957931519 12 2.460534334182742
			vertex -0.6621849536895752 16.239437103271484 0.9910297989845311
		endloop
	endfacet
	facet normal -0.5860120007761412 0.38303551388285945 0.7140544307339867
		outer loop
			vertex -1.643561840057373 12 2.459764242172244
			vertex -0.6621849536895752 16.239437103271484 0.9910297989845311
			vertex -0.8050686717033386 16.15487289428711 0.9191298484802282
		endloop
	endfacet
	facet normal -0.5860128542457095 0.38303926009997646 0.7140517207323707
		outer loop
			vertex -0.7880029678344727 16.23943519592285 0.8877736330032384
			vertex -0.8050686717033386 16.15487289428711 0.9191298484802282
			vertex -0.6621849536895752 16.239437103271484 0.9910297989845311
		endloop
	endfacet
	facet normal -0.4354191847581513 0.38303457895063964 0.8146745637815466
		outer loop
			vertex -1.6421211957931519 12 2.460534334182742
			vertex -0.6617794632911682 16.239437103271484 0.9912465214729345
			vertex -0.6621849536895752 16.239437103271484 0.9910297989845311
		endloop
	endfacet
	facet normal -0.43544532701575245 0.38303561303134015 0.8146601047859469
		outer loop
			vertex -1.6421211957931519 12 2.460534334182742
			vertex -0.599665641784668 16.239437103271484 1.0244470834732091
			vertex -0.6617794632911682 16.239437103271484 0.9912465214729345
		endloop
	endfacet
	facet normal -0.435444944846731 0.383035591658649 0.8146603191086065
		outer loop
			vertex -1.6421211957931519 12 2.460534334182742
			vertex -1.1321051120758057 12 2.733143568038943
			vertex -0.599665641784668 16.239437103271484 1.0244470834732091
		endloop
	endfacet
	facet normal 0.09059444301591059 0.38303375907324744 0.9192811247408783
		outer loop
			vertex 2.671793213110157e-17 12 2.9583332538604763
			vertex 0.0016257589450106025 12 2.95817303657532
			vertex 0.0004576393694151193 16.239192962646484 1.1919579505920446
		endloop
	endfacet
	facet normal 0.09083357367133789 0.38302535908424096 0.9192610272346381
		outer loop
			vertex 2.671793213110157e-17 12 2.9583332538604763
			vertex 0.0004576393694151193 16.239192962646484 1.1919579505920446
			vertex 7.519800514226681e-18 16.239437103271484 1.1919014453887975
		endloop
	endfacet
	facet normal -0.09054189929838687 0.38303557475026145 0.9192855448374991
		outer loop
			vertex -6.596045142407434e-16 12 2.9583332538604763
			vertex -2.7364346979159913e-16 16.239437103271484 1.1919014453887975
			vertex -0.16197991371154785 16.239437103271484 1.175947785377506
		endloop
	endfacet
	facet normal -0.09054191843370396 0.3830355734538713 0.9192855434929937
		outer loop
			vertex -0.575516402721405 12 2.901649713516238
			vertex -6.596045142407434e-16 12 2.9583332538604763
			vertex -0.16197991371154785 16.239437103271484 1.175947785377506
		endloop
	endfacet
	facet normal -0.09054242524819799 0.38303559834945006 0.9192854832027172
		outer loop
			vertex -0.575516402721405 12 2.901649713516238
			vertex -0.16197991371154785 16.239437103271484 1.175947785377506
			vertex -0.23207086324691772 16.239437103271484 1.1690443754196203
		endloop
	endfacet
	facet normal -0.09053643859114559 0.38303538983519064 0.919286159702753
		outer loop
			vertex -0.575516402721405 12 2.901649713516238
			vertex -0.23207086324691772 16.239437103271484 1.1690443754196203
			vertex -0.23252840340137482 16.239437103271484 1.16899931430817
		endloop
	endfacet
	facet normal -0.09046328958592129 0.38303284777365026 0.9192944200655748
		outer loop
			vertex -0.5771421194076538 12 2.901489734649661
			vertex -0.575516402721405 12 2.901649713516238
			vertex -0.23252840340137482 16.239437103271484 1.16899931430817
		endloop
	endfacet
	facet normal -0.268148020728433 0.3830355134869613 0.8839572582354894
		outer loop
			vertex -0.5771421194076538 12 2.901489734649661
			vertex -0.23252840340137482 16.239437103271484 1.16899931430817
			vertex -0.3920506536960602 16.15487289428711 1.1572515964508092
		endloop
	endfacet
	facet normal -0.2681460525292874 0.38303137404511145 0.8839596489716454
		outer loop
			vertex -0.38828355073928833 16.239437103271484 1.1217515468597448
			vertex -0.3920506536960602 16.15487289428711 1.1572515964508092
			vertex -0.2325284332036972 16.239437103271484 1.16899931430817
		endloop
	endfacet
	facet normal 0.0905500141848006 0.3825464523905607 0.9194883939966446
		outer loop
			vertex 0.0004576393694151193 16.239192962646484 1.1919579505920446
			vertex 0.00045757219777442515 16.239437103271484 1.1918563842773473
			vertex 7.519800514226681e-18 16.239437103271484 1.1919014453887975
		endloop
	endfacet
	facet normal 0.7141321105039112 0.38303146314618675 0.585919983434019
		outer loop
			vertex 2.091857433319092 12 2.0918574333190945
			vertex 2.092893600463867 12 2.0905945301055935
			vertex 0.8431650996208191 16.239192962646484 0.8425179123878515
		endloop
	endfacet
	facet normal 0.7142825444335962 0.3830232981788847 0.585741922496279
		outer loop
			vertex 2.091857433319092 12 2.0918574333190945
			vertex 0.8431650996208191 16.239192962646484 0.8425179123878515
			vertex 0.842801570892334 16.239437103271484 0.8428015708923375
		endloop
	endfacet
	facet normal 0.5860103560226393 0.3830355668427751 0.7140557521424035
		outer loop
			vertex 2.091857433319092 12 2.0918574333190945
			vertex 0.842801570892334 16.239437103271484 0.8428015708923375
			vertex 0.7169835567474365 16.239437103271484 0.9460577368736303
		endloop
	endfacet
	facet normal 0.5860105335139736 0.38303558273194094 0.7140555979556987
		outer loop
			vertex 1.644824743270874 12 2.4587278366088894
			vertex 2.091857433319092 12 2.0918574333190945
			vertex 0.7169835567474365 16.239437103271484 0.9460577368736303
		endloop
	endfacet
	facet normal 0.5860103296943723 0.38303559538576404 0.7140557584383496
		outer loop
			vertex 1.644824743270874 12 2.4587278366088894
			vertex 0.7169835567474365 16.239437103271484 0.9460577368736303
			vertex 0.6625403761863708 16.239437103271484 0.9907380938530004
		endloop
	endfacet
	facet normal 0.7144388879371605 0.3849382361814773 0.5842941294661507
		outer loop
			vertex 0.8431650996208191 16.239192962646484 0.8425179123878515
			vertex 0.8430932760238647 16.23943519592285 0.8424461483955419
			vertex 0.842801570892334 16.239437103271484 0.8428015708923375
		endloop
	endfacet
	facet normal 0.714055374040198 0.38303569865798964 0.5860107305825539
		outer loop
			vertex 2.092893600463867 12 2.0905945301055935
			vertex 2.459764242172241 12 1.6435618400573757
			vertex 0.8877736330032349 16.23943519592285 0.7880029678344762
		endloop
	endfacet
	facet normal 0.7140553411801509 0.38303570112427987 0.5860107690105446
		outer loop
			vertex 2.092893600463867 12 2.0905945301055935
			vertex 0.8877736330032349 16.23943519592285 0.7880029678344762
			vertex 0.84309321641922 16.23943519592285 0.8424461483955419
		endloop
	endfacet
	facet normal 0.8146478379964031 0.38303646714469614 0.43546752448959564
		outer loop
			vertex 2.459764242172241 12 1.6435618400573757
			vertex 2.4605343341827393 12 1.6421211957931545
			vertex 1.1227165460586548 15.859528541564941 0.7500000000000036
		endloop
	endfacet
	facet normal 0.8147997147899864 0.3830255069525577 0.43519292940245835
		outer loop
			vertex 2.459764242172241 12 1.6435618400573757
			vertex 1.1227165460586548 15.859528541564941 0.7500000000000036
			vertex 1.122454285621643 15.860086441040039 0.7500000000000036
		endloop
	endfacet
	facet normal 0.7140538844598869 0.3830354536056911 0.5860127058083544
		outer loop
			vertex 0.9191298484802246 16.15487289428711 0.8050686717033422
			vertex 2.459764242172241 12 1.6435618400573757
			vertex 1.122454285621643 15.860086441040039 0.7500000000000036
		endloop
	endfacet
	facet normal 0.7140562746034097 0.3830379511990346 0.5860081608994419
		outer loop
			vertex 0.9191298484802246 16.15487289428711 0.8050686717033422
			vertex 1.122454285621643 15.860086441040039 0.7500000000000036
			vertex 0.946840763092041 16.187463760375977 0.7500000000000036
		endloop
	endfacet
	facet normal 0.7140550611322618 0.38303962868835745 0.5860085430483819
		outer loop
			vertex 0.8877736330032349 16.23943519592285 0.7880029678344762
			vertex 0.9191298484802246 16.15487289428711 0.8050686717033422
			vertex 0.946840763092041 16.187463760375977 0.7500000000000036
		endloop
	endfacet
	facet normal 0.7140546952443466 0.383038207628356 0.5860099177457321
		outer loop
			vertex 0.8877736330032349 16.23943519592285 0.7880029678344762
			vertex 0.946840763092041 16.187463760375977 0.7500000000000036
			vertex 0.9189618825912476 16.23943519592285 0.7500000000000036
		endloop
	endfacet
	facet normal 0.8147307935748961 0.38303054632224803 0.4353175100830428
		outer loop
			vertex 2.4605343341827393 12 1.6421211957931545
			vertex 1.1234670877456665 15.857932090759277 0.7500000000000036
			vertex 1.1227165460586548 15.859528541564941 0.7500000000000036
		endloop
	endfacet
	facet normal 0.814660837232479 0.383035553228888 0.43544400930810373
		outer loop
			vertex 2.4605343341827393 12 1.6421211957931545
			vertex 1.2315477132797241 15.628060340881348 0.7500000000000034
			vertex 1.1234670877456665 15.857932090759277 0.7500000000000036
		endloop
	endfacet
	facet normal 0.8146596451737474 0.38303567210347383 0.4354461349255776
		outer loop
			vertex 2.4605343341827393 12 1.6421211957931545
			vertex 1.5068978071212769 15.042431831359863 0.7500000000000033
			vertex 1.2315477132797241 15.628060340881348 0.7500000000000034
		endloop
	endfacet
	facet normal -0.7140645316661501 0.3830360489286708 0.5859993428644052
		outer loop
			vertex -2.459764242172241 12 1.6435618400573757
			vertex -2.4587278366088867 12 1.6448247432708767
			vertex -1.122454285621643 15.860086441040039 0.7500000000000036
		endloop
	endfacet
	facet normal -0.8146602804071216 0.38303556179641685 0.4354450435201824
		outer loop
			vertex -2.459764242172241 12 1.6435618400573757
			vertex -1.122454285621643 15.860086441040039 0.7500000000000036
			vertex -1.3540468215942383 15.367523193359375 0.7500000000000034
		endloop
	endfacet
	facet normal -0.8146603071878666 0.3830355581468977 0.43544499662720365
		outer loop
			vertex -2.459764242172241 12 1.6435618400573757
			vertex -1.3540468215942383 15.367523193359375 0.7500000000000034
			vertex -1.6940724849700928 14.644338607788086 0.7500000000000032
		endloop
	endfacet
	facet normal -0.7136546854319845 0.38301330230865305 0.5865132566409693
		outer loop
			vertex -2.4587278366088867 12 1.6448247432708767
			vertex -1.1221927404403687 15.860573768615723 0.7500000000000036
			vertex -1.122454285621643 15.860086441040039 0.7500000000000036
		endloop
	endfacet
	facet normal -0.7137491509586437 0.38301856333462053 0.5863948581347713
		outer loop
			vertex -2.4587278366088867 12 1.6448247432708767
			vertex -1.121443510055542 15.861969947814941 0.7500000000000036
			vertex -1.1221927404403687 15.860573768615723 0.7500000000000036
		endloop
	endfacet
	facet normal -0.7140556185447243 0.38303551849894807 0.5860105504109573
		outer loop
			vertex -2.4587278366088867 12 1.6448247432708767
			vertex -2.091857433319092 12 2.0918574333190945
			vertex -0.999884843826294 16.088581085205078 0.7500000000000036
		endloop
	endfacet
	facet normal -0.7140565888609903 0.38303559500661916 0.5860093180676668
		outer loop
			vertex -2.4587278366088867 12 1.6448247432708767
			vertex -0.999884843826294 16.088581085205078 0.7500000000000036
			vertex -1.121443510055542 15.861970901489258 0.7500000000000036
		endloop
	endfacet
	facet normal -0.7140442427114845 0.38303676258194025 0.5860235984679534
		outer loop
			vertex -2.091857433319092 12 2.0918574333190945
			vertex -0.9735731482505798 16.137630462646484 0.7500000000000036
			vertex -0.999884843826294 16.088581085205078 0.7500000000000036
		endloop
	endfacet
	facet normal -0.7140559507381614 0.3830355561222466 0.586010121040193
		outer loop
			vertex -2.091857433319092 12 2.0918574333190945
			vertex -0.842801570892334 16.239437103271484 0.8428015708923375
			vertex -0.9735731482505798 16.137630462646484 0.7500000000000036
		endloop
	endfacet
	facet normal -0.7140559116894194 0.3830353247149644 0.5860103198766162
		outer loop
			vertex -0.842801570892334 16.239437103271484 0.8428015708923375
			vertex -0.9189618229866028 16.239437103271484 0.7500000000000036
			vertex -0.9735731482505798 16.137630462646484 0.7500000000000036
		endloop
	endfacet
	facet normal -0.585919989108349 0.3830314415718763 0.714132117419909
		outer loop
			vertex -2.091857433319092 12 2.0918574333190945
			vertex -2.090594530105591 12 2.09289360046387
			vertex -0.842801570892334 16.239437103271484 0.8428015708923375
		endloop
	endfacet
	facet normal -0.5857418659047361 0.38302337316136276 0.7142825506328219
		outer loop
			vertex -2.090594530105591 12 2.09289360046387
			vertex -0.8425179123878479 16.239192962646484 0.8431650996208226
			vertex -0.842801570892334 16.239437103271484 0.8428015708923375
		endloop
	endfacet
	facet normal -0.5842941294661507 0.3849382361814773 0.7144388879371605
		outer loop
			vertex -0.8424461483955383 16.23943519592285 0.8430932760238683
			vertex -0.842801570892334 16.239437103271484 0.8428015708923375
			vertex -0.8425179123878479 16.239192962646484 0.8431650996208226
		endloop
	endfacet
	facet normal -0.8146609761304093 0.3830356001496964 -0.43544370817387007
		outer loop
			vertex -2.4605343341827393 12 -1.6421211957931492
			vertex -1.4761903285980225 15.10774040222168 -0.7499999999999967
			vertex -1.2315478324890137 15.628059387207031 -0.7499999999999966
		endloop
	endfacet
	facet normal 0.7140559116894194 0.3830353247149644 -0.5860103198766162
		outer loop
			vertex 0.842801570892334 16.239437103271484 -0.8428015708923304
			vertex 0.9189618229866028 16.239437103271484 -0.7499999999999964
			vertex 0.9735731482505798 16.137630462646484 -0.7499999999999964
		endloop
	endfacet
	facet normal 0.7140559507381615 0.3830355561222469 -0.5860101210401929
		outer loop
			vertex 2.091857433319092 12 -2.091857433319089
			vertex 0.842801570892334 16.239437103271484 -0.8428015708923304
			vertex 0.9735731482505798 16.137630462646484 -0.7499999999999964
		endloop
	endfacet
	facet normal 0.7140442427114848 0.38303676258194036 -0.5860235984679528
		outer loop
			vertex 2.091857433319092 12 -2.091857433319089
			vertex 0.9735731482505798 16.137630462646484 -0.7499999999999964
			vertex 0.999884843826294 16.088581085205078 -0.7499999999999964
		endloop
	endfacet
	facet normal 0.7140556185447243 0.38303551849894835 -0.5860105504109573
		outer loop
			vertex 2.4587278366088867 12 -1.6448247432708714
			vertex 2.091857433319092 12 -2.091857433319089
			vertex 0.999884843826294 16.088581085205078 -0.7499999999999964
		endloop
	endfacet
	facet normal 0.7140565888609909 0.3830355950066195 -0.5860093180676661
		outer loop
			vertex 2.4587278366088867 12 -1.6448247432708714
			vertex 0.999884843826294 16.088581085205078 -0.7499999999999964
			vertex 1.121443510055542 15.861970901489258 -0.7499999999999964
		endloop
	endfacet
	facet normal 0.5857419224962789 0.3830232981788849 -0.7142825444335963
		outer loop
			vertex 2.091857433319092 12 -2.091857433319089
			vertex 0.8425179123878479 16.239192962646484 -0.8431650996208155
			vertex 0.842801570892334 16.239437103271484 -0.8428015708923304
		endloop
	endfacet
	facet normal 0.5842941294661507 0.3849382361814773 -0.7144388879371605
		outer loop
			vertex 0.8425179123878479 16.239192962646484 -0.8431650996208155
			vertex 0.8424461483955383 16.23943519592285 -0.8430932760238612
			vertex 0.842801570892334 16.239437103271484 -0.8428015708923304
		endloop
	endfacet
	facet normal 0.5859199834340189 0.38303146314618686 -0.7141321105039111
		outer loop
			vertex 2.091857433319092 12 -2.091857433319089
			vertex 2.090594530105591 12 -2.0928936004638645
			vertex 0.8425179123878479 16.239192962646484 -0.8431650996208155
		endloop
	endfacet
	facet normal 0.8146602804071216 0.383035561796417 -0.4354450435201824
		outer loop
			vertex 2.459764242172241 12 -1.6435618400573704
			vertex 1.122454285621643 15.860086441040039 -0.7499999999999964
			vertex 1.3540468215942383 15.367523193359375 -0.7499999999999966
		endloop
	endfacet
	facet normal 0.8146603071878664 0.383035558146898 -0.4354449966272038
		outer loop
			vertex 2.459764242172241 12 -1.6435618400573704
			vertex 1.3540468215942383 15.367523193359375 -0.7499999999999966
			vertex 1.6940724849700928 14.644338607788086 -0.7499999999999968
		endloop
	endfacet
	facet normal 0.7136963208790466 0.3830154027637039 -0.5864612202093766
		outer loop
			vertex 2.459764242172241 12 -1.6435618400573704
			vertex 1.1217039823532104 15.86148452758789 -0.7499999999999964
			vertex 1.122454285621643 15.860086441040039 -0.7499999999999964
		endloop
	endfacet
	facet normal 0.7140645141422544 0.3830361035983848 -0.5859993284833641
		outer loop
			vertex 2.459764242172241 12 -1.6435618400573704
			vertex 2.4587278366088867 12 -1.6448247432708714
			vertex 1.1217039823532104 15.86148452758789 -0.7499999999999964
		endloop
	endfacet
	facet normal 0.7138051785465289 0.38302168839002104 -0.5863246142735402
		outer loop
			vertex 2.4587278366088867 12 -1.6448247432708714
			vertex 1.121443510055542 15.861969947814941 -0.7499999999999964
			vertex 1.1217039823532104 15.86148452758789 -0.7499999999999964
		endloop
	endfacet
	facet normal 0.2681007462754117 0.3823570771780198 0.8842652630169576
		outer loop
			vertex 0.23298828303813934 16.239192962646484 1.1689654588699376
			vertex 0.23296840488910675 16.239437103271484 1.1688659191131627
			vertex 0.2325284332036972 16.239437103271484 1.16899931430817
		endloop
	endfacet
	facet normal 0.26841025424016335 0.3830259906111376 0.8838817940964094
		outer loop
			vertex 0.5771421194076538 12 2.901489734649661
			vertex 0.23298828303813934 16.239192962646484 1.1689654588699376
			vertex 0.23252840340137482 16.239437103271484 1.16899931430817
		endloop
	endfacet
	facet normal 0.09054190628519235 0.3830356058120766 0.9192855312069362
		outer loop
			vertex 0.5771421194076538 12 2.901489734649661
			vertex 0.23252840340137482 16.239437103271484 1.16899931430817
			vertex 0.07054850459098816 16.239437103271484 1.1849529743194616
		endloop
	endfacet
	facet normal 0.09054154752357259 0.3830355813719309 0.9192855767252655
		outer loop
			vertex 0.0016257589450106025 12 2.95817303657532
			vertex 0.5771421194076538 12 2.901489734649661
			vertex 0.07054850459098816 16.239437103271484 1.1849529743194616
		endloop
	endfacet
	facet normal 0.09054244966344492 0.383035537233301 0.9192855062630646
		outer loop
			vertex 0.0016257589450106025 12 2.95817303657532
			vertex 0.07054850459098816 16.239437103271484 1.1849529743194616
			vertex 0.00045757219777442515 16.239437103271484 1.1918563842773473
		endloop
	endfacet
	facet normal 0.26814022064524073 0.3830358221882755 0.8839594905836318
		outer loop
			vertex 0.5771421194076538 12 2.901489734649661
			vertex 0.5787054300308228 12 2.901015520095828
			vertex 0.23298828303813934 16.239192962646484 1.1689654588699376
		endloop
	endfacet
	facet normal 0.43548702553000446 0.38255977539388036 0.814861380141195
		outer loop
			vertex 0.45656535029411316 16.239192962646484 1.1010503768920934
			vertex 0.45652642846107483 16.239437103271484 1.100956559181217
			vertex 0.45612090826034546 16.239437103271484 1.1011732816696203
		endloop
	endfacet
	facet normal 0.4356578225875274 0.38302724080620343 0.8145504247243884
		outer loop
			vertex 1.1321051120758057 12 2.733143568038943
			vertex 0.45656535029411316 16.239192962646484 1.1010503768920934
			vertex 0.45612090826034546 16.239437103271484 1.1011732816696203
		endloop
	endfacet
	facet normal 0.26814552138053177 0.3830355915618104 0.8839579825763534
		outer loop
			vertex 1.1321051120758057 12 2.733143568038943
			vertex 0.45612090826034546 16.239437103271484 1.1011732816696203
			vertex 0.30036577582359314 16.239437103271484 1.1484210491180455
		endloop
	endfacet
	facet normal 0.268145694959649 0.38303560393047276 0.8839579245621507
		outer loop
			vertex 0.5787054300308228 12 2.901015520095828
			vertex 1.1321051120758057 12 2.733143568038943
			vertex 0.30036577582359314 16.239437103271484 1.1484210491180455
		endloop
	endfacet
	facet normal 0.2681469250445429 0.3830355415989559 0.8839575784284848
		outer loop
			vertex 0.5787054300308228 12 2.901015520095828
			vertex 0.30036577582359314 16.239437103271484 1.1484210491180455
			vertex 0.23296840488910675 16.239437103271484 1.1688659191131627
		endloop
	endfacet
	facet normal 0.4354396247834087 0.3830358306939234 0.8146630503300739
		outer loop
			vertex 1.1321051120758057 12 2.733143568038943
			vertex 1.1335458755493164 12 2.732373476028445
			vertex 0.45656535029411316 16.239192962646484 1.1010503768920934
		endloop
	endfacet
	facet normal 0.4354449947052229 0.3830355886096626 0.8146602938922566
		outer loop
			vertex 1.643561840057373 12 2.459764242172244
			vertex 0.6621849536895752 16.239437103271484 0.9910297989845311
			vertex 0.5186402201652527 16.239437103271484 1.067756056785587
		endloop
	endfacet
	facet normal 0.4354450241571177 0.38303559090180245 0.8146602770721758
		outer loop
			vertex 1.1335458755493164 12 2.732373476028445
			vertex 1.643561840057373 12 2.459764242172244
			vertex 0.5186402201652527 16.239437103271484 1.067756056785587
		endloop
	endfacet
	facet normal 0.43544488431172756 0.3830355985552908 0.8146603482225808
		outer loop
			vertex 1.1335458755493164 12 2.732373476028445
			vertex 0.5186402201652527 16.239437103271484 1.067756056785587
			vertex 0.45652642846107483 16.239437103271484 1.100956559181217
		endloop
	endfacet
	facet normal 0.5861895809014134 0.383027591364798 0.7139129075005625
		outer loop
			vertex 1.643561840057373 12 2.459764242172244
			vertex 0.6625968813896179 16.239192962646484 0.9908225536346471
			vertex 0.6621849536895752 16.239437103271484 0.9910297989845311
		endloop
	endfacet
	facet normal 0.5861169611612136 0.38270981289404227 0.7141429177368853
		outer loop
			vertex 0.6625968813896179 16.239192962646484 0.9908225536346471
			vertex 0.6625403761863708 16.239437103271484 0.9907380938530004
			vertex 0.6621849536895752 16.239437103271484 0.9910297989845311
		endloop
	endfacet
	facet normal 0.585999329258524 0.38303610065160454 0.7140645150868189
		outer loop
			vertex 1.643561840057373 12 2.459764242172244
			vertex 1.644824743270874 12 2.4587278366088894
			vertex 0.6625968813896179 16.239192962646484 0.9908225536346471
		endloop
	endfacet
	facet normal -0.5860107690105446 0.38303570112427987 0.7140553411801509
		outer loop
			vertex -2.090594530105591 12 2.09289360046387
			vertex -0.7880029678344727 16.23943519592285 0.8877736330032384
			vertex -0.8424461483955383 16.23943519592285 0.8430932164192235
		endloop
	endfacet
	facet normal -0.5860107305825539 0.38303569865798964 0.714055374040198
		outer loop
			vertex -2.090594530105591 12 2.09289360046387
			vertex -1.643561840057373 12 2.459764242172244
			vertex -0.7880029678344727 16.23943519592285 0.8877736330032384
		endloop
	endfacet
	facet normal -0.4354455067868865 0.38303162281485986 0.8146618847981822
		outer loop
			vertex -0.599665641784668 16.239437103271484 1.0244470834732091
			vertex -0.6102861166000366 16.15487289428711 1.0585300922393834
			vertex -0.45612090826034546 16.239437103271484 1.1011732816696203
		endloop
	endfacet
	facet normal -0.43544692824271436 0.3830355217683951 0.8146592918193457
		outer loop
			vertex -1.1321051120758057 12 2.733143568038943
			vertex -0.45612090826034546 16.239437103271484 1.1011732816696203
			vertex -0.6102861166000366 16.15487289428711 1.0585300922393834
		endloop
	endfacet
	facet normal -0.2681402715191437 0.38303539953196103 0.8839596582961414
		outer loop
			vertex -1.1321051120758057 12 2.733143568038943
			vertex -1.1305418014526367 12 2.733617782592776
			vertex -0.45612090826034546 16.239437103271484 1.1011732816696203
		endloop
	endfacet
	facet normal -0.26822155727571567 0.38303834336069553 0.8839337213434523
		outer loop
			vertex -1.1305418014526367 12 2.733617782592776
			vertex -0.4556809067726135 16.239437103271484 1.1013067960739171
			vertex -0.45612090826034546 16.239437103271484 1.1011732816696203
		endloop
	endfacet
	facet normal -0.2681455425859924 0.3830355830943859 0.8839579798128459
		outer loop
			vertex -1.1305418014526367 12 2.733617782592776
			vertex -0.38828355073928833 16.239437103271484 1.1217515468597448
			vertex -0.4556809067726135 16.239437103271484 1.1013067960739171
		endloop
	endfacet
	facet normal -0.2681456965171961 0.3830355909907586 0.8839579296966956
		outer loop
			vertex -1.1305418014526367 12 2.733617782592776
			vertex -0.5771421194076538 12 2.901489734649661
			vertex -0.38828355073928833 16.239437103271484 1.1217515468597448
		endloop
	endfacet
	facet normal -0.7140553411801508 0.38303570112428004 -0.5860107690105445
		outer loop
			vertex -2.092893600463867 12 -2.090594530105588
			vertex -0.8877736330032349 16.23943519592285 -0.7880029678344691
			vertex -0.84309321641922 16.23943519592285 -0.8424461483955348
		endloop
	endfacet
	facet normal 0.5860107690105445 0.38303570112428004 -0.7140553411801508
		outer loop
			vertex 2.090594530105591 12 -2.0928936004638645
			vertex 0.7880029678344727 16.23943519592285 -0.8877736330032313
			vertex 0.8424461483955383 16.23943519592285 -0.8430932164192164
		endloop
	endfacet
	facet normal 0 -1 -2.220446049250313e-16
		outer loop
			vertex -1.7220754623413086 -9.231410810265858e-16 4.1574578285217285
			vertex -2.5 -8.308128486495317e-16 3.7416484355926514
			vertex -2.5 -8.307953785949946e-16 3.741569757461548
		endloop
	endfacet
	facet normal 0 -1 -2.220446049250313e-16
		outer loop
			vertex -1.1939325332641602 -6.400231771430329e-16 2.8824081420898438
			vertex -1.7220754623413086 -9.231410810265858e-16 4.1574578285217285
			vertex -2.5 -8.307953785949946e-16 3.741569757461548
		endloop
	endfacet
	facet normal -0.4713967938065344 0 0.8819212338916214
		outer loop
			vertex -1.7220754623413086 -9.231410810265858e-16 4.1574578285217285
			vertex -2.5 0.00008488784806021296 3.7416484355926514
			vertex -2.5 -8.308128486495317e-16 3.7416484355926514
		endloop
	endfacet
	facet normal -0.4713967938065344 0 0.8819212338916214
		outer loop
			vertex -1.7220754623413086 -9.231410810265858e-16 4.1574578285217285
			vertex -1.7220754623413086 0.9999999999999991 4.1574578285217285
			vertex -2.5 0.00008488784806021296 3.7416484355926514
		endloop
	endfacet
	facet normal 0 -1 -2.220446049250313e-16
		outer loop
			vertex -1.6667107343673706 -5.538700267096995e-16 2.4944088459014893
			vertex -2.5 -8.307953785949946e-16 3.741569757461548
			vertex -2.5 -8.307830436777002e-16 3.741514205932617
		endloop
	endfacet
	facet normal 0 -1 -2.220446049250313e-16
		outer loop
			vertex -1.6667107343673706 -5.538700267096995e-16 2.4944088459014893
			vertex -1.1939325332641602 -6.400231771430329e-16 2.8824081420898438
			vertex -2.5 -8.307953785949946e-16 3.741569757461548
		endloop
	endfacet
	facet normal 0 -1 -2.220446049250313e-16
		outer loop
			vertex -1.6667108535766602 -5.538700267096995e-16 2.4944088459014893
			vertex -2.5 -8.307830436777002e-16 3.741514205932617
			vertex -2.5 -8.307422802171136e-16 3.741330623626709
		endloop
	endfacet
	facet normal 0 -1 -2.220446049250313e-16
		outer loop
			vertex -2.1213202476501465 -4.7102771630894635e-16 2.1213202476501465
			vertex -1.6667108535766602 -5.538700267096995e-16 2.4944088459014893
			vertex -2.5 -8.307422802171136e-16 3.741330623626709
		endloop
	endfacet
	facet normal 0 -1 -2.220446049250313e-16
		outer loop
			vertex -2.1213202476501465 -4.7102771630894635e-16 2.1213202476501465
			vertex -2.5 -8.307422802171136e-16 3.741330623626709
			vertex -2.5 -5.551115123125783e-16 2.5
		endloop
	endfacet
	facet normal 0 -1 -2.220446049250313e-16
		outer loop
			vertex -2.1213202476501465 -4.7102771630894635e-16 2.1213202476501465
			vertex -2.5 -5.551115123125783e-16 2.5
			vertex -2.5 -4.0202187439004943e-16 1.810545563697815
		endloop
	endfacet
	facet normal 0 -1 -2.220446049250313e-16
		outer loop
			vertex -1.6667107343673706 -5.538700267096995e-16 2.4944088459014893
			vertex -1.6667108535766602 -5.538700267096995e-16 2.4944088459014893
			vertex -2.1213202476501465 -4.7102771630894635e-16 2.1213202476501465
		endloop
	endfacet
	facet normal 0 -1 -2.220446049250313e-16
		outer loop
			vertex -1.7220754623413086 -9.231410810265858e-16 4.1574578285217285
			vertex -1.1939325332641602 -6.400231771430329e-16 2.8824081420898438
			vertex -0.6604362726211548 -7.372408013289939e-16 3.320237398147583
		endloop
	endfacet
	facet normal 0 -1 -2.220446049250313e-16
		outer loop
			vertex -0.8779064416885376 -9.800013439845829e-16 4.413533687591553
			vertex -1.7220754623413086 -9.231410810265858e-16 4.1574578285217285
			vertex -0.6604362726211548 -7.372408013289939e-16 3.320237398147583
		endloop
	endfacet
	facet normal 0 -1 -2.220446049250313e-16
		outer loop
			vertex -0.8779064416885376 -9.800013439845829e-16 4.413533687591553
			vertex -0.6604362726211548 -7.372408013289939e-16 3.320237398147583
			vertex -1.0309539756519549e-15 -8.575904188484371e-16 3.862243890762329
		endloop
	endfacet
	facet normal 0 -1 -2.220446049250313e-16
		outer loop
			vertex -9.334867414443498e-16 -8.575904188484371e-16 3.862243890762329
			vertex -0.6604362726211548 -7.372408013289939e-16 3.320237398147583
			vertex -8.166653867271352e-16 -7.516841424477783e-16 3.385284423828125
		endloop
	endfacet
	facet normal 0 -1 -2.220446049250313e-16
		outer loop
			vertex -1.1021821408568715e-15 -9.992007221626409e-16 4.5
			vertex -0.8779064416885376 -9.800013439845829e-16 4.413533687591553
			vertex -9.334867414443498e-16 -8.575904188484371e-16 3.862243890762329
		endloop
	endfacet
	facet normal -0.29028466298182454 0 0.9569403400617661
		outer loop
			vertex -1.7220754623413086 0.9999999999999991 4.1574578285217285
			vertex -1.7220754623413086 -9.231410810265858e-16 4.1574578285217285
			vertex -0.8779064416885376 0.999999999999999 4.413533687591553
		endloop
	endfacet
	facet normal -0.29028466298182454 0 0.9569403400617661
		outer loop
			vertex -1.7220754623413086 -9.231410810265858e-16 4.1574578285217285
			vertex -0.8779064416885376 -9.800013439845829e-16 4.413533687591553
			vertex -0.8779064416885376 0.999999999999999 4.413533687591553
		endloop
	endfacet
	facet normal -0.09801722447603889 0 0.9951847183844886
		outer loop
			vertex -0.8779064416885376 0.999999999999999 4.413533687591553
			vertex -0.8779064416885376 -8.689790415220672e-16 4.413533687591553
			vertex -1.1996493750644766e-15 0.999999999999999 4.5
		endloop
	endfacet
	facet normal -0.09801722447603885 0 0.9951847183844885
		outer loop
			vertex -0.8779064416885376 -9.800013439845829e-16 4.413533687591553
			vertex -1.1021821408568715e-15 -9.992007221626409e-16 4.5
			vertex -1.1021821408568715e-15 0.999999999999999 4.5
		endloop
	endfacet
	facet normal 0 -1 -2.220446049250313e-16
		outer loop
			vertex -1.1939325332641602 -6.400231771430329e-16 2.8824081420898438
			vertex -1.6667107343673706 -5.538700267096995e-16 2.4944088459014893
			vertex -1.148050308227539 -6.154274049975769e-16 2.7716386318206787
		endloop
	endfacet
	facet normal 0 -1 -2.220446049250313e-16
		outer loop
			vertex -0.6604362726211548 -7.372408013289939e-16 3.320237398147583
			vertex -1.1939325332641602 -6.400231771430329e-16 2.8824081420898438
			vertex -0.6086614727973938 -6.794449375411953e-16 3.059947967529297
		endloop
	endfacet
	facet normal 0 -1 -2.220446049250313e-16
		outer loop
			vertex -1.1939325332641602 -6.400231771430329e-16 2.8824081420898438
			vertex -1.148050308227539 -6.154274049975769e-16 2.7716386318206787
			vertex -0.6086762547492981 -6.794439316895704e-16 3.059943437576294
		endloop
	endfacet
	facet normal 0 -1 -2.220446049250313e-16
		outer loop
			vertex -0.6086614727973938 -6.794449375411953e-16 3.059947967529297
			vertex -0.6086762547492981 -6.794439316895704e-16 3.059943437576294
			vertex -1.148050308227539 -6.154274049975769e-16 2.7716386318206787
		endloop
	endfacet
	facet normal 0 -1 -2.220446049250313e-16
		outer loop
			vertex -0.6086614727973938 -6.794449375411953e-16 3.059947967529297
			vertex -1.148050308227539 -6.154274049975769e-16 2.7716386318206787
			vertex -0.5852710008621216 -6.53334246969575e-16 2.9423558712005615
		endloop
	endfacet
	facet normal 0 -1 -2.220446049250313e-16
		outer loop
			vertex -0.6604362726211548 -7.372408013289939e-16 3.320237398147583
			vertex -0.6086614727973938 -6.794449375411953e-16 3.059947967529297
			vertex -8.166653867271352e-16 -7.516841424477783e-16 3.385284423828125
		endloop
	endfacet
	facet normal 0 -1 -2.220446049250313e-16
		outer loop
			vertex -8.166653867271352e-16 -7.516841424477783e-16 3.385284423828125
			vertex -0.6086614727973938 -6.794449375411953e-16 3.059947967529297
			vertex -7.641541085576969e-16 -6.927560603072966e-16 3.1198959350585938
		endloop
	endfacet
	facet normal 0 -1 -2.220446049250313e-16
		outer loop
			vertex -7.641541085576969e-16 -6.927560603072966e-16 3.1198959350585938
			vertex -0.5852709412574768 -6.53334246969575e-16 2.9423558712005615
			vertex -7.347881115511007e-16 -6.661338147750939e-16 3
		endloop
	endfacet
	facet normal 0 -1 -2.220446049250313e-16
		outer loop
			vertex -7.641541085576969e-16 -6.927560603072966e-16 3.1198959350585938
			vertex -0.6086614727973938 -6.794449375411953e-16 3.059947967529297
			vertex -0.5852709412574768 -6.53334246969575e-16 2.9423558712005615
		endloop
	endfacet
	facet normal 0 -1 -2.220446049250313e-16
		outer loop
			vertex -2.4944088459014893 -3.700841265369116e-16 1.6667107343673706
			vertex -2.5 -3.709136629598492e-16 1.6704466342926025
			vertex -2.5 -3.6857137863267463e-16 1.6598979234695435
		endloop
	endfacet
	facet normal 0 -1 -2.220446049250313e-16
		outer loop
			vertex -2.4944088459014893 -3.700841265369116e-16 1.6667107343673706
			vertex -2.5 -4.0202190085982903e-16 1.8105456829071045
			vertex -2.5 -3.709136629598492e-16 1.6704466342926025
		endloop
	endfacet
	facet normal 0 -1 -2.220446049250313e-16
		outer loop
			vertex -2.4944088459014893 -3.700841265369116e-16 1.6667107343673706
			vertex -2.353078603744507 -4.2879499766598176e-16 1.9311209917068481
			vertex -2.5 -4.0202190085982903e-16 1.8105456829071045
		endloop
	endfacet
	facet normal 0 -1 -2.220446049250313e-16
		outer loop
			vertex -2.4944088459014893 -3.700841265369116e-16 1.6667107343673706
			vertex -2.5 -3.677615092559811e-16 1.6562505960464478
			vertex -2.5 -3.677614827862015e-16 1.6562504768371582
		endloop
	endfacet
	facet normal 0 -1 -2.220446049250313e-16
		outer loop
			vertex -2.4944088459014893 -3.700841265369116e-16 1.6667107343673706
			vertex -2.5 -3.6857137863267463e-16 1.6598979234695435
			vertex -2.5 -3.677615092559811e-16 1.6562505960464478
		endloop
	endfacet
	facet normal 0 -1 -2.220446049250313e-16
		outer loop
			vertex -2.1213202476501465 -4.7102771630894635e-16 2.1213202476501465
			vertex -2.353078603744507 -4.2879499766598176e-16 1.9311209917068481
			vertex -2.4944088459014893 -3.700841265369116e-16 1.6667107343673706
		endloop
	endfacet
	facet normal 0 -1 -2.220446049250313e-16
		outer loop
			vertex -2.4944088459014893 3.700841265369116e-16 -1.6667107343673706
			vertex -2.5 3.677614827862015e-16 -1.6562504768371582
			vertex -2.5 3.709136629598492e-16 -1.6704466342926025
		endloop
	endfacet
	facet normal 0 -1 -2.220446049250313e-16
		outer loop
			vertex -2.4944088459014893 3.700841530066912e-16 -1.6667108535766602
			vertex -2.5 3.709136894296288e-16 -1.670446753501892
			vertex -2.5 4.906824276357127e-16 -2.2098371982574463
		endloop
	endfacet
	facet normal 0 -1 -2.220446049250313e-16
		outer loop
			vertex -2.1213202476501465 4.7102771630894635e-16 -2.1213202476501465
			vertex -2.4944088459014893 3.700841530066912e-16 -1.6667108535766602
			vertex -2.5 4.906824276357127e-16 -2.2098371982574463
		endloop
	endfacet
	facet normal 0 -1 -2.220446049250313e-16
		outer loop
			vertex -2.4944088459014893 3.700841265369116e-16 -1.6667107343673706
			vertex -2.4944088459014893 3.700841530066912e-16 -1.6667108535766602
			vertex -2.1213202476501465 4.7102771630894635e-16 -2.1213202476501465
		endloop
	endfacet
	facet normal 0 -1 -2.220446049250313e-16
		outer loop
			vertex -2.1213202476501465 4.7102771630894635e-16 -2.1213202476501465
			vertex -2.5 4.906824276357127e-16 -2.2098371982574463
			vertex -2.5 5.551115123125783e-16 -2.5
		endloop
	endfacet
	facet normal 0 -1 -2.220446049250313e-16
		outer loop
			vertex -1.7333210706710815 5.760055387202961e-16 -2.5940983295440674
			vertex -1.6667107343673706 5.538700267096995e-16 -2.4944088459014893
			vertex -2.1213202476501465 4.7102771630894635e-16 -2.1213202476501465
		endloop
	endfacet
	facet normal 0 -1 -2.220446049250313e-16
		outer loop
			vertex -1.6667107343673706 5.538700267096995e-16 -2.4944088459014893
			vertex -2.5 8.307830436777002e-16 -3.741514205932617
			vertex -2.5 8.307953785949946e-16 -3.741569757461548
		endloop
	endfacet
	facet normal 0 -1 -2.220446049250313e-16
		outer loop
			vertex -1.1939325332641602 6.400231771430329e-16 -2.8824081420898438
			vertex -1.6667107343673706 5.538700267096995e-16 -2.4944088459014893
			vertex -2.5 8.307953785949946e-16 -3.741569757461548
		endloop
	endfacet
	facet normal 0 -1 -2.220446049250313e-16
		outer loop
			vertex -1.7333210706710815 5.760055387202961e-16 -2.5940983295440674
			vertex -2.5 5.551115123125783e-16 -2.5
			vertex -2.5 6.450895988379161e-16 -2.9052252769470215
		endloop
	endfacet
	facet normal 0 -1 -2.220446049250313e-16
		outer loop
			vertex -1.7333210706710815 5.760055387202961e-16 -2.5940983295440674
			vertex -2.1213202476501465 4.7102771630894635e-16 -2.1213202476501465
			vertex -2.5 5.551115123125783e-16 -2.5
		endloop
	endfacet
	facet normal 0 -1 -2.220446049250313e-16
		outer loop
			vertex -1.7333210706710815 5.760055387202961e-16 -2.5940983295440674
			vertex -2.5 6.450895988379161e-16 -2.9052252769470215
			vertex -2.5 8.307830436777002e-16 -3.741514205932617
		endloop
	endfacet
	facet normal 0 -1 -2.220446049250313e-16
		outer loop
			vertex -1.7220754623413086 9.231410810265858e-16 -4.1574578285217285
			vertex -2.5 8.307953785949946e-16 -3.741569757461548
			vertex -2.5 8.308128486495317e-16 -3.7416484355926514
		endloop
	endfacet
	facet normal 0 -1 -2.220446049250313e-16
		outer loop
			vertex -1.7220754623413086 9.231410810265858e-16 -4.1574578285217285
			vertex -1.1939325332641602 6.400231771430329e-16 -2.8824081420898438
			vertex -2.5 8.307953785949946e-16 -3.741569757461548
		endloop
	endfacet
	facet normal -0.4713967938065344 0 -0.8819212338916214
		outer loop
			vertex -1.7220754623413086 1.0000000000000009 -4.1574578285217285
			vertex -2.5 0.9999151229858406 -3.7416484355926514
			vertex -2.5 1.0000000000000009 -3.7416484355926514
		endloop
	endfacet
	facet normal -0.4713967938065344 0 -0.8819212338916214
		outer loop
			vertex -1.7220754623413086 1.0000000000000009 -4.1574578285217285
			vertex -1.7220754623413086 9.231410810265858e-16 -4.1574578285217285
			vertex -2.5 0.9999151229858406 -3.7416484355926514
		endloop
	endfacet
	facet normal -0.47139679380653443 0 -0.8819212338916215
		outer loop
			vertex -1.7220754623413086 9.231410810265858e-16 -4.1574578285217285
			vertex -2.5 8.308128486495317e-16 -3.7416484355926514
			vertex -2.5 0.9999151229858406 -3.7416484355926514
		endloop
	endfacet
	facet normal 0 -1 -2.220446049250313e-16
		outer loop
			vertex -1.1939325332641602 6.400231771430329e-16 -2.8824081420898438
			vertex -1.148050308227539 6.154274049975769e-16 -2.7716386318206787
			vertex -1.6667107343673706 5.538700267096995e-16 -2.4944088459014893
		endloop
	endfacet
	facet normal 0 -1 -2.220446049250313e-16
		outer loop
			vertex -1.148050308227539 6.154274049975769e-16 -2.7716386318206787
			vertex -0.9064865708351135 6.4409745855888525e-16 -2.900757074356079
			vertex -0.8905472755432129 6.327718869002664e-16 -2.8497512340545654
		endloop
	endfacet
	facet normal 0 -1 -2.220446049250313e-16
		outer loop
			vertex -0.5852710008621216 6.53334246969575e-16 -2.9423558712005615
			vertex -0.8905472755432129 6.327718869002664e-16 -2.8497512340545654
			vertex -0.9064865708351135 6.4409745855888525e-16 -2.900757074356079
		endloop
	endfacet
	facet normal 0 -1 -2.220446049250313e-16
		outer loop
			vertex -0.6086614727973938 6.794449375411953e-16 -3.059947967529297
			vertex -0.5852710008621216 6.53334246969575e-16 -2.9423558712005615
			vertex -0.9064865708351135 6.4409745855888525e-16 -2.900757074356079
		endloop
	endfacet
	facet normal 0 -1 -2.220446049250313e-16
		outer loop
			vertex 8.967547077004138e-17 6.927560603072966e-16 -3.1198959350585938
			vertex 2.6992684803772487e-16 6.661338147750939e-16 -3
			vertex -0.2983686029911041 6.726589860238266e-16 -3.0293867588043213
		endloop
	endfacet
	facet normal 0 -1 -2.220446049250313e-16
		outer loop
			vertex -0.5852707028388977 6.53334246969575e-16 -2.9423558712005615
			vertex -0.2983686029911041 6.726589860238266e-16 -3.0293867588043213
			vertex 2.6992684803772487e-16 6.661338147750939e-16 -3
		endloop
	endfacet
	facet normal 0 -1 -2.220446049250313e-16
		outer loop
			vertex 2.6992684803772487e-16 6.661338147750939e-16 -3
			vertex -0.5852709412574768 6.53334246969575e-16 -2.9423558712005615
			vertex -0.5803936719894409 6.534409201813698e-16 -2.942836284637451
		endloop
	endfacet
	facet normal 0 -1 -2.220446049250313e-16
		outer loop
			vertex -0.6086614727973938 6.794449375411953e-16 -3.059947967529297
			vertex -0.9064865708351135 6.4409745855888525e-16 -2.900757074356079
			vertex -1.110959768295288 7.893844142597647e-16 -3.5550713539123535
		endloop
	endfacet
	facet normal 0 -1 -2.220446049250313e-16
		outer loop
			vertex -1.148050308227539 6.154274049975769e-16 -2.7716386318206787
			vertex -1.110959768295288 7.893844142597647e-16 -3.5550713539123535
			vertex -0.9064865708351135 6.4409745855888525e-16 -2.900757074356079
		endloop
	endfacet
	facet normal 0 -1 -2.220446049250313e-16
		outer loop
			vertex -1.148050308227539 6.154274049975769e-16 -2.7716386318206787
			vertex -1.7220754623413086 9.231410810265858e-16 -4.1574578285217285
			vertex -1.110959768295288 7.893844142597647e-16 -3.5550713539123535
		endloop
	endfacet
	facet normal 0 -1 -2.220446049250313e-16
		outer loop
			vertex -1.7220754623413086 9.231410810265858e-16 -4.1574578285217285
			vertex -1.3358209133148193 9.4915780388062e-16 -4.274626731872559
			vertex -1.110959768295288 7.893844142597647e-16 -3.5550713539123535
		endloop
	endfacet
	facet normal 0 -1 -2.220446049250313e-16
		outer loop
			vertex -0.8779064416885376 9.800013439845829e-16 -4.413533687591553
			vertex -1.110959768295288 7.893844142597647e-16 -3.5550713539123535
			vertex -1.3358209133148193 9.4915780388062e-16 -4.274626731872559
		endloop
	endfacet
	facet normal 0 -1 -2.220446049250313e-16
		outer loop
			vertex -0.8779064416885376 9.800013439845829e-16 -4.413533687591553
			vertex -0.6086614727973938 6.794449375411953e-16 -3.059947967529297
			vertex -1.110959768295288 7.893844142597647e-16 -3.5550713539123535
		endloop
	endfacet
	facet normal 0 -1 -2.220446049250313e-16
		outer loop
			vertex 2.8460987301080255e-16 6.927560603072966e-16 -3.1198959350585938
			vertex -0.5852709412574768 6.53334246969575e-16 -2.9423558712005615
			vertex -0.8779063820838928 9.800013439845829e-16 -4.413533687591553
		endloop
	endfacet
	facet normal 0 -1 -2.220446049250313e-16
		outer loop
			vertex -0.8779064416885376 9.800013439845829e-16 -4.413533687591553
			vertex 5.510910704284357e-16 9.992007221626409e-16 -4.5
			vertex 2.8460987301080255e-16 6.927560603072966e-16 -3.1198959350585938
		endloop
	endfacet
	facet normal -0.29028466298182454 0 -0.9569403400617661
		outer loop
			vertex -0.8779064416885376 9.800013439845829e-16 -4.413533687591553
			vertex -1.7220754623413086 9.231410810265858e-16 -4.1574578285217285
			vertex -1.7220754623413086 1.0000000000000009 -4.1574578285217285
		endloop
	endfacet
	facet normal -0.2902846629818245 0 -0.9569403400617662
		outer loop
			vertex -0.8779064416885376 1.0000000000000009 -4.413533687591553
			vertex -0.8779064416885376 9.800013439845829e-16 -4.413533687591553
			vertex -1.7220754623413086 1.0000000000000009 -4.1574578285217285
		endloop
	endfacet
	facet normal -0.0980172244760387 0 -0.9951847183844887
		outer loop
			vertex 5.510910704284357e-16 9.992007221626409e-16 -4.5
			vertex -0.8779064416885376 9.800013439845829e-16 -4.413533687591553
			vertex -0.8779064416885376 1.0000000000000009 -4.413533687591553
		endloop
	endfacet
	facet normal -0.0980172244760387 0 -0.9951847183844887
		outer loop
			vertex 5.510910704284357e-16 1.0000000000000009 -4.5
			vertex 5.510910704284357e-16 9.992007221626409e-16 -4.5
			vertex -0.8779064416885376 1.0000000000000009 -4.413533687591553
		endloop
	endfacet
	facet normal 0 -1 -2.220446049250313e-16
		outer loop
			vertex 0 -9.992007221626409e-16 4.5
			vertex 0 -8.575904188484371e-16 3.862243890762329
			vertex 0.6938387155532837 -9.840267621872905e-16 4.431662559509277
		endloop
	endfacet
	facet normal 0 -1 -2.220446049250313e-16
		outer loop
			vertex 0.8779064416885376 -9.800013439845829e-16 4.413533687591553
			vertex 9.746719450293568e-17 -8.575904188484371e-16 3.862243890762329
			vertex 0.7534862756729126 -8.411118693156376e-16 3.7880311012268066
		endloop
	endfacet
	facet normal 0 -1 -2.220446049250313e-16
		outer loop
			vertex 0.8779064416885376 -9.800013439845829e-16 4.413533687591553
			vertex 0.6938387155532837 -9.840267621872905e-16 4.431662559509277
			vertex 0 -8.575904188484371e-16 3.862243890762329
		endloop
	endfacet
	facet normal 0 -1 -2.220446049250313e-16
		outer loop
			vertex 0.7534862756729126 -8.411118693156376e-16 3.7880311012268066
			vertex -9.746719450293568e-17 -7.516841424477783e-16 3.385284423828125
			vertex 0.66043621301651 -7.372406954498755e-16 3.320236921310425
		endloop
	endfacet
	facet normal 0 -1 -2.220446049250313e-16
		outer loop
			vertex 0 -8.575904188484371e-16 3.862243890762329
			vertex -9.746719450293568e-17 -7.516841424477783e-16 3.385284423828125
			vertex 0.7534862756729126 -8.411118693156376e-16 3.7880311012268066
		endloop
	endfacet
	facet normal 0.09801722447603875 0 0.9951847183844886
		outer loop
			vertex 0 0.999999999999999 4.5
			vertex 0 -8.881784197001252e-16 4.5
			vertex 0.8779064416885376 0.999999999999999 4.413533687591553
		endloop
	endfacet
	facet normal 0.09801722447603874 0 0.9951847183844886
		outer loop
			vertex 0 -9.992007221626409e-16 4.5
			vertex 0.8779064416885376 -9.800013439845829e-16 4.413533687591553
			vertex 0.8779064416885376 0.999999999999999 4.413533687591553
		endloop
	endfacet
	facet normal 0 -1 -2.220446049250313e-16
		outer loop
			vertex 0.7534862756729126 -8.411118693156376e-16 3.7880311012268066
			vertex 1.2419835329055786 -8.824823878276361e-16 3.9743473529815674
			vertex 1.2700426578521729 -9.024195846423118e-16 4.064136505126953
		endloop
	endfacet
	facet normal 0 -1 -2.220446049250313e-16
		outer loop
			vertex 1.5450823307037354 -9.350627521218348e-16 4.211148262023926
			vertex 1.2700426578521729 -9.024195846423118e-16 4.064136505126953
			vertex 1.2419835329055786 -8.824823878276361e-16 3.9743473529815674
		endloop
	endfacet
	facet normal 0 -1 -2.220446049250313e-16
		outer loop
			vertex 1.7220754623413086 -9.231410810265858e-16 4.1574578285217285
			vertex 1.5450823307037354 -9.350627521218348e-16 4.211148262023926
			vertex 1.2419835329055786 -8.824823878276361e-16 3.9743473529815674
		endloop
	endfacet
	facet normal 0 -1 -2.220446049250313e-16
		outer loop
			vertex 1.5450823307037354 -9.350627521218348e-16 4.211148262023926
			vertex 1.3358209133148193 -9.4915780388062e-16 4.274626731872559
			vertex 1.2700426578521729 -9.024195846423118e-16 4.064136505126953
		endloop
	endfacet
	facet normal 0 -1 -2.220446049250313e-16
		outer loop
			vertex 0.8779064416885376 -9.800013439845829e-16 4.413533687591553
			vertex 1.2700426578521729 -9.024195846423118e-16 4.064136505126953
			vertex 1.3358209133148193 -9.4915780388062e-16 4.274626731872559
		endloop
	endfacet
	facet normal 0 -1 -2.220446049250313e-16
		outer loop
			vertex 0.8779064416885376 -9.800013439845829e-16 4.413533687591553
			vertex 0.7534862756729126 -8.411118693156376e-16 3.7880311012268066
			vertex 1.2700426578521729 -9.024195846423118e-16 4.064136505126953
		endloop
	endfacet
	facet normal 0 -1 -2.220446049250313e-16
		outer loop
			vertex 0.7534862756729126 -8.411118693156376e-16 3.7880311012268066
			vertex 0.9918653964996338 -7.047627523346263e-16 3.173969268798828
			vertex 1.2419835329055786 -8.824823878276361e-16 3.9743473529815674
		endloop
	endfacet
	facet normal 0 -1 -2.220446049250313e-16
		outer loop
			vertex 1.148050308227539 -6.154274049975769e-16 2.7716386318206787
			vertex 1.2419835329055786 -8.824823878276361e-16 3.9743473529815674
			vertex 0.9918653964996338 -7.047627523346263e-16 3.173969268798828
		endloop
	endfacet
	facet normal 0 -1 -2.220446049250313e-16
		outer loop
			vertex 1.148050308227539 -6.154274049975769e-16 2.7716386318206787
			vertex 1.7220754623413086 -9.231410810265858e-16 4.1574578285217285
			vertex 1.2419835329055786 -8.824823878276361e-16 3.9743473529815674
		endloop
	endfacet
	facet normal 0 -1 -2.220446049250313e-16
		outer loop
			vertex 1.7220754623413086 -9.231410810265858e-16 4.1574578285217285
			vertex 1.295492172241211 -6.944655316135334e-16 3.1275947093963623
			vertex 2.145747184753418 -7.13060181206811e-16 3.2113375663757324
		endloop
	endfacet
	facet normal 0.29028466298182454 0 0.9569403400617661
		outer loop
			vertex 0.8779064416885376 0.999999999999999 4.413533687591553
			vertex 0.8779064416885376 -9.800013439845829e-16 4.413533687591553
			vertex 1.7220754623413086 0.9999999999999991 4.1574578285217285
		endloop
	endfacet
	facet normal 0.29028466298182454 0 0.9569403400617661
		outer loop
			vertex 0.8779064416885376 -9.800013439845829e-16 4.413533687591553
			vertex 1.7220754623413086 -9.231410810265858e-16 4.1574578285217285
			vertex 1.7220754623413086 0.9999999999999991 4.1574578285217285
		endloop
	endfacet
	facet normal 0 -1 -2.220446049250313e-16
		outer loop
			vertex -9.746719450293568e-17 -7.516841424477783e-16 3.385284423828125
			vertex 9.746719450293568e-17 -6.927560603072966e-16 3.1198959350585938
			vertex 0.66043621301651 -7.372406954498755e-16 3.320236921310425
		endloop
	endfacet
	facet normal 0 -1 -2.220446049250313e-16
		outer loop
			vertex 0.66043621301651 -7.372406954498755e-16 3.320236921310425
			vertex 9.746719450293568e-17 -6.927560603072966e-16 3.1198959350585938
			vertex 0.6086614727973938 -6.794449375411953e-16 3.059947967529297
		endloop
	endfacet
	facet normal 0 -1 -2.220446049250313e-16
		outer loop
			vertex 9.746719450293568e-17 -6.927560603072966e-16 3.1198959350585938
			vertex 9.746719450293568e-17 -6.661338147750939e-16 3
			vertex 0.6086614727973938 -6.794449375411953e-16 3.059947967529297
		endloop
	endfacet
	facet normal 0 -1 -2.220446049250313e-16
		outer loop
			vertex 0.6086614727973938 -6.794449375411953e-16 3.059947967529297
			vertex 1.656942346254576e-15 -6.661338147750939e-16 3
			vertex 0.5852709412574768 -6.53334246969575e-16 2.9423558712005615
		endloop
	endfacet
	facet normal 0 -1 -2.220446049250313e-16
		outer loop
			vertex 1.148050308227539 -6.154274049975769e-16 2.7716386318206787
			vertex 0.9918653964996338 -7.047627523346263e-16 3.173969268798828
			vertex 0.8905472755432129 -6.327718869002664e-16 2.8497512340545654
		endloop
	endfacet
	facet normal 0 -1 -2.220446049250313e-16
		outer loop
			vertex 0.5852710008621216 -6.53334246969575e-16 2.9423558712005615
			vertex 0.8905472755432129 -6.327718869002664e-16 2.8497512340545654
			vertex 0.9918653964996338 -7.047627523346263e-16 3.173969268798828
		endloop
	endfacet
	facet normal 0 -1 -2.220446049250313e-16
		outer loop
			vertex 0.7534862756729126 -8.411118693156376e-16 3.7880311012268066
			vertex 0.5852710008621216 -6.53334246969575e-16 2.9423558712005615
			vertex 0.9918653964996338 -7.047627523346263e-16 3.173969268798828
		endloop
	endfacet
	facet normal 0 -1 -2.220446049250313e-16
		outer loop
			vertex 2.145747184753418 -7.13060181206811e-16 3.2113375663757324
			vertex 1.295492172241211 -6.944655316135334e-16 3.1275947093963623
			vertex 1.6667107343673706 -5.538700267096995e-16 2.4944088459014893
		endloop
	endfacet
	facet normal 0 -1 -2.220446049250313e-16
		outer loop
			vertex 1.295492172241211 -6.944655316135334e-16 3.1275947093963623
			vertex 1.148050308227539 -6.154274049975769e-16 2.7716386318206787
			vertex 1.6667107343673706 -5.538700267096995e-16 2.4944088459014893
		endloop
	endfacet
	facet normal 0 -1 -2.220446049250313e-16
		outer loop
			vertex 2.145747184753418 -7.13060181206811e-16 3.2113375663757324
			vertex 2.5 -8.307830436777002e-16 3.741514205932617
			vertex 2.5 -8.308128486495317e-16 3.7416484355926514
		endloop
	endfacet
	facet normal 0 -1 -2.220446049250313e-16
		outer loop
			vertex 1.7220754623413086 -9.231410810265858e-16 4.1574578285217285
			vertex 2.145747184753418 -7.13060181206811e-16 3.2113375663757324
			vertex 2.5 -8.308128486495317e-16 3.7416484355926514
		endloop
	endfacet
	facet normal 0.4713967938065344 0 0.8819212338916214
		outer loop
			vertex 1.7220754623413086 0.9999999999999991 4.1574578285217285
			vertex 2.5 0.9999151229858391 3.7416484355926514
			vertex 2.5 0.9999999999999992 3.7416484355926514
		endloop
	endfacet
	facet normal 0.4713967938065344 0 0.8819212338916214
		outer loop
			vertex 1.7220754623413086 0.9999999999999991 4.1574578285217285
			vertex 1.7220754623413086 -9.231410810265858e-16 4.1574578285217285
			vertex 2.5 0.9999151229858391 3.7416484355926514
		endloop
	endfacet
	facet normal 0.47139679380653443 0 0.8819212338916215
		outer loop
			vertex 1.7220754623413086 -9.231410810265858e-16 4.1574578285217285
			vertex 2.5 -8.308128486495317e-16 3.7416484355926514
			vertex 2.5 0.9999151229858391 3.7416484355926514
		endloop
	endfacet
	facet normal 0 -1 -2.220446049250313e-16
		outer loop
			vertex 1.6667107343673706 -5.538700267096995e-16 2.4944088459014893
			vertex 2.1213202476501465 -4.7102771630894635e-16 2.1213202476501465
			vertex 1.7333210706710815 -5.760054857807369e-16 2.5940980911254883
		endloop
	endfacet
	facet normal 0 -1 -2.220446049250313e-16
		outer loop
			vertex 1.7333210706710815 -5.760055387202961e-16 2.5940983295440674
			vertex 2.5 -8.307422802171136e-16 3.741330623626709
			vertex 2.5 -8.307830436777002e-16 3.741514205932617
		endloop
	endfacet
	facet normal 0 -1 -2.220446049250313e-16
		outer loop
			vertex 1.7333210706710815 -5.760055387202961e-16 2.5940983295440674
			vertex 2.1213202476501465 -4.7102771630894635e-16 2.1213202476501465
			vertex 2.5 -8.307422802171136e-16 3.741330623626709
		endloop
	endfacet
	facet normal 0 -1 -2.220446049250313e-16
		outer loop
			vertex 1.7333210706710815 -5.760055387202961e-16 2.5940983295440674
			vertex 1.7333210706710815 -5.760054857807369e-16 2.5940980911254883
			vertex 2.1213202476501465 -4.7102771630894635e-16 2.1213202476501465
		endloop
	endfacet
	facet normal 0 -1 -2.220446049250313e-16
		outer loop
			vertex 2.1213202476501465 -4.7102771630894635e-16 2.1213202476501465
			vertex 2.5 -5.551115123125783e-16 2.5
			vertex 2.5 -8.307422802171136e-16 3.741330623626709
		endloop
	endfacet
	facet normal 0 -1 -2.220446049250313e-16
		outer loop
			vertex 2.1213202476501465 -4.7102771630894635e-16 2.1213202476501465
			vertex 2.5 -4.0202499782404243e-16 1.810559630393982
			vertex 2.5 -5.551115123125783e-16 2.5
		endloop
	endfacet
	facet normal 0 -1 -2.220446049250313e-16
		outer loop
			vertex 2.4944088459014893 -3.700841265369116e-16 1.6667107343673706
			vertex 2.49440860748291 -3.7008423241603e-16 1.6667112112045288
			vertex 2.1213202476501465 -4.7102771630894635e-16 2.1213202476501465
		endloop
	endfacet
	facet normal 0 -1 -2.220446049250313e-16
		outer loop
			vertex 2.1213202476501465 -4.7102771630894635e-16 2.1213202476501465
			vertex 2.5 -4.0202187439004943e-16 1.810545563697815
			vertex 2.5 -4.0202499782404243e-16 1.810559630393982
		endloop
	endfacet
	facet normal 0 -1 -2.220446049250313e-16
		outer loop
			vertex 2.353078603744507 -4.2879499766598176e-16 1.9311209917068481
			vertex 2.1213202476501465 -4.7102771630894635e-16 2.1213202476501465
			vertex 2.49440860748291 -3.7008423241603e-16 1.6667112112045288
		endloop
	endfacet
	facet normal 0 -1 -2.220446049250313e-16
		outer loop
			vertex 2.4944088459014893 -3.700841265369116e-16 1.6667107343673706
			vertex 2.5 -3.677614827862015e-16 1.6562504768371582
			vertex 2.5 -3.6857129922333583e-16 1.6598975658416748
		endloop
	endfacet
	facet normal 0 -1 -2.220446049250313e-16
		outer loop
			vertex 2.4944088459014893 -3.700841265369116e-16 1.6667107343673706
			vertex 2.5 -3.709136629598492e-16 1.6704466342926025
			vertex 2.5 -4.0202190085982903e-16 1.8105456829071045
		endloop
	endfacet
	facet normal 0 -1 -2.220446049250313e-16
		outer loop
			vertex 2.353078603744507 -4.2879499766598176e-16 1.9311209917068481
			vertex 2.4944088459014893 -3.700841265369116e-16 1.6667107343673706
			vertex 2.5 -4.0202190085982903e-16 1.8105456829071045
		endloop
	endfacet
	facet normal 0 -1 -2.220446049250313e-16
		outer loop
			vertex 2.4944088459014893 -3.700841265369116e-16 1.6667107343673706
			vertex 2.5 -3.6857129922333583e-16 1.6598975658416748
			vertex 2.5 -3.6857137863267463e-16 1.6598979234695435
		endloop
	endfacet
	facet normal 0 -1 -2.220446049250313e-16
		outer loop
			vertex 2.4944088459014893 -3.700841265369116e-16 1.6667107343673706
			vertex 2.5 -3.6857137863267463e-16 1.6598979234695435
			vertex 2.5 -3.709136629598492e-16 1.6704466342926025
		endloop
	endfacet
	facet normal 0 -1 -2.220446049250313e-16
		outer loop
			vertex 2.4944088459014893 3.700841265369116e-16 -1.6667107343673706
			vertex 2.5 3.709136629598492e-16 -1.6704466342926025
			vertex 2.5 3.6857137863267463e-16 -1.6598979234695435
		endloop
	endfacet
	facet normal 0 -1 -2.220446049250313e-16
		outer loop
			vertex 2.4944088459014893 3.700841265369116e-16 -1.6667107343673706
			vertex 2.5 3.6857137863267463e-16 -1.6598979234695435
			vertex 2.5 3.677614827862015e-16 -1.6562504768371582
		endloop
	endfacet
	facet normal 0 -1 -2.220446049250313e-16
		outer loop
			vertex 2.206099510192871 4.898524941660811e-16 -2.206099510192871
			vertex 2.353078603744507 4.2879499766598176e-16 -1.9311209917068481
			vertex 2.1213202476501465 4.7102771630894635e-16 -2.1213202476501465
		endloop
	endfacet
	facet normal 0 -1 -2.220446049250313e-16
		outer loop
			vertex 2.353078603744507 4.2879499766598176e-16 -1.9311209917068481
			vertex 2.353078603744507 4.2879497119620216e-16 -1.9311208724975586
			vertex 2.1213202476501465 4.7102771630894635e-16 -2.1213202476501465
		endloop
	endfacet
	facet normal 0 -1 -2.220446049250313e-16
		outer loop
			vertex 2.206099510192871 4.898524941660811e-16 -2.206099510192871
			vertex 2.5 5.027757817214584e-16 -2.26430082321167
			vertex 2.5 4.549708303652018e-16 -2.049006462097168
		endloop
	endfacet
	facet normal 0 -1 -2.220446049250313e-16
		outer loop
			vertex 2.206099510192871 4.898524941660811e-16 -2.206099510192871
			vertex 2.3937575817108154 5.315209565172764e-16 -2.3937575817108154
			vertex 2.5 5.027757817214584e-16 -2.26430082321167
		endloop
	endfacet
	facet normal 0 -1 -2.220446049250313e-16
		outer loop
			vertex 2.4944088459014893 3.700841265369116e-16 -1.6667107343673706
			vertex 2.5 4.549708303652018e-16 -2.049006462097168
			vertex 2.5 3.709136629598492e-16 -1.6704466342926025
		endloop
	endfacet
	facet normal 0 -1 -2.220446049250313e-16
		outer loop
			vertex 2.4944088459014893 3.700841265369116e-16 -1.6667107343673706
			vertex 2.206099510192871 4.898524941660811e-16 -2.206099510192871
			vertex 2.5 4.549708303652018e-16 -2.049006462097168
		endloop
	endfacet
	facet normal 0 -1 -2.220446049250313e-16
		outer loop
			vertex 2.4944088459014893 3.700841265369116e-16 -1.6667107343673706
			vertex 2.1213202476501465 4.7102771630894635e-16 -2.1213202476501465
			vertex 2.353078603744507 4.2879497119620216e-16 -1.9311208724975586
		endloop
	endfacet
	facet normal 0 -1 -2.220446049250313e-16
		outer loop
			vertex 2.3937575817108154 5.315209565172764e-16 -2.3937575817108154
			vertex 2.5 5.243648516019576e-16 -2.3615293502807617
			vertex 2.5 5.027757817214584e-16 -2.26430082321167
		endloop
	endfacet
	facet normal 0 -1 -2.220446049250313e-16
		outer loop
			vertex 0.608661413192749 6.7944488460163605e-16 -3.0599477291107178
			vertex 0.5852709412574768 6.53334246969575e-16 -2.9423558712005615
			vertex 0.29836663603782654 6.726589330842674e-16 -3.029386520385742
		endloop
	endfacet
	facet normal 0 -1 -2.220446049250313e-16
		outer loop
			vertex 3.6739405577555036e-16 6.661338147750939e-16 -3
			vertex 0.29836663603782654 6.726589330842674e-16 -3.029386520385742
			vertex 0.5852709412574768 6.53334246969575e-16 -2.9423558712005615
		endloop
	endfacet
	facet normal 0 -1 -2.220446049250313e-16
		outer loop
			vertex 0.5852710008621216 6.53334246969575e-16 -2.9423558712005615
			vertex 1.1939325332641602 6.400231242034737e-16 -2.8824079036712646
			vertex 1.148050308227539 6.154274049975769e-16 -2.7716386318206787
		endloop
	endfacet
	facet normal 0 -1 -2.220446049250313e-16
		outer loop
			vertex 0.6086614727973938 6.794449375411953e-16 -3.059947967529297
			vertex 1.1939325332641602 6.400231242034737e-16 -2.8824079036712646
			vertex 0.5852710008621216 6.53334246969575e-16 -2.9423558712005615
		endloop
	endfacet
	facet normal 0 -1 -2.220446049250313e-16
		outer loop
			vertex 0.6086614727973938 6.794449375411953e-16 -3.059947967529297
			vertex 1.295492172241211 6.944655316135334e-16 -3.1275947093963623
			vertex 1.1939325332641602 6.400231242034737e-16 -2.8824079036712646
		endloop
	endfacet
	facet normal 0 -1 -2.220446049250313e-16
		outer loop
			vertex 1.7333213090896606 5.760055916598553e-16 -2.5940985679626465
			vertex 1.6667107343673706 5.538700267096995e-16 -2.4944088459014893
			vertex 1.4349528551101685 5.961026659433253e-16 -2.684607744216919
		endloop
	endfacet
	facet normal 0 -1 -2.220446049250313e-16
		outer loop
			vertex 1.4349528551101685 5.961026659433253e-16 -2.684607744216919
			vertex 1.6667107343673706 5.538700267096995e-16 -2.4944088459014893
			vertex 1.4349361658096313 5.961037776740685e-16 -2.68461275100708
		endloop
	endfacet
	facet normal 0 -1 -2.220446049250313e-16
		outer loop
			vertex 1.1939325332641602 6.400231242034737e-16 -2.8824079036712646
			vertex 1.7333213090896606 5.760055916598553e-16 -2.5940985679626465
			vertex 1.148050308227539 6.154274049975769e-16 -2.7716386318206787
		endloop
	endfacet
	facet normal 0 -1 -2.220446049250313e-16
		outer loop
			vertex 1.148050308227539 6.154274049975769e-16 -2.7716386318206787
			vertex 1.4349361658096313 5.961037776740685e-16 -2.68461275100708
			vertex 1.6667107343673706 5.538700267096995e-16 -2.4944088459014893
		endloop
	endfacet
	facet normal 0 -1 -2.220446049250313e-16
		outer loop
			vertex 1.1939325332641602 6.400231242034737e-16 -2.8824079036712646
			vertex 1.880763292312622 6.250025301311355e-16 -2.814761161804199
			vertex 1.7333213090896606 5.760055916598553e-16 -2.5940985679626465
		endloop
	endfacet
	facet normal 0 -1 -2.220446049250313e-16
		outer loop
			vertex 1.295492172241211 6.944655316135334e-16 -3.1275947093963623
			vertex 1.880763292312622 6.250025301311355e-16 -2.814761161804199
			vertex 1.1939325332641602 6.400231242034737e-16 -2.8824079036712646
		endloop
	endfacet
	facet normal 0 -1 -2.220446049250313e-16
		outer loop
			vertex 1.295492172241211 6.944655316135334e-16 -3.1275947093963623
			vertex 2.145747184753418 7.13060181206811e-16 -3.2113375663757324
			vertex 1.880763292312622 6.250025301311355e-16 -2.814761161804199
		endloop
	endfacet
	facet normal 0 -1 -2.220446049250313e-16
		outer loop
			vertex 5.510910704284357e-16 9.992007221626409e-16 -4.5
			vertex 0.8779064416885376 9.800013439845829e-16 -4.413533687591553
			vertex 0.6086614727973938 6.794449375411953e-16 -3.059947967529297
		endloop
	endfacet
	facet normal 0 -1 -2.220446049250313e-16
		outer loop
			vertex 0.8779064416885376 9.800013439845829e-16 -4.413533687591553
			vertex 1.295492172241211 6.944655316135334e-16 -3.1275947093963623
			vertex 0.6086614727973938 6.794449375411953e-16 -3.059947967529297
		endloop
	endfacet
	facet normal 0 -1 -2.220446049250313e-16
		outer loop
			vertex 5.510910704284357e-16 9.992007221626409e-16 -4.5
			vertex 0.6086614727973938 6.794449375411953e-16 -3.059947967529297
			vertex 3.6739405577555036e-16 6.661338147750939e-16 -3
		endloop
	endfacet
	facet normal 0.0980172244760388 0 -0.9951847183844886
		outer loop
			vertex 0.8779064416885376 1.0000000000000009 -4.413533687591553
			vertex 0.8779064416885376 9.800013439845829e-16 -4.413533687591553
			vertex 5.510910704284357e-16 1.0000000000000009 -4.5
		endloop
	endfacet
	facet normal 0.0980172244760388 0 -0.9951847183844886
		outer loop
			vertex 0.8779064416885376 9.800013439845829e-16 -4.413533687591553
			vertex 5.510910704284357e-16 9.992007221626409e-16 -4.5
			vertex 5.510910704284357e-16 1.0000000000000009 -4.5
		endloop
	endfacet
	facet normal 0 -1 -2.220446049250313e-16
		outer loop
			vertex 1.7220754623413086 9.231410810265858e-16 -4.1574578285217285
			vertex 2.145747184753418 7.13060181206811e-16 -3.2113375663757324
			vertex 1.295492172241211 6.944655316135334e-16 -3.1275947093963623
		endloop
	endfacet
	facet normal 0 -1 -2.220446049250313e-16
		outer loop
			vertex 0.8779064416885376 9.800013439845829e-16 -4.413533687591553
			vertex 1.7220754623413086 9.231410810265858e-16 -4.1574578285217285
			vertex 1.295492172241211 6.944655316135334e-16 -3.1275947093963623
		endloop
	endfacet
	facet normal 0.2902846629818245 0 -0.9569403400617662
		outer loop
			vertex 1.7220754623413086 9.231410810265858e-16 -4.1574578285217285
			vertex 0.8779064416885376 9.800013439845829e-16 -4.413533687591553
			vertex 0.8779064416885376 1.0000000000000009 -4.413533687591553
		endloop
	endfacet
	facet normal 0.29028466298182454 0 -0.9569403400617661
		outer loop
			vertex 1.7220754623413086 1.0000000000000009 -4.1574578285217285
			vertex 1.7220754623413086 9.231410810265858e-16 -4.1574578285217285
			vertex 0.8779064416885376 1.0000000000000009 -4.413533687591553
		endloop
	endfacet
	facet normal 0 -1 -2.220446049250313e-16
		outer loop
			vertex 1.6667107343673706 5.538700267096995e-16 -2.4944088459014893
			vertex 1.9311209917068481 5.224884089259933e-16 -2.353078603744507
			vertex 2.1213202476501465 4.7102771630894635e-16 -2.1213202476501465
		endloop
	endfacet
	facet normal 0 -1 -2.220446049250313e-16
		outer loop
			vertex 1.7333213090896606 5.760055916598553e-16 -2.5940985679626465
			vertex 2.206099510192871 4.898524941660811e-16 -2.206099510192871
			vertex 1.6667107343673706 5.538700267096995e-16 -2.4944088459014893
		endloop
	endfacet
	facet normal 0 -1 -2.220446049250313e-16
		outer loop
			vertex 1.9311209917068481 5.224884089259933e-16 -2.353078603744507
			vertex 1.9311363697052002 5.224866089809804e-16 -2.3530704975128174
			vertex 2.1213202476501465 4.7102771630894635e-16 -2.1213202476501465
		endloop
	endfacet
	facet normal 0 -1 -2.220446049250313e-16
		outer loop
			vertex 1.7333213090896606 5.760055916598553e-16 -2.5940985679626465
			vertex 2.3937575817108154 5.315209565172764e-16 -2.3937575817108154
			vertex 2.206099510192871 4.898524941660811e-16 -2.206099510192871
		endloop
	endfacet
	facet normal 0 -1 -2.220446049250313e-16
		outer loop
			vertex 2.206099510192871 4.898524941660811e-16 -2.206099510192871
			vertex 2.1213202476501465 4.7102771630894635e-16 -2.1213202476501465
			vertex 1.9311363697052002 5.224866089809804e-16 -2.3530704975128174
		endloop
	endfacet
	facet normal 0 -1 -2.220446049250313e-16
		outer loop
			vertex 1.880763292312622 6.250025301311355e-16 -2.814761161804199
			vertex 2.3937575817108154 5.315209565172764e-16 -2.3937575817108154
			vertex 1.7333213090896606 5.760055916598553e-16 -2.5940985679626465
		endloop
	endfacet
	facet normal 0 -1 -2.220446049250313e-16
		outer loop
			vertex 2.145747184753418 7.13060181206811e-16 -3.2113375663757324
			vertex 2.5 7.1083169046214415e-16 -3.201301336288452
			vertex 2.5 6.485056827141926e-16 -2.920609951019287
		endloop
	endfacet
	facet normal 0 -1 -2.220446049250313e-16
		outer loop
			vertex 2.145747184753418 7.13060181206811e-16 -3.2113375663757324
			vertex 2.5 6.485056827141926e-16 -2.920609951019287
			vertex 2.5 6.114601144308746e-16 -2.7537715435028076
		endloop
	endfacet
	facet normal 0 -1 -2.220446049250313e-16
		outer loop
			vertex 1.880763292312622 6.250025301311355e-16 -2.814761161804199
			vertex 2.145747184753418 7.13060181206811e-16 -3.2113375663757324
			vertex 2.5 6.114601144308746e-16 -2.7537715435028076
		endloop
	endfacet
	facet normal 0 -1 -2.220446049250313e-16
		outer loop
			vertex 2.3937575817108154 5.315209565172764e-16 -2.3937575817108154
			vertex 2.5 6.114601144308746e-16 -2.7537715435028076
			vertex 2.5 5.551115123125783e-16 -2.5
		endloop
	endfacet
	facet normal 0 -1 -2.220446049250313e-16
		outer loop
			vertex 2.3937575817108154 5.315209565172764e-16 -2.3937575817108154
			vertex 1.880763292312622 6.250025301311355e-16 -2.814761161804199
			vertex 2.5 6.114601144308746e-16 -2.7537715435028076
		endloop
	endfacet
	facet normal 0 -1 -2.220446049250313e-16
		outer loop
			vertex 2.3937575817108154 5.315209565172764e-16 -2.3937575817108154
			vertex 2.5 5.551115123125783e-16 -2.5
			vertex 2.5 5.243648516019576e-16 -2.3615293502807617
		endloop
	endfacet
	facet normal 0 -1 -2.220446049250313e-16
		outer loop
			vertex 2.145747184753418 7.13060181206811e-16 -3.2113375663757324
			vertex 2.5 8.308128486495317e-16 -3.7416484355926514
			vertex 2.5 8.307830436777002e-16 -3.741514205932617
		endloop
	endfacet
	facet normal 0 -1 -2.220446049250313e-16
		outer loop
			vertex 2.145747184753418 7.13060181206811e-16 -3.2113375663757324
			vertex 1.7220754623413086 9.231410810265858e-16 -4.1574578285217285
			vertex 2.5 8.308128486495317e-16 -3.7416484355926514
		endloop
	endfacet
	facet normal 0.4713967938065344 0 -0.8819212338916214
		outer loop
			vertex 1.7220754623413086 9.231410810265858e-16 -4.1574578285217285
			vertex 2.5 0.00008488784806187458 -3.7416484355926514
			vertex 2.5 8.308128486495317e-16 -3.7416484355926514
		endloop
	endfacet
	facet normal 0.4713967938065344 0 -0.8819212338916214
		outer loop
			vertex 1.7220754623413086 9.231410810265858e-16 -4.1574578285217285
			vertex 1.7220754623413086 1.0000000000000009 -4.1574578285217285
			vertex 2.5 0.00008488784806187458 -3.7416484355926514
		endloop
	endfacet
	facet normal 0 -1 -2.220446049250313e-16
		outer loop
			vertex 2.145747184753418 7.13060181206811e-16 -3.2113375663757324
			vertex 2.5 7.208075151193133e-16 -3.2462284564971924
			vertex 2.5 7.1083169046214415e-16 -3.201301336288452
		endloop
	endfacet
	facet normal 0 -1 -2.220446049250313e-16
		outer loop
			vertex 2.145747184753418 7.13060181206811e-16 -3.2113375663757324
			vertex 2.5 8.307830436777002e-16 -3.741514205932617
			vertex 2.5 7.208075151193133e-16 -3.2462284564971924
		endloop
	endfacet
	facet normal 1.427160310390233e-16 1 0
		outer loop
			vertex -1.7220754623413086 0.9999999999999991 4.1574578285217285
			vertex -2.5 0.9999999999999992 3.741569757461548
			vertex -2.5 0.9999999999999992 3.7416484355926514
		endloop
	endfacet
	facet normal 4.062116527359776e-17 1 1.9096989496580711e-16
		outer loop
			vertex -1.7220754623413086 0.9999999999999991 4.1574578285217285
			vertex -1.1939270496368408 0.9999999999999993 2.882395029067993
			vertex -2.5 0.9999999999999992 3.741569757461548
		endloop
	endfacet
	facet normal -0.47139679380653443 0 0.8819212338916215
		outer loop
			vertex -1.7220754623413086 0.9999999999999991 4.1574578285217285
			vertex -2.5 0.9999999999999992 3.7416484355926514
			vertex -2.5 0.00008488784806021296 3.7416484355926514
		endloop
	endfacet
	facet normal -7.52611511082302e-17 1 1.2776009923912062e-16
		outer loop
			vertex -1.6667108535766602 0.9999999999999994 2.4944088459014893
			vertex -2.5 0.9999999999999993 2.872523784637451
			vertex -2.5 0.9999999999999992 3.741514205932617
		endloop
	endfacet
	facet normal -1.321533875031679e-16 1 1.610291810751085e-16
		outer loop
			vertex -2.1213202476501465 0.9999999999999996 2.1213202476501465
			vertex -2.5 0.9999999999999996 1.8105454444885256
			vertex -2.5 0.9999999999999994 2.5
		endloop
	endfacet
	facet normal -1.787365510822538e-17 1 2.9802742010302815e-16
		outer loop
			vertex -1.774871587753296 0.9999999999999994 2.5434882640838623
			vertex -2.5 0.9999999999999994 2.5
			vertex -2.5 0.9999999999999993 2.872523784637451
		endloop
	endfacet
	facet normal -1.658824399697729e-17 1 2.7659432458129914e-16
		outer loop
			vertex -1.774871587753296 0.9999999999999994 2.5434882640838623
			vertex -2.1213202476501465 0.9999999999999996 2.1213202476501465
			vertex -2.5 0.9999999999999994 2.5
		endloop
	endfacet
	facet normal -2.6646761704827207e-16 1 0
		outer loop
			vertex -1.6667107343673706 0.9999999999999994 2.4944088459014893
			vertex -2.5 0.9999999999999992 3.741514205932617
			vertex -2.5 0.9999999999999992 3.741569757461548
		endloop
	endfacet
	facet normal 5.73009393322003e-17 1 2.163256241279561e-16
		outer loop
			vertex -1.1939270496368408 0.9999999999999993 2.882395029067993
			vertex -1.6667107343673706 0.9999999999999994 2.4944088459014893
			vertex -2.5 0.9999999999999992 3.741569757461548
		endloop
	endfacet
	facet normal 0 1 0
		outer loop
			vertex -2.4944088459014893 0.9999999999999997 1.6667107343673708
			vertex -2.5 0.9999999999999997 1.656250596046448
			vertex -2.5 0.9999999999999997 1.6704466342926028
		endloop
	endfacet
	facet normal 2.724788356582557e-16 1 1.105643923872899e-15
		outer loop
			vertex -2.465709686279297 0.9999999999999997 1.701680660247803
			vertex -2.5 0.9999999999999997 1.7101312875747683
			vertex -2.5 0.9999999999999996 1.8105454444885256
		endloop
	endfacet
	facet normal -6.650340506550153e-16 1 8.103453917249926e-16
		outer loop
			vertex -2.1213202476501465 0.9999999999999996 2.1213202476501465
			vertex -2.465709686279297 0.9999999999999997 1.701680660247803
			vertex -2.5 0.9999999999999996 1.8105454444885256
		endloop
	endfacet
	facet normal 0 1 0
		outer loop
			vertex -2.4944088459014893 0.9999999999999997 1.6667107343673708
			vertex -2.5 0.9999999999999997 1.6704466342926028
			vertex -2.5 0.9999999999999997 1.7101312875747683
		endloop
	endfacet
	facet normal 0 1 0
		outer loop
			vertex -2.465709686279297 0.9999999999999997 1.701680660247803
			vertex -2.4944088459014893 0.9999999999999997 1.6667107343673708
			vertex -2.5 0.9999999999999997 1.7101312875747683
		endloop
	endfacet
	facet normal 0 1 0
		outer loop
			vertex -2.496924638748169 0.9999999999999997 1.6620039939880373
			vertex -2.5 0.9999999999999997 1.6562502384185793
			vertex -2.5 0.9999999999999997 1.6562503576278689
		endloop
	endfacet
	facet normal 0 1 0
		outer loop
			vertex -2.496924638748169 0.9999999999999997 1.6620039939880373
			vertex -2.494811773300171 0.9999999999999997 1.6659567356109621
			vertex -2.5 0.9999999999999997 1.6562502384185793
		endloop
	endfacet
	facet normal 0 1 0
		outer loop
			vertex -2.4944088459014893 1.0000000000000004 -1.6667107343673704
			vertex -2.5 1.0000000000000004 -1.6704466342926023
			vertex -2.5 1.0000000000000004 -1.656250476837158
		endloop
	endfacet
	facet normal 0 1 0
		outer loop
			vertex -2.4944088459014893 1.0000000000000004 -1.6667107343673704
			vertex -2.5 1.0000000000000004 -2.2098426818847656
			vertex -2.5 1.0000000000000004 -1.6704466342926023
		endloop
	endfacet
	facet normal 0 1 0
		outer loop
			vertex -2.4944088459014893 1.0000000000000004 -1.6667107343673704
			vertex -2.1213295459747314 1.0000000000000004 -2.1213295459747314
			vertex -2.5 1.0000000000000004 -2.2098426818847656
		endloop
	endfacet
	facet normal 0 1 0
		outer loop
			vertex -2.1213295459747314 1.0000000000000004 -2.1213295459747314
			vertex -2.5 1.0000000000000004 -2.5
			vertex -2.5 1.0000000000000004 -2.2098426818847656
		endloop
	endfacet
	facet normal -2.2236583084380227e-16 1 5.47953812852673e-16
		outer loop
			vertex -1.7333210706710815 1.0000000000000007 -2.5940980911254883
			vertex -2.5 1.0000000000000007 -2.9052250385284424
			vertex -2.5 1.0000000000000004 -2.5
		endloop
	endfacet
	facet normal -2.5795833258631056e-16 1 2.5795833258631056e-16
		outer loop
			vertex -2.1213202476501465 1.0000000000000004 -2.1213202476501465
			vertex -1.7333210706710815 1.0000000000000007 -2.5940980911254883
			vertex -2.5 1.0000000000000004 -2.5
		endloop
	endfacet
	facet normal 5.32935234096544e-16 1 0
		outer loop
			vertex -1.6667107343673706 1.0000000000000004 -2.4944088459014893
			vertex -2.5 1.0000000000000009 -3.741565704345703
			vertex -2.5 1.0000000000000009 -3.741514205932617
		endloop
	endfacet
	facet normal -1.7520765595809015e-16 1 4.73146472972701e-16
		outer loop
			vertex -1.6667107343673706 1.0000000000000004 -2.4944088459014893
			vertex -1.1480515003204346 1.0000000000000007 -2.771641254425049
			vertex -2.5 1.0000000000000009 -3.741565704345703
		endloop
	endfacet
	facet normal -1.0774766179356715e-16 1 2.655117554783753e-16
		outer loop
			vertex -1.7333210706710815 1.0000000000000007 -2.5940980911254883
			vertex -2.5 1.0000000000000009 -3.741514205932617
			vertex -2.5 1.0000000000000007 -2.9052250385284424
		endloop
	endfacet
	facet normal 0 1 0
		outer loop
			vertex -1.7220754623413086 1.0000000000000009 -4.1574578285217285
			vertex -2.5 1.0000000000000009 -3.7416484355926514
			vertex -2.5 1.0000000000000009 -3.741565704345703
		endloop
	endfacet
	facet normal 7.012994377596142e-17 1 1.3117777643909935e-16
		outer loop
			vertex -1.1480515003204346 1.0000000000000007 -2.771641254425049
			vertex -1.7220754623413086 1.0000000000000009 -4.1574578285217285
			vertex -2.5 1.0000000000000009 -3.741565704345703
		endloop
	endfacet
	facet normal -1.427160310390233e-16 1 0
		outer loop
			vertex 1.7220754623413086 0.9999999999999991 4.1574578285217285
			vertex 2.5 0.9999999999999992 3.7416484355926514
			vertex 2.5 0.9999999999999992 3.741565704345703
		endloop
	endfacet
	facet normal -4.6712071100403495e-17 1 1.7957501911491977e-16
		outer loop
			vertex 1.148050308227539 0.9999999999999993 2.7716386318206787
			vertex 1.7220754623413086 0.9999999999999991 4.1574578285217285
			vertex 2.5 0.9999999999999992 3.741565704345703
		endloop
	endfacet
	facet normal 2.66467617048272e-16 1 0
		outer loop
			vertex 1.6667107343673706 0.9999999999999994 2.4944088459014893
			vertex 2.5 0.9999999999999992 3.741565704345703
			vertex 2.5 0.9999999999999992 3.741514205932617
		endloop
	endfacet
	facet normal -8.760456105490616e-17 1 2.365737262918163e-16
		outer loop
			vertex 1.6667107343673706 0.9999999999999994 2.4944088459014893
			vertex 1.148050308227539 0.9999999999999993 2.7716386318206787
			vertex 2.5 0.9999999999999992 3.741565704345703
		endloop
	endfacet
	facet normal 7.526114034146682e-17 1 1.2776009923912064e-16
		outer loop
			vertex 1.6667107343673706 0.9999999999999994 2.4944088459014893
			vertex 2.5 0.9999999999999992 3.741514205932617
			vertex 2.5 0.9999999999999993 2.872523784637451
		endloop
	endfacet
	facet normal 1.321500184838986e-16 1 1.6103255009437785e-16
		outer loop
			vertex 2.1213202476501465 0.9999999999999996 2.1213202476501465
			vertex 2.5 0.9999999999999994 2.5
			vertex 2.5 0.9999999999999996 1.8105598688125613
		endloop
	endfacet
	facet normal 1.787111635733535e-17 1 2.980274201030282e-16
		outer loop
			vertex 1.7748600244522095 0.9999999999999994 2.543482780456543
			vertex 2.5 0.9999999999999993 2.872523784637451
			vertex 2.5 0.9999999999999994 2.5
		endloop
	endfacet
	facet normal 1.6586021118405022e-17 1 2.765965474598714e-16
		outer loop
			vertex 2.1213202476501465 0.9999999999999996 2.1213202476501465
			vertex 1.7748600244522095 0.9999999999999994 2.543482780456543
			vertex 2.5 0.9999999999999994 2.5
		endloop
	endfacet
	facet normal 0 1 0
		outer loop
			vertex 2.4944088459014893 0.9999999999999997 1.6667108535766604
			vertex 2.5 0.9999999999999997 1.6790326833724978
			vertex 2.5 0.9999999999999997 1.6704467535018923
		endloop
	endfacet
	facet normal -1.8602180377639e-15 1 8.441007953329314e-16
		outer loop
			vertex 2.4944088459014893 0.9999999999999997 1.6667108535766604
			vertex 2.5 0.9999999999999996 1.8105598688125613
			vertex 2.5 0.9999999999999997 1.6790325641632082
		endloop
	endfacet
	facet normal 6.137911150836062e-16 1 7.479404817429349e-16
		outer loop
			vertex 2.4944088459014893 0.9999999999999997 1.6667108535766604
			vertex 2.1213202476501465 0.9999999999999996 2.1213202476501465
			vertex 2.5 0.9999999999999996 1.8105598688125613
		endloop
	endfacet
	facet normal 0 1 0
		outer loop
			vertex 2.4944088459014893 0.9999999999999997 1.6667107343673708
			vertex 2.5 0.9999999999999997 1.659897565841675
			vertex 2.5 0.9999999999999997 1.6562504768371584
		endloop
	endfacet
	facet normal 0 1 0
		outer loop
			vertex 2.4944088459014893 0.9999999999999997 1.6667107343673708
			vertex 2.5 0.9999999999999997 1.6704466342926028
			vertex 2.5 0.9999999999999997 1.659897565841675
		endloop
	endfacet
	facet normal 0 1 0
		outer loop
			vertex 2.4944088459014893 1.0000000000000004 -1.6667107343673704
			vertex 2.5 1.0000000000000004 -1.656250476837158
			vertex 2.5 1.0000000000000004 -1.6704466342926023
		endloop
	endfacet
	facet normal 0 1 0
		outer loop
			vertex 2.4944088459014893 1.0000000000000004 -1.6667107343673704
			vertex 2.5 1.0000000000000004 -1.6704466342926023
			vertex 2.5 1.0000000000000004 -2.2098371982574463
		endloop
	endfacet
	facet normal 0 1 0
		outer loop
			vertex 2.1213202476501465 1.0000000000000004 -2.1213202476501465
			vertex 2.4944088459014893 1.0000000000000004 -1.6667107343673704
			vertex 2.5 1.0000000000000004 -2.2098371982574463
		endloop
	endfacet
	facet normal -5.32935234096544e-16 1 0
		outer loop
			vertex 1.6667107343673706 1.0000000000000004 -2.4944088459014893
			vertex 2.5 1.0000000000000009 -3.741514205932617
			vertex 2.5 1.0000000000000009 -3.741565704345703
		endloop
	endfacet
	facet normal 1.7520912210981231e-16 1 4.731474525836326e-16
		outer loop
			vertex 1.148050308227539 1.0000000000000007 -2.7716386318206787
			vertex 1.6667107343673706 1.0000000000000004 -2.4944088459014893
			vertex 2.5 1.0000000000000009 -3.741565704345703
		endloop
	endfacet
	facet normal 0 1 0
		outer loop
			vertex 1.7220754623413086 1.0000000000000009 -4.1574578285217285
			vertex 2.5 1.0000000000000009 -3.741565704345703
			vertex 2.5 1.0000000000000009 -3.7416484355926514
		endloop
	endfacet
	facet normal -7.012980871513802e-17 1 1.3117752380837496e-16
		outer loop
			vertex 1.7220754623413086 1.0000000000000009 -4.1574578285217285
			vertex 1.148050308227539 1.0000000000000007 -2.7716386318206787
			vertex 2.5 1.0000000000000009 -3.741565704345703
		endloop
	endfacet
	facet normal -5.32935234096544e-16 1 0
		outer loop
			vertex 1.6667107343673706 1.0000000000000004 -2.4944088459014893
			vertex 2.5 1.0000000000000009 -3.741330623626709
			vertex 2.5 1.0000000000000009 -3.741514205932617
		endloop
	endfacet
	facet normal -1.8875434171073847e-16 1 2.300082075590733e-16
		outer loop
			vertex 1.6667107343673706 1.0000000000000004 -2.4944088459014893
			vertex 2.121323585510254 1.0000000000000004 -2.1213345527648926
			vertex 2.5 1.0000000000000009 -3.741330623626709
		endloop
	endfacet
	facet normal 3.5775256116102105e-16 1 3.5775256116102105e-16
		outer loop
			vertex 2.1213202476501465 1.0000000000000004 -2.1213202476501465
			vertex 2.5 1.0000000000000004 -2.5
			vertex 2.5 1.0000000000000009 -3.741330623626709
		endloop
	endfacet
	facet normal 0 1 0
		outer loop
			vertex 2.1213202476501465 1.0000000000000004 -2.1213202476501465
			vertex 2.5 1.0000000000000004 -2.2098371982574463
			vertex 2.5 1.0000000000000004 -2.5
		endloop
	endfacet
	facet normal 0.4713967938065343 0 -0.8819212338916214
		outer loop
			vertex 1.7220754623413086 1.0000000000000009 -4.1574578285217285
			vertex 2.5 1.0000000000000009 -3.7416484355926514
			vertex 2.5 0.00008488784806187458 -3.7416484355926514
		endloop
	endfacet
	facet normal 0 1 0
		outer loop
			vertex -2.494147539138794 1.0000000000000004 -1.6670291423797605
			vertex -2.1524109840393066 1.0000000000000004 -2.0834360122680664
			vertex -2.491299867630005 1.0000000000000004 -1.6704992055892942
		endloop
	endfacet
	facet normal 0 1 0
		outer loop
			vertex -2.1213295459747314 1.0000000000000004 -2.1213295459747314
			vertex -2.491299867630005 1.0000000000000004 -1.6704992055892942
			vertex -2.1524109840393066 1.0000000000000004 -2.0834360122680664
		endloop
	endfacet
	facet normal 0 1 0
		outer loop
			vertex -2.1213202476501465 1.0000000000000004 -2.1213202476501465
			vertex -2.1213295459747314 1.0000000000000004 -2.1213295459747314
			vertex -2.1524109840393066 1.0000000000000004 -2.0834360122680664
		endloop
	endfacet
	facet normal 0 -1 0
		outer loop
			vertex -2.1213202476501465 1.0000000000000004 -2.1213202476501465
			vertex -2.121001958847046 1.0000000000000004 -2.121581554412842
			vertex -1.7045948505401611 1.0000000000000004 -2.463318109512329
		endloop
	endfacet
	facet normal 0 -1 0
		outer loop
			vertex 2.6992684803772487e-16 1.0000000000000007 -3
			vertex 0.00040985512896440923 1.0000000000000007 -2.999959707260132
			vertex 0.5364983677864075 1.0000000000000007 -2.9471595287323
		endloop
	endfacet
	facet normal 0 -1 0
		outer loop
			vertex 2.6992684803772487e-16 1.0000000000000007 -3
			vertex 0.5364983677864075 1.0000000000000007 -2.9471595287323
			vertex 0.5402501225471497 1.0000000000000007 -2.9467899799346924
		endloop
	endfacet
	facet normal 0 1 0
		outer loop
			vertex 0.6086614727973938 1.0000000000000007 -3.0599477291107178
			vertex 2.6992684803772487e-16 1.0000000000000007 -3
			vertex 0.5402501225471497 1.0000000000000007 -2.9467899799346924
		endloop
	endfacet
	facet normal 0 1 0
		outer loop
			vertex 0.6086614727973938 1.0000000000000007 -3.0599477291107178
			vertex 0.5402501225471497 1.0000000000000007 -2.9467899799346924
			vertex 0.5852710008621216 1.0000000000000007 -2.9423558712005615
		endloop
	endfacet
	facet normal 1.45796094341953e-17 1 1.4802973661668756e-16
		outer loop
			vertex 5.510910704284357e-16 1.0000000000000009 -4.5
			vertex 2.6992684803772487e-16 1.0000000000000007 -3
			vertex 0.6086614727973938 1.0000000000000007 -3.0599477291107178
		endloop
	endfacet
	facet normal -1.5846268838074272e-17 1 1.6088972805916323e-16
		outer loop
			vertex 0.8779064416885376 1.0000000000000009 -4.413533687591553
			vertex 5.510910704284357e-16 1.0000000000000009 -4.5
			vertex 0.6086614727973938 1.0000000000000007 -3.0599477291107178
		endloop
	endfacet
	facet normal 0 -1 0
		outer loop
			vertex 0.5899608135223389 1.0000000000000007 -2.9409332275390625
			vertex 0.5856650471687317 1.0000000000000007 -2.9422364234924316
			vertex 1.1011520624160767 1.0000000000000007 -2.785865068435669
		endloop
	endfacet
	facet normal 0 1 0
		outer loop
			vertex 1.6667107343673706 1.0000000000000004 -2.4944088459014893
			vertex 1.6670291423797607 1.0000000000000004 -2.494147539138794
			vertex 2.121323585510254 1.0000000000000004 -2.1213345527648926
		endloop
	endfacet
	facet normal 0 1 0
		outer loop
			vertex 2.1213202476501465 1.0000000000000004 -2.1213202476501465
			vertex 2.121323585510254 1.0000000000000004 -2.1213345527648926
			vertex 1.6670291423797607 1.0000000000000004 -2.494147539138794
		endloop
	endfacet
	facet normal 0 1 0
		outer loop
			vertex -0.5852710008621216 1.0000000000000007 -2.9423558712005615
			vertex -0.6086614727973938 1.0000000000000007 -3.059947967529297
			vertex -0.632169246673584 1.0000000000000007 -2.9281294345855713
		endloop
	endfacet
	facet normal 0 1 0
		outer loop
			vertex -0.6086614727973938 1.0000000000000007 -3.059947967529297
			vertex -1.148050308227539 1.0000000000000007 -2.7716386318206787
			vertex -0.632169246673584 1.0000000000000007 -2.9281294345855713
		endloop
	endfacet
	facet normal 7.011837735072536e-17 1 1.3118225883494578e-16
		outer loop
			vertex -0.6086614727973938 1.0000000000000007 -3.059947967529297
			vertex -1.7220754623413086 1.0000000000000009 -4.1574578285217285
			vertex -1.148050308227539 1.0000000000000007 -2.7716386318206787
		endloop
	endfacet
	facet normal 4.692980893297305e-17 1 1.5470685518843553e-16
		outer loop
			vertex -0.8779064416885376 1.0000000000000009 -4.413533687591553
			vertex -1.7220754623413086 1.0000000000000009 -4.1574578285217285
			vertex -0.6086614727973938 1.0000000000000007 -3.059947967529297
		endloop
	endfacet
	facet normal -6.703835627429895e-12 1 -5.501433421555029e-12
		outer loop
			vertex 2.491299867630005 0.9999999999999997 1.6704992055892947
			vertex 2.494147539138794 0.9999999999999997 1.667029142379761
			vertex 2.1524109840393066 0.9999999999999996 2.0834360122680664
		endloop
	endfacet
	facet normal -2.354322344784102e-10 1 -2.8687458573382094e-10
		outer loop
			vertex 1.7045948505401611 0.9999999999999994 2.463318109512329
			vertex 1.6667107343673706 0.9999999999999994 2.4944088459014893
			vertex 2.121002197265625 0.9999999999999996 2.1215813159942627
		endloop
	endfacet
	facet normal -8.701285178975384e-17 1 1.9175919425743464e-16
		outer loop
			vertex 1.6667107343673706 0.9999999999999994 2.4944088459014893
			vertex 1.7748600244522095 0.9999999999999994 2.543482780456543
			vertex 2.121002197265625 0.9999999999999996 2.1215813159942627
		endloop
	endfacet
	facet normal 6.614551544981132e-16 1 8.058275580826329e-16
		outer loop
			vertex 1.7748600244522095 0.9999999999999994 2.543482780456543
			vertex 2.1213202476501465 0.9999999999999996 2.1213202476501465
			vertex 2.121002197265625 0.9999999999999996 2.1215813159942627
		endloop
	endfacet
	facet normal 0 1 0
		outer loop
			vertex 0.5803936719894409 0.9999999999999993 2.942836284637451
			vertex 0.5848610997200012 0.9999999999999993 2.9423961639404297
			vertex 0.048772577196359634 0.9999999999999993 2.9951963424682617
		endloop
	endfacet
	facet normal 0 -1 0
		outer loop
			vertex -2.589958292276151e-8 0.9999999999999993 3
			vertex -0.0004098550998605788 0.9999999999999993 2.999959707260132
			vertex -0.004877298139035702 0.9999999999999993 2.9995195865631104
		endloop
	endfacet
	facet normal 0 1 0
		outer loop
			vertex -0.06265825033187866 0.9999999999999993 3.1008872985839844
			vertex -2.589958292276151e-8 0.9999999999999993 3
			vertex -0.004877298139035702 0.9999999999999993 2.9995195865631104
		endloop
	endfacet
	facet normal 0 1 0
		outer loop
			vertex -0.06265825033187866 0.9999999999999993 3.1008872985839844
			vertex -0.004877298139035702 0.9999999999999993 2.9995195865631104
			vertex -0.5364983677864075 0.9999999999999993 2.9471595287323
		endloop
	endfacet
	facet normal 0 1 0
		outer loop
			vertex -0.5852709412574768 0.9999999999999993 2.9423558712005615
			vertex -0.06265825033187866 0.9999999999999993 3.1008872985839844
			vertex -0.5364983677864075 0.9999999999999993 2.9471595287323
		endloop
	endfacet
	facet normal 0 1 0
		outer loop
			vertex -0.6086621284484863 0.9999999999999993 3.059951066970825
			vertex -1.1011520624160767 0.9999999999999993 2.785865068435669
			vertex -1.148050308227539 0.9999999999999993 2.7716386318206787
		endloop
	endfacet
	facet normal -7.011906429258815e-17 1 1.3118197429428593e-16
		outer loop
			vertex -1.7220754623413086 0.9999999999999991 4.1574578285217285
			vertex -0.6086621284484863 0.9999999999999993 3.059951066970825
			vertex -1.148050308227539 0.9999999999999993 2.7716386318206787
		endloop
	endfacet
	facet normal 5.3637745421577184e-17 1 2.5673243732840134e-16
		outer loop
			vertex -1.7220754623413086 0.9999999999999991 4.1574578285217285
			vertex -0.8779064416885376 0.999999999999999 4.413533687591553
			vertex -0.6086621284484863 0.9999999999999993 3.059951066970825
		endloop
	endfacet
	facet normal 0 1 0
		outer loop
			vertex -0.6086621284484863 0.9999999999999993 3.059951066970825
			vertex -0.5852710008621216 0.9999999999999993 2.9423558712005615
			vertex -1.1011520624160767 0.9999999999999993 2.785865068435669
		endloop
	endfacet
	facet normal 5.801509392097633e-13 -1 -1.085823041629084e-12
		outer loop
			vertex -1.148050308227539 0.9999999999999993 2.7716386318206787
			vertex -1.1484135389328003 0.9999999999999993 2.77144455909729
			vertex -1.6234890222549438 0.9999999999999994 2.5175113677978516
		endloop
	endfacet
	facet normal -5.501433421617305e-12 1 6.703835627505782e-12
		outer loop
			vertex -1.6704992055892944 0.9999999999999994 2.491299867630005
			vertex -1.6670291423797607 0.9999999999999994 2.494147539138794
			vertex -2.0834360122680664 0.9999999999999996 2.1524109840393066
		endloop
	endfacet
	facet normal 9.043571508368371e-13 -1 -7.424535110990064e-13
		outer loop
			vertex -2.1213202476501465 0.9999999999999996 2.1213202476501465
			vertex -2.121581554412842 0.9999999999999996 2.121001958847046
			vertex -2.463318109512329 0.9999999999999997 1.7045948505401614
		endloop
	endfacet
	facet normal -6.476748098179094e-17 1 2.1351167992037126e-16
		outer loop
			vertex -0.5852710008621216 0.9999999999999993 2.9423558712005615
			vertex -0.8779064416885376 0.999999999999999 4.413533687591553
			vertex -0.06265825033187866 0.9999999999999993 3.1008872985839844
		endloop
	endfacet
	facet normal -7.365749066209152e-17 1 1.9073617827145207e-16
		outer loop
			vertex 0.8779064416885376 0.999999999999999 4.413533687591553
			vertex 1.7220754623413086 0.9999999999999991 4.1574578285217285
			vertex 1.148050308227539 0.9999999999999993 2.7716386318206787
		endloop
	endfacet
	facet normal 6.47680280981767e-17 1 2.1351157109216373e-16
		outer loop
			vertex 0.5852710008621216 0.9999999999999993 2.9423558712005615
			vertex 0.8779064416885376 0.999999999999999 4.413533687591553
			vertex 1.148050308227539 0.9999999999999993 2.7716386318206787
		endloop
	endfacet
	facet normal 2.18694738915421e-17 1 2.2204462344056735e-16
		outer loop
			vertex 0.8779064416885376 0.999999999999999 4.413533687591553
			vertex 0.5852710008621216 0.9999999999999993 2.9423558712005615
			vertex 0 0.9999999999999993 3
		endloop
	endfacet
	facet normal 2.1869503703755182e-17 1 2.220446049250313e-16
		outer loop
			vertex 0 0.999999999999999 4.5
			vertex 0.8779064416885376 0.999999999999999 4.413533687591553
			vertex 0 0.9999999999999993 3
		endloop
	endfacet
	facet normal -2.186950374094632e-17 1 2.2204460530263866e-16
		outer loop
			vertex -0.8779064416885376 0.999999999999999 4.413533687591553
			vertex -1.1021821408568715e-15 0.999999999999999 4.5
			vertex -2.589958292276151e-8 0.9999999999999993 3
		endloop
	endfacet
	facet normal 8.695230869404223e-17 1 1.9162463401163203e-16
		outer loop
			vertex -1.6667108535766602 0.9999999999999994 2.4944088459014893
			vertex -2.1213202476501465 0.9999999999999996 2.1213202476501465
			vertex -1.774871587753296 0.9999999999999994 2.5434882640838623
		endloop
	endfacet
	facet normal 1.1805729187971647e-15 1 1.4385317230238926e-15
		outer loop
			vertex -1.7333210706710815 1.0000000000000007 -2.5940980911254883
			vertex -2.1213202476501465 1.0000000000000004 -2.1213202476501465
			vertex -1.7016806602478027 1.0000000000000004 -2.465709686279297
		endloop
	endfacet
	facet normal 1.1805753942338362e-15 1 1.4385311129701082e-15
		outer loop
			vertex -1.7333210706710815 1.0000000000000007 -2.5940980911254883
			vertex -1.7016806602478027 1.0000000000000004 -2.465709686279297
			vertex -1.6667107343673706 1.0000000000000004 -2.4944088459014893
		endloop
	endfacet
	facet normal 1.5846271494522162e-17 1 1.6088975503050812e-16
		outer loop
			vertex 5.510910704284357e-16 1.0000000000000009 -4.5
			vertex -0.8779064416885376 1.0000000000000009 -4.413533687591553
			vertex 4.0705732644279863e-16 1.0000000000000007 -3.1198959350585938
		endloop
	endfacet
	facet normal 4.3178695429354435e-17 1 1.4234104539957155e-16
		outer loop
			vertex -0.8779064416885376 1.0000000000000009 -4.413533687591553
			vertex -0.5852710008621216 1.0000000000000007 -2.9423558712005615
			vertex 4.0705732644279863e-16 1.0000000000000007 -3.1198959350585938
		endloop
	endfacet
	facet normal -4.317872679058312e-17 1 1.4234119389559973e-16
		outer loop
			vertex 1.7220754623413086 1.0000000000000009 -4.1574578285217285
			vertex 0.8779064416885376 1.0000000000000009 -4.413533687591553
			vertex 1.1480509042739868 1.0000000000000007 -2.7716400623321533
		endloop
	endfacet
	facet normal -4.317830104712694e-17 1 1.4234112384706833e-16
		outer loop
			vertex 1.1480509042739868 1.0000000000000007 -2.7716400623321533
			vertex 0.8779064416885376 1.0000000000000009 -4.413533687591553
			vertex 0.5852710008621216 1.0000000000000007 -2.9423558712005615
		endloop
	endfacet
	facet normal 0 -1 0
		outer loop
			vertex 2.4944088459014893 1.0000000000000004 -1.6667107343673704
			vertex 2.1213202476501465 1.0000000000000004 -2.1213202476501465
			vertex 2.1215813159942627 1.0000000000000004 -2.121002197265625
		endloop
	endfacet
	facet normal -4.386743877852675e-16 1 8.207003489603493e-16
		outer loop
			vertex -1.1939270496368408 0.9999999999999993 2.882395029067993
			vertex -1.6239850521087646 0.9999999999999994 2.5172462463378906
			vertex -1.6667107343673706 0.9999999999999994 2.4944088459014893
		endloop
	endfacet
	facet normal 1.9098725741370507e-16 1 7.910940802160076e-17
		outer loop
			vertex -1.1939270496368408 0.9999999999999993 2.882395029067993
			vertex -1.148050308227539 0.9999999999999993 2.7716386318206787
			vertex -1.6239850521087646 0.9999999999999994 2.5172462463378906
		endloop
	endfacet
	facet normal 0 1 0
		outer loop
			vertex -1.6667108535766602 0.9999999999999994 2.4944088459014893
			vertex -1.6667107343673706 0.9999999999999994 2.4944088459014893
			vertex -1.6704992055892944 0.9999999999999994 2.491299867630005
		endloop
	endfacet
	facet normal -3.475835523461945e-16 1 1.5799252379372475e-16
		outer loop
			vertex -1.1480515003204346 1.0000000000000007 -2.771641254425049
			vertex -1.662003993988037 1.0000000000000004 -2.496924638748169
			vertex -1.148050308227539 1.0000000000000007 -2.7716386318206787
		endloop
	endfacet
	facet normal -1.2285454556099754e-11 1 -2.29835873488578e-11
		outer loop
			vertex -1.662003993988037 1.0000000000000004 -2.496924638748169
			vertex -1.665956735610962 1.0000000000000004 -2.494811773300171
			vertex -1.1912720203399658 1.0000000000000007 -2.7485361099243164
		endloop
	endfacet
	facet normal 0 1 0
		outer loop
			vertex 4.0705732644279863e-16 1.0000000000000007 -3.1198959350585938
			vertex -0.2983619272708893 1.0000000000000007 -3.029388666152954
			vertex 3.6739405577555036e-16 1.0000000000000007 -3
		endloop
	endfacet
	facet normal 0 1 0
		outer loop
			vertex -0.5852707028388977 1.0000000000000007 -2.9423558712005615
			vertex 3.6739405577555036e-16 1.0000000000000007 -3
			vertex -0.2983619272708893 1.0000000000000007 -3.029388666152954
		endloop
	endfacet
	facet normal 0 -1 0
		outer loop
			vertex -0.5852707028388977 1.0000000000000007 -2.9423558712005615
			vertex -0.5852709412574768 1.0000000000000007 -2.9423558712005615
			vertex -0.5803936719894409 1.0000000000000007 -2.942836284637451
		endloop
	endfacet
	facet normal 0 1 0
		outer loop
			vertex -0.5803936719894409 1.0000000000000007 -2.942836284637451
			vertex -0.5842627882957458 1.0000000000000007 -2.9424550533294678
			vertex -0.048772577196359634 1.0000000000000007 -2.9951963424682617
		endloop
	endfacet
	facet normal 0 1 0
		outer loop
			vertex 2.4944088459014893 0.9999999999999997 1.6667108535766604
			vertex 2.4944088459014893 0.9999999999999997 1.6667107343673708
			vertex 2.491299867630005 0.9999999999999997 1.6704992055892947
		endloop
	endfacet
	facet normal 0 1 0
		outer loop
			vertex 1.1480509042739868 1.0000000000000007 -2.7716400623321533
			vertex 0.5899608135223389 1.0000000000000007 -2.9409332275390625
			vertex 1.148050308227539 1.0000000000000007 -2.7716386318206787
		endloop
	endfacet
	facet normal 0 -1 0
		outer loop
			vertex 2.1213202476501465 1.0000000000000004 -2.1213202476501465
			vertex 2.0834360122680664 1.0000000000000004 -2.1524109840393066
			vertex 2.086350202560425 1.0000000000000004 -2.150019407272339
		endloop
	endfacet
	facet normal 0.8809633501974521 -0.04659859418767643 -0.47088443022530896
		outer loop
			vertex -1.6239640712738037 -2.4094018944260064e-16 1.085098147392273
			vertex -1.8030081987380981 -1.6656230575353933e-16 0.7501299381256104
			vertex -1.6530070304870605 3 0.7338833808898932
		endloop
	endfacet
	facet normal 0.8809634264796973 -0.04659858467201837 -0.4708842884528172
		outer loop
			vertex -1.5070387125015259 2.9999999999999996 1.0069711208343513
			vertex -1.6239640712738037 -2.4094018944260064e-16 1.085098147392273
			vertex -1.6516742706298828 2.862335443496704 0.7500000000000007
		endloop
	endfacet
	facet normal 0.8809597802409261 -0.04659857501948554 -0.4708911109842835
		outer loop
			vertex -1.8030081987380981 4.995715090215546e-16 0.7501299381256104
			vertex -1.6745315790176392 3 0.6936137080192573
			vertex -1.6733543872833252 3 0.6958160400390632
		endloop
	endfacet
	facet normal 0.8809517506707559 -0.04659851425197348 -0.4709061386939431
		outer loop
			vertex -1.8030081987380981 4.995715090215546e-16 0.7501299381256104
			vertex -1.8044521808624268 -1.4640802895286113e-15 0.7474285960197449
			vertex -1.6745315790176392 3 0.6936137080192573
		endloop
	endfacet
	facet normal 0.8810638511636365 -0.04659954510978269 -0.4706962636013408
		outer loop
			vertex -1.8030081987380981 4.995715090215546e-16 0.7501299381256104
			vertex -1.6733543872833252 3 0.6958160400390632
			vertex -1.6732274293899536 3 0.6960536837577826
		endloop
	endfacet
	facet normal 0.8809582822501834 -0.046598540953762105 -0.4708939168388001
		outer loop
			vertex -1.8030081987380981 4.995715090215546e-16 0.7501299381256104
			vertex -1.6732274293899536 3 0.6960536837577826
			vertex -1.6687558889389038 3 0.704419136047364
		endloop
	endfacet
	facet normal 0.8809645763198249 -0.046598643045309175 -0.47088213146812796
		outer loop
			vertex -1.8030081987380981 -1.6656230575353933e-16 0.7501299381256104
			vertex -1.6687558889389038 3 0.704419136047364
			vertex -1.6530070304870605 3 0.7338833808898932
		endloop
	endfacet
	facet normal 0.9559008024937276 -0.046598625218627863 -0.2899693499657884
		outer loop
			vertex -1.8044521808624268 -2.7698478977539073e-16 0.7474285960197449
			vertex -1.7644184827804565 3 0.39729630947113104
			vertex -1.6745315790176392 3 0.6936137080192573
		endloop
	endfacet
	facet normal 0.95590081279698 -0.046598621462456885 -0.28996931660413994
		outer loop
			vertex -1.8044521808624268 -2.7698478977539073e-16 0.7474285960197449
			vertex -1.914707064628601 -1.9628008613104203e-16 0.38396692276000977
			vertex -1.7644184827804565 3 0.39729630947113104
		endloop
	endfacet
	facet normal 0.9559008219366896 -0.046598622054614014 -0.28996928637939
		outer loop
			vertex -1.914707064628601 -1.9628008613104203e-16 0.38396692276000977
			vertex -1.7741166353225708 3 0.3653257787227637
			vertex -1.7644184827804565 3 0.39729630947113104
		endloop
	endfacet
	facet normal 0.9941036666491877 -0.04659859390107141 -0.09791052548671221
		outer loop
			vertex -1.9155962467193604 1.3743766681479635e-16 0.38103577494621277
			vertex -1.9528247117996216 -6.768555288701174e-19 0.003048286307603121
			vertex -1.8080244064331055 3 0.04544140771031446
		endloop
	endfacet
	facet normal 0.994103667676466 -0.04659859282825698 -0.09791051556714897
		outer loop
			vertex -1.9155962467193604 1.3743766681479635e-16 0.38103577494621277
			vertex -1.8080244064331055 3 0.04544140771031446
			vertex -1.777673363685608 3 0.35360118746757574
		endloop
	endfacet
	facet normal 0.994103621166294 -0.0465985851210648 -0.09791099146049054
		outer loop
			vertex -1.9528247117996216 -6.768555288701174e-19 0.003048286307603121
			vertex -1.8112990856170654 3 0.012193144299090575
			vertex -1.8080244064331055 3 0.04544140771031446
		endloop
	endfacet
	facet normal 0.7721978285126421 -0.04659879353415156 -0.6336711024510443
		outer loop
			vertex -1.6220208406448364 -8.457116314431208e-15 1.0874658823013306
			vertex -1.1213213205337524 12.886201858520508 0.7500000000000029
			vertex -1.1192543506622314 12.920454025268555 0.7500000000000029
		endloop
	endfacet
	facet normal 0.7721276741592382 -0.046598307183194056 -0.6337566193461857
		outer loop
			vertex -1.6220208406448364 -8.457116314431208e-15 1.0874658823013306
			vertex -1.122454285621643 12.86742877960205 0.7500000000000029
			vertex -1.1213213205337524 12.886201858520508 0.7500000000000029
		endloop
	endfacet
	facet normal 0.7721578083075873 -0.04659851380865412 -0.6337198888944927
		outer loop
			vertex -1.6220208406448364 -8.457116314431208e-15 1.0874658823013306
			vertex -1.6239640712738037 -7.346367547043602e-15 1.085098147392273
			vertex -1.122454285621643 12.86742877960205 0.7500000000000029
		endloop
	endfacet
	facet normal 0.7721706732208705 -0.046598604267608014 -0.6337042066279334
		outer loop
			vertex -1.3810678720474243 -3.06658670023424e-16 1.3810678720474243
			vertex -1.6220208406448364 -2.4146593220504954e-16 1.0874658823013306
			vertex -1.0387572050094604 14.254345893859863 0.7500000000000032
		endloop
	endfacet
	facet normal 0.7721701170497784 -0.04659859756587021 -0.6337048848164466
		outer loop
			vertex -1.6220208406448364 -8.457116314431208e-15 1.0874658823013306
			vertex -1.1192543506622314 12.920454025268555 0.7500000000000029
			vertex -1.0387572050094604 14.254345893859863 0.7500000000000032
		endloop
	endfacet
	facet normal 0.7721706390268414 -0.046598605287750255 -0.6337042482184541
		outer loop
			vertex -1.3810678720474243 -3.06658670023424e-16 1.3810678720474243
			vertex -1.0387572050094604 14.254345893859863 0.7500000000000032
			vertex -0.9868857860565186 15.113890647888184 0.7500000000000033
		endloop
	endfacet
	facet normal 0.6337042063880132 -0.04659861237466657 -0.772170672928527
		outer loop
			vertex -1.3787001371383667 -3.070901539007113e-16 1.3830111026763916
			vertex -0.8019827604293823 16.23943519592285 0.8763006925582921
			vertex -1.085098147392273 -5.826370655434684e-16 1.6239640712738037
		endloop
	endfacet
	facet normal 0.6337041156085216 -0.04659861147707819 -0.7721707474835018
		outer loop
			vertex -1.3787001371383667 -3.7487815302386966e-15 1.3830111026763916
			vertex -0.8416741490364075 16.23943519592285 0.8437268137931859
			vertex -0.8019827604293823 16.23943519592285 0.8763006925582921
		endloop
	endfacet
	facet normal 0.6337207576649168 -0.04659870574065383 -0.7721570837128284
		outer loop
			vertex -0.842801570892334 16.23943519592285 0.8428015708923375
			vertex -0.8416742086410522 16.23943519592285 0.8437268137931859
			vertex -1.3787001371383667 -3.7487815302386966e-15 1.3830111026763916
		endloop
	endfacet
	facet normal 0.6337198833613586 -0.04659870076838105 -0.7721578015659526
		outer loop
			vertex -1.3810678720474243 3.246055008777077e-15 1.3810678720474243
			vertex -0.842801570892334 16.23943519592285 0.8428015708923375
			vertex -1.3787001371383667 -3.7487815302386966e-15 1.3830111026763916
		endloop
	endfacet
	facet normal 0.6337041770432159 -0.046598612970185235 -0.7721706969752448
		outer loop
			vertex -1.085098147392273 -5.826370655434684e-16 1.6239640712738037
			vertex -0.8019827604293823 16.23943519592285 0.8763006925582921
			vertex -0.6621849536895752 16.23943519592285 0.9910297989845311
		endloop
	endfacet
	facet normal 0.994103620408518 -0.04659860720665053 0.0979109886431424
		outer loop
			vertex -1.953125 -1.1466008172285108e-31 5.163831013213027e-16
			vertex -1.80922532081604 3 -0.0332482643425458
			vertex -1.8125 3 3.891393026496555e-14
		endloop
	endfacet
	facet normal 0.9941036357227518 -0.046598609677485595 0.09791083197957104
		outer loop
			vertex -1.953125 -1.1466008172285108e-31 5.163831013213027e-16
			vertex -1.9158964157104492 8.393008599348487e-17 -0.37798750400543213
			vertex -1.80922532081604 3 -0.0332482643425458
		endloop
	endfacet
	facet normal 0.9941036300219246 -0.04659861579171556 0.09791088695098481
		outer loop
			vertex -1.9158964157104492 8.393008599348487e-17 -0.37798750400543213
			vertex -1.778874158859253 3 -0.34140807390212946
			vertex -1.80922532081604 3 -0.0332482643425458
		endloop
	endfacet
	facet normal 0.9941093631811269 -0.04659836635318252 0.09785277864643996
		outer loop
			vertex -1.9158964157104492 -4.467984314969657e-15 -0.37798750400543213
			vertex -1.777673363685608 3 -0.3536011874675744
			vertex -1.7779179811477661 3 -0.35111606121063166
		endloop
	endfacet
	facet normal 0.9940834034258051 -0.04659952652970676 0.09811560100501446
		outer loop
			vertex -1.9158964157104492 -4.467984314969657e-15 -0.37798750400543213
			vertex -1.7779179811477661 3 -0.35111606121063166
			vertex -1.7779444456100464 3 -0.35084792971610956
		endloop
	endfacet
	facet normal 0.9941039757717958 -0.0465985889351944 0.0979073892204141
		outer loop
			vertex -1.9158964157104492 -4.467984314969657e-15 -0.37798750400543213
			vertex -1.7779444456100464 3 -0.35084792971610956
			vertex -1.778874158859253 3 -0.34140807390212946
		endloop
	endfacet
	facet normal 0.9559008981750108 -0.046598596247648526 0.28996903920238876
		outer loop
			vertex -1.9155962467193604 3.0665154303526626e-16 -0.38103577494621277
			vertex -1.7679752111434937 3 -0.3855717480182641
			vertex -1.777673363685608 3 -0.3536011874675744
		endloop
	endfacet
	facet normal 0.9941055494839249 -0.04659850498335238 0.09789144915966974
		outer loop
			vertex -1.9158964157104492 -4.467984314969657e-15 -0.37798750400543213
			vertex -1.9155962467193604 -2.1699893619910034e-15 -0.38103577494621277
			vertex -1.777673363685608 3 -0.3536011874675744
		endloop
	endfacet
	facet normal 0.9559007957071348 -0.04659859576793995 0.2899693770709637
		outer loop
			vertex -1.805341362953186 5.42893326746231e-17 -0.7444974184036255
			vertex -1.6780883073806763 3 -0.6818891167640679
			vertex -1.7679752111434937 3 -0.3855717480182641
		endloop
	endfacet
	facet normal 0.9559008075372106 -0.0465985913346672 0.28996933878486775
		outer loop
			vertex -1.9155962467193604 3.0665154303526626e-16 -0.38103577494621277
			vertex -1.805341362953186 5.42893326746231e-17 -0.7444974184036255
			vertex -1.7679752111434937 3 -0.3855717480182641
		endloop
	endfacet
	facet normal 0.9558990758836595 -0.04659865246736706 0.2899750373963099
		outer loop
			vertex -1.805341362953186 4.162114523787702e-15 -0.7444974184036255
			vertex -1.8044521808624268 -3.386751191487626e-15 -0.7474285960197449
			vertex -1.6745315790176392 3 -0.6936137080192559
		endloop
	endfacet
	facet normal 0.8809645764841706 -0.046598639050625994 0.47088213155597197
		outer loop
			vertex -1.8044521808624268 5.4940184850359424e-17 -0.7474285960197449
			vertex -1.658782720565796 3 -0.7230779528617852
			vertex -1.6745315790176392 3 -0.6936137080192559
		endloop
	endfacet
	facet normal 0.880963185085263 -0.046598592655770286 0.47088473928014557
		outer loop
			vertex -1.8044521808624268 5.4940184850359424e-17 -0.7474285960197449
			vertex -1.6254079341888428 1.2931805530453093e-16 -1.0823967456817627
			vertex -1.658782720565796 3 -0.7230779528617852
		endloop
	endfacet
	facet normal 0.8809632318939973 -0.046598591297796074 0.4708846518415572
		outer loop
			vertex -1.6254079341888428 1.2931805530453093e-16 -1.0823967456817627
			vertex -1.5128142833709717 3 -0.9961656332015985
			vertex -1.6562820672988892 2.775224447250366 -0.7499999999999993
		endloop
	endfacet
	facet normal 0.7721703556236482 -0.04659860451658549 0.6337045936026939
		outer loop
			vertex -1.6239640712738037 1.889558451756933e-17 -1.085098147392273
			vertex -0.8763006925582886 16.23943519592285 -0.8019827604293788
			vertex -1.122454285621643 12.86742877960205 -0.7499999999999971
		endloop
	endfacet
	facet normal 0.7721706729285268 -0.04659861237466689 0.6337042063880132
		outer loop
			vertex -1.3830111026763916 3.061329272609751e-16 -1.3787001371383667
			vertex -0.8763006925582886 16.23943519592285 -0.8019827604293788
			vertex -1.6239640712738037 1.889558451756933e-17 -1.085098147392273
		endloop
	endfacet
	facet normal 0.7721578015659495 -0.046598700768379825 0.6337198833613624
		outer loop
			vertex -1.3810678720474243 3.859372348823925e-15 -1.3810678720474243
			vertex -0.842801570892334 16.23943519592285 -0.8428015708923304
			vertex -1.3830111026763916 -3.13555844907701e-15 -1.3787001371383667
		endloop
	endfacet
	facet normal 0.7721570837128284 -0.04659870574065413 0.6337207576649168
		outer loop
			vertex -0.842801570892334 16.23943519592285 -0.8428015708923304
			vertex -0.8437268137931824 16.23943519592285 -0.8416742086410487
			vertex -1.3830111026763916 -3.13555844907701e-15 -1.3787001371383667
		endloop
	endfacet
	facet normal 0.7721707474835018 -0.046598611477078486 0.6337041156085216
		outer loop
			vertex -1.3830111026763916 -3.13555844907701e-15 -1.3787001371383667
			vertex -0.8437268137931824 16.23943519592285 -0.8416741490364039
			vertex -0.8763006925582886 16.23943519592285 -0.8019827604293788
		endloop
	endfacet
	facet normal -0.8809631850852628 -0.04659859265577006 -0.4708847392801455
		outer loop
			vertex 1.8044521808624268 -2.7698478977539073e-16 0.7474285960197449
			vertex 1.6254079341888428 -3.5136266022956224e-16 1.0823967456817627
			vertex 1.658782720565796 3 0.7230779528617866
		endloop
	endfacet
	facet normal -0.8809632318939971 -0.046598591297795845 -0.47088465184155726
		outer loop
			vertex 1.6254079341888428 -3.5136266022956224e-16 1.0823967456817627
			vertex 1.5128142833709717 3 0.9961656332015998
			vertex 1.6562820672988892 2.775224447250366 0.7500000000000007
		endloop
	endfacet
	facet normal -0.8809645764841705 -0.04659863905062578 -0.47088213155597197
		outer loop
			vertex 1.8044521808624268 -2.7698478977539073e-16 0.7474285960197449
			vertex 1.658782720565796 3 0.7230779528617866
			vertex 1.6745315790176392 3 0.6936137080192573
		endloop
	endfacet
	facet normal -0.9558990758836595 -0.046598652467366934 -0.28997503739631
		outer loop
			vertex 1.805341362953186 3.831491253513425e-15 0.7444974184036255
			vertex 1.8044521808624268 -3.718676166113376e-15 0.7474285960197449
			vertex 1.6745315790176392 3 0.6936137080192573
		endloop
	endfacet
	facet normal -0.9559007957071349 -0.04659859576793981 -0.28996937707096376
		outer loop
			vertex 1.805341362953186 -2.763339375996544e-16 0.7444974184036255
			vertex 1.6780883073806763 3 0.6818891167640693
			vertex 1.7679752111434937 3 0.38557174801826544
		endloop
	endfacet
	facet normal -0.9559008075372106 -0.04659859133466706 -0.2899693387848678
		outer loop
			vertex 1.9155962467193604 1.3743766681479635e-16 0.38103577494621277
			vertex 1.805341362953186 -2.763339375996544e-16 0.7444974184036255
			vertex 1.7679752111434937 3 0.38557174801826544
		endloop
	endfacet
	facet normal -0.9559008981750108 -0.046598596247648394 -0.2899690392023887
		outer loop
			vertex 1.9155962467193604 1.3743766681479635e-16 0.38103577494621277
			vertex 1.7679752111434937 3 0.38557174801826544
			vertex 1.777673363685608 3 0.35360118746757574
		endloop
	endfacet
	facet normal -0.9941055494839333 -0.04659850498335198 -0.09789144915958689
		outer loop
			vertex 1.9158964157104492 -7.85549125836958e-15 0.37798750400543213
			vertex 1.9155962467193604 -8.460693811023496e-17 0.38103577494621277
			vertex 1.777673363685608 3 0.35360118746757574
		endloop
	endfacet
	facet normal -0.9940834034258053 -0.046599526529706656 -0.09811560100501447
		outer loop
			vertex 1.9158964157104492 -7.85549125836958e-15 0.37798750400543213
			vertex 1.7779179811477661 3 0.351116061210633
			vertex 1.7779444456100464 3 0.3508479297161109
		endloop
	endfacet
	facet normal -0.994109363181127 -0.04659836635318242 -0.09785277864643999
		outer loop
			vertex 1.9158964157104492 -7.85549125836958e-15 0.37798750400543213
			vertex 1.777673363685608 3 0.35360118746757574
			vertex 1.7779179811477661 3 0.351116061210633
		endloop
	endfacet
	facet normal -0.9941039757717958 -0.0465985889351943 -0.09790738922041409
		outer loop
			vertex 1.9158964157104492 -7.85549125836958e-15 0.37798750400543213
			vertex 1.7779444456100464 3 0.3508479297161109
			vertex 1.778874158859253 3 0.3414080739021308
		endloop
	endfacet
	facet normal -0.9941036300219246 -0.046598615791715516 -0.09791088695098481
		outer loop
			vertex 1.9158964157104492 -8.393008599348487e-17 0.37798750400543213
			vertex 1.778874158859253 3 0.3414080739021308
			vertex 1.80922532081604 3 0.03324826434254713
		endloop
	endfacet
	facet normal -0.9941036204085069 -0.04659860720664874 -0.09791098864325634
		outer loop
			vertex 1.953125 -2.2088126599126193e-31 9.947607872113707e-16
			vertex 1.80922532081604 3 0.03324826434254713
			vertex 1.8125 3 1.4765892853285526e-15
		endloop
	endfacet
	facet normal -0.9941036357227518 -0.0465986096774856 -0.09791083197957146
		outer loop
			vertex 1.953125 -2.2088126599126193e-31 9.947607872113707e-16
			vertex 1.9158964157104492 -8.393008599348487e-17 0.37798750400543213
			vertex 1.80922532081604 3 0.03324826434254713
		endloop
	endfacet
	facet normal -0.7721707474835018 -0.04659861147707822 -0.6337041156085216
		outer loop
			vertex 1.3830111026763916 -3.74782430359896e-15 1.3787001371383667
			vertex 0.8437268137931824 16.23943519592285 0.841674149036411
			vertex 0.8763006925582886 16.23943519592285 0.8019827604293859
		endloop
	endfacet
	facet normal -0.7721706729285269 -0.046598612374666594 -0.6337042063880131
		outer loop
			vertex 1.3830111026763916 -3.061329272609751e-16 1.3787001371383667
			vertex 0.8763006925582886 16.23943519592285 0.8019827604293859
			vertex 1.6239640712738037 -4.629847943676319e-16 1.085098147392273
		endloop
	endfacet
	facet normal -0.7721570837128284 -0.046598705740653855 -0.6337207576649168
		outer loop
			vertex 1.3830111026763916 -3.74782430359896e-15 1.3787001371383667
			vertex 0.842801570892334 16.23943519592285 0.8428015708923375
			vertex 0.8437268137931824 16.23943519592285 0.8416742086410558
		endloop
	endfacet
	facet normal -0.7721707487555318 -0.04659861425252759 -0.6337041138544592
		outer loop
			vertex 1.6239640712738037 -4.629847943676319e-16 1.085098147392273
			vertex 0.8763006925582886 16.23943519592285 0.8019827604293859
			vertex 1.122454285621643 12.867426872253418 0.7500000000000029
		endloop
	endfacet
	facet normal -0.9941264875427213 -0.046599645223158834 0.09767804170358645
		outer loop
			vertex 1.9528247117996216 -4.884304452821819e-15 -0.003048286307603121
			vertex 1.8122551441192627 3 -0.002485159784554769
			vertex 1.812228798866272 3 -0.0027532908134155765
		endloop
	endfacet
	facet normal -0.9941018046298771 -0.046598522092025446 0.09792946323993067
		outer loop
			vertex 1.9528247117996216 -4.884304452821819e-15 -0.003048286307603121
			vertex 1.953125 -3.552713678800501e-15 1.0380795344416125e-15
			vertex 1.8125 3 1.516170605558154e-15
		endloop
	endfacet
	facet normal -0.9941001854993347 -0.046598463085128265 0.09794592604234403
		outer loop
			vertex 1.9528247117996216 -4.884304452821819e-15 -0.003048286307603121
			vertex 1.8125 3 1.516170605558154e-15
			vertex 1.8122551441192627 3 -0.002485159784554769
		endloop
	endfacet
	facet normal -0.994103972317914 -0.04659861259479908 0.0979074130287587
		outer loop
			vertex 1.9528247117996216 -4.884304452821819e-15 -0.003048286307603121
			vertex 1.812228798866272 3 -0.0027532908134155765
			vertex 1.8112990856170654 3 -0.012193144299089242
		endloop
	endfacet
	facet normal -0.9941036684110861 -0.04659858881742433 0.0979105100172923
		outer loop
			vertex 1.9528247117996216 6.768555288701174e-19 -0.003048286307603121
			vertex 1.8112990856170654 3 -0.012193144299089242
			vertex 1.7809480428695679 3 -0.32035294175147944
		endloop
	endfacet
	facet normal -0.9941036669651515 -0.04659858709511907 0.09791052551783185
		outer loop
			vertex 1.9155962467193604 3.0665154303526626e-16 -0.38103577494621277
			vertex 1.9528247117996216 6.768555288701174e-19 -0.003048286307603121
			vertex 1.7809480428695679 3 -0.32035294175147944
		endloop
	endfacet
	facet normal -0.9941036156126405 -0.04659859525817012 0.0979110430229458
		outer loop
			vertex 1.9155962467193604 3.0665154303526626e-16 -0.38103577494621277
			vertex 1.7809480428695679 3 -0.32035294175147944
			vertex 1.777673363685608 3 -0.3536011874675744
		endloop
	endfacet
	facet normal -0.9558997558587665 -0.04659864173650465 0.28997279758188266
		outer loop
			vertex 1.8044521808624268 5.4940184850359424e-17 -0.7474285960197449
			vertex 1.684229850769043 3 -0.661643207073211
			vertex 1.6745315790176392 3 -0.6936137080192559
		endloop
	endfacet
	facet normal -0.9559009174492795 -0.046598624571683483 0.28996897111182995
		outer loop
			vertex 1.914707064628601 -2.5764518793989274e-17 -0.38396692276000977
			vertex 1.7741166353225708 3 -0.3653257787227624
			vertex 1.684229850769043 3 -0.661643207073211
		endloop
	endfacet
	facet normal -0.9559008144410459 -0.046598584633498544 0.28996931710286183
		outer loop
			vertex 1.8044521808624268 5.4940184850359424e-17 -0.7474285960197449
			vertex 1.914707064628601 -2.5764518793989274e-17 -0.38396692276000977
			vertex 1.684229850769043 3 -0.661643207073211
		endloop
	endfacet
	facet normal -0.8809582822501834 -0.04659854095376233 0.4708939168388001
		outer loop
			vertex 1.8030081987380981 8.326961205286333e-16 -0.7501299381256104
			vertex 1.6732274293899536 3 -0.6960536837577813
			vertex 1.6687558889389038 3 -0.7044191360473626
		endloop
	endfacet
	facet normal -0.8809517506707559 -0.046598514251973686 0.4709061386939431
		outer loop
			vertex 1.8030081987380981 8.326961205286333e-16 -0.7501299381256104
			vertex 1.8044521808624268 -1.1321553149028611e-15 -0.7474285960197449
			vertex 1.6745315790176392 3 -0.6936137080192559
		endloop
	endfacet
	facet normal -0.880959780240926 -0.04659857501948574 0.47089111098428343
		outer loop
			vertex 1.8030081987380981 8.326961205286333e-16 -0.7501299381256104
			vertex 1.6745315790176392 3 -0.6936137080192559
			vertex 1.6733543872833252 3 -0.6958160400390618
		endloop
	endfacet
	facet normal -0.8808549955274143 -0.04659288377243042 0.47108765642517936
		outer loop
			vertex 1.8030081987380981 1.6656230575353933e-16 -0.7501299381256104
			vertex 1.802626609802246 0.008527842350304293 -0.75
			vertex 1.644392490386963 3 -0.7499999999999993
		endloop
	endfacet
	facet normal -0.880963292269547 -0.04659860082964066 0.47088453794356083
		outer loop
			vertex 1.5227875709533691 3 -0.9775068759918206
			vertex 1.8030081987380981 1.6656230575353933e-16 -0.7501299381256104
			vertex 1.644392490386963 3 -0.7499999999999993
		endloop
	endfacet
	facet normal -0.8809633493675089 -0.04659861436082082 0.4708844297816953
		outer loop
			vertex 1.6239640712738037 2.4094018944260064e-16 -1.085098147392273
			vertex 1.8030081987380981 1.6656230575353933e-16 -0.7501299381256104
			vertex 1.5227875709533691 3 -0.9775068759918206
		endloop
	endfacet
	facet normal -0.8809631151240008 -0.04659860803754525 0.4708848686462326
		outer loop
			vertex 1.6239640712738037 2.4094018944260064e-16 -1.085098147392273
			vertex 1.3088452816009521 9.34364128112793 -0.7499999999999979
			vertex 1.122454285621643 12.86742877960205 -0.7499999999999971
		endloop
	endfacet
	facet normal -0.7721276741592437 -0.04659830718319439 0.6337566193461791
		outer loop
			vertex 1.6220208406448364 -7.974184450021109e-15 -1.0874658823013306
			vertex 1.122454285621643 12.86742877960205 -0.7499999999999971
			vertex 1.1213213205337524 12.886201858520508 -0.7499999999999971
		endloop
	endfacet
	facet normal -0.7721578083075873 -0.04659851380865441 0.6337198888944926
		outer loop
			vertex 1.6220208406448364 -7.974184450021109e-15 -1.0874658823013306
			vertex 1.6239640712738037 -6.864487168158401e-15 -1.085098147392273
			vertex 1.122454285621643 12.86742877960205 -0.7499999999999971
		endloop
	endfacet
	facet normal -0.7721978285126476 -0.04659879353415189 0.6336711024510377
		outer loop
			vertex 1.6220208406448364 -7.974184450021109e-15 -1.0874658823013306
			vertex 1.1213213205337524 12.886201858520508 -0.7499999999999971
			vertex 1.1192543506622314 12.920454025268555 -0.7499999999999971
		endloop
	endfacet
	facet normal -0.7721706732208705 -0.0465986042676083 0.6337042066279334
		outer loop
			vertex 1.3810678720474243 3.06658670023424e-16 -1.3810678720474243
			vertex 1.6220208406448364 2.4146593220504954e-16 -1.0874658823013306
			vertex 1.0387572050094604 14.254345893859863 -0.7499999999999968
		endloop
	endfacet
	facet normal -0.7721701170497777 -0.046598597565870495 0.6337048848164474
		outer loop
			vertex 1.6220208406448364 -7.974184450021109e-15 -1.0874658823013306
			vertex 1.1192543506622314 12.920454025268555 -0.7499999999999971
			vertex 1.0387572050094604 14.254345893859863 -0.7499999999999968
		endloop
	endfacet
	facet normal -0.7721706390268426 -0.0465986052877505 0.6337042482184523
		outer loop
			vertex 1.3810678720474243 3.06658670023424e-16 -1.3810678720474243
			vertex 1.0387572050094604 14.254345893859863 -0.7499999999999968
			vertex 0.9868857860565186 15.113890647888184 -0.7499999999999967
		endloop
	endfacet
	facet normal -0.6337207576649168 -0.04659870574065416 0.7721570837128284
		outer loop
			vertex 0.842801570892334 16.23943519592285 -0.8428015708923304
			vertex 0.8416742086410522 16.23943519592285 -0.8437268137931788
			vertex 1.3787001371383667 -3.134601222437274e-15 -1.3830111026763916
		endloop
	endfacet
	facet normal -0.6337198833613586 -0.04659870076838105 0.7721578015659526
		outer loop
			vertex 1.3810678720474243 3.859372348823925e-15 -1.3810678720474243
			vertex 0.842801570892334 16.23943519592285 -0.8428015708923304
			vertex 1.3787001371383667 -3.134601222437274e-15 -1.3830111026763916
		endloop
	endfacet
	facet normal -0.6337041156085216 -0.04659861147707852 0.7721707474835018
		outer loop
			vertex 1.3787001371383667 -3.134601222437274e-15 -1.3830111026763916
			vertex 0.8416741490364075 16.23943519592285 -0.8437268137931788
			vertex 0.8019827604293823 16.23943519592285 -0.876300692558285
		endloop
	endfacet
	facet normal -0.6337042063880132 -0.04659861237466691 0.772170672928527
		outer loop
			vertex 1.3787001371383667 3.070901539007113e-16 -1.3830111026763916
			vertex 0.8019827604293823 16.23943519592285 -0.876300692558285
			vertex 1.085098147392273 1.3854785569340582e-16 -1.6239640712738037
		endloop
	endfacet
	facet normal 0.7721707943052042 -0.04659860144912768 -0.6337040592934965
		outer loop
			vertex -0.842801570892334 16.239437103271484 0.8428015708923375
			vertex -1.3810678720474243 1.4962810278769818e-15 1.3810678720474243
			vertex -0.9868857860565186 15.113890647888184 0.7500000000000033
		endloop
	endfacet
	facet normal 0.4708847390927193 -0.046598601178895666 -0.8809631847346131
		outer loop
			vertex -1.0823967456817627 -4.719353650514885e-16 1.6254079341888428
			vertex -0.6156151294708252 16.239437103271484 1.0159219503402745
			vertex -0.7474285960197449 -5.116911740682243e-16 1.8044521808624268
		endloop
	endfacet
	facet normal 0.2899693385774072 -0.04659860665493992 -0.9559008068533048
		outer loop
			vertex -0.7444974184036255 -5.118886121542734e-16 1.805341362953186
			vertex -0.40558966994285583 16.239437103271484 1.1165018081665075
			vertex -0.38103577494621277 -2.0330320687364186e-16 1.9155962467193604
		endloop
	endfacet
	facet normal 0.2899750376279265 -0.0465986353634598 -0.9558990766471878
		outer loop
			vertex -0.7474285960197449 -3.95338255040621e-15 1.8044521808624268
			vertex -0.45612090826034546 16.239437103271484 1.1011732816696203
			vertex -0.7444974184036255 3.595936578958806e-15 1.805341362953186
		endloop
	endfacet
	facet normal 0.47088420055343977 -0.04659861076026736 -0.8809634720829015
		outer loop
			vertex -0.7474285960197449 -5.116911740682243e-16 1.8044521808624268
			vertex -0.6156151294708252 16.239437103271484 1.0159219503402745
			vertex -0.45612090826034546 16.239437103271484 1.1011732816696203
		endloop
	endfacet
	facet normal 0.2899691063816632 -0.04659861046281909 -0.9559008771034548
		outer loop
			vertex -0.38103577494621277 -2.0330320687364186e-16 1.9155962467193604
			vertex -0.40558966994285583 16.239437103271484 1.1165018081665075
			vertex -0.2325284332036972 16.239437103271484 1.16899931430817
		endloop
	endfacet
	facet normal 0.09789144908615241 -0.046598521072546105 -0.9941055487369864
		outer loop
			vertex -0.38103577494621277 -2.6799441118999115e-15 1.9155962467193604
			vertex -0.2325284332036972 16.239437103271484 1.16899931430817
			vertex -0.37798750400543213 -4.644261956279305e-15 1.9158964157104492
		endloop
	endfacet
	facet normal 0.09783529404955478 -0.04659827287092163 -0.9941110884622927
		outer loop
			vertex -0.2325284332036972 16.239437103271484 1.16899931430817
			vertex -0.23107700049877167 16.23943519592285 1.1691422462463414
			vertex -0.37798750400543213 -4.644261956279305e-15 1.9158964157104492
		endloop
	endfacet
	facet normal 0.09791172715735189 -0.04659861208580992 -0.9941035474419859
		outer loop
			vertex -0.37798750400543213 -4.644261956279305e-15 1.9158964157104492
			vertex -0.23107700049877167 16.239437103271484 1.1691422462463414
			vertex -0.17997770011425018 16.239437103271484 1.1741751432418859
		endloop
	endfacet
	facet normal 0.09791083199998656 -0.04659860521263642 -0.9941036359300308
		outer loop
			vertex -0.37798750400543213 -4.2541446270371024e-16 1.9158964157104492
			vertex -0.17997770011425018 16.239437103271484 1.1741751432418859
			vertex -5.216964331203105e-16 -4.3368086899420177e-16 1.953125
		endloop
	endfacet
	facet normal 0.09791091485821392 -0.04659860390582983 -0.9941036278304467
		outer loop
			vertex -5.216964331203105e-16 -4.3368086899420177e-16 1.953125
			vertex -0.17997770011425018 16.239437103271484 1.1741751432418859
			vertex -2.9193167874642793e-16 16.239437103271484 1.1919014453887975
		endloop
	endfacet
	facet normal -0.09792946325659393 -0.04659851845123265 -0.9941018047988976
		outer loop
			vertex 0 -7.539108226595204e-15 1.953125
			vertex 0 16.239437103271484 1.1919014453887975
			vertex 0.003048286307603121 -7.094952339370324e-15 1.9528247117996216
		endloop
	endfacet
	facet normal -0.09795656494952602 -0.04659839868647817 -0.9940991402386109
		outer loop
			vertex 0.003048286307603121 -7.094952339370324e-15 1.9528247117996216
			vertex 0 16.239437103271484 1.1919014453887975
			vertex 0.0014514330541715026 16.23943519592285 1.1917585134506261
		endloop
	endfacet
	facet normal -0.09791172082686893 -0.046598595414597266 -0.9941035488469538
		outer loop
			vertex 0.003048286307603121 -7.094952339370324e-15 1.9528247117996216
			vertex 0.0014514330541715026 16.239437103271484 1.1917585134506261
			vertex 0.05255073681473732 16.239437103271484 1.1867256164550817
		endloop
	endfacet
	facet normal -0.09791052543782686 -0.0465986045924169 -0.9941036661528456
		outer loop
			vertex 0.003048286307603121 -4.336141916193851e-16 1.9528247117996216
			vertex 0.05255073681473732 16.239437103271484 1.1867256164550817
			vertex 0.38103577494621277 -2.0330320687364186e-16 1.9155962467193604
		endloop
	endfacet
	facet normal -0.09791091683399535 -0.04659861076624455 -0.9941036273142667
		outer loop
			vertex 0.38103577494621277 -2.0330320687364186e-16 1.9155962467193604
			vertex 0.05255073681473732 16.239437103271484 1.1867256164550817
			vertex 0.2325284332036972 16.239437103271484 1.16899931430817
		endloop
	endfacet
	facet normal -0.28996931685238636 -0.046598603130280504 -0.955900813615339
		outer loop
			vertex 0.38396692276000977 -5.361726761751398e-16 1.914707064628601
			vertex 0.283059686422348 16.239437103271484 1.1536709070205724
			vertex 0.7474285960197449 -5.116911740682243e-16 1.8044521808624268
		endloop
	endfacet
	facet normal -0.28996973221815997 -0.04659860994507142 -0.9559006872832114
		outer loop
			vertex 0.7474285960197449 -5.116911740682243e-16 1.8044521808624268
			vertex 0.283059686422348 16.239437103271484 1.1536709070205724
			vertex 0.45612090826034546 16.239437103271484 1.1011732816696203
		endloop
	endfacet
	facet normal -0.4709061390796598 -0.04659849671363818 -0.8809517513922752
		outer loop
			vertex 0.7474285960197449 -1.698786673821445e-15 1.8044521808624268
			vertex 0.45612090826034546 16.239437103271484 1.1011732816696203
			vertex 0.7501299381256104 2.657855716097006e-16 1.8030081987380981
		endloop
	endfacet
	facet normal -0.47086082939768337 -0.046598722553713376 -0.8809759578985613
		outer loop
			vertex 0.45612090826034546 16.239437103271484 1.1011732816696203
			vertex 0.4574071764945984 16.239437103271484 1.100485801696781
			vertex 0.7501299381256104 2.0687252695101064e-15 1.8030081987380981
		endloop
	endfacet
	facet normal -0.47088488279934765 -0.04659860023523371 -0.8809631079717025
		outer loop
			vertex 0.7501299381256104 2.657855716097006e-16 1.8030081987380981
			vertex 0.4574071764945984 16.239437103271484 1.100485801696781
			vertex 0.5026907920837402 16.239437103271484 1.0762811899185216
		endloop
	endfacet
	facet normal -0.47088443000606983 -0.04659860415748373 -0.8809633497872843
		outer loop
			vertex 0.7501299381256104 -4.0034824316539333e-16 1.8030081987380981
			vertex 0.5026907920837402 16.239437103271484 1.0762811899185216
			vertex 1.085098147392273 -3.6059246061843713e-16 1.6239640712738037
		endloop
	endfacet
	facet normal -0.47088459357146684 -0.04659860706982483 -0.8809632622057441
		outer loop
			vertex 0.5026907920837402 16.239437103271484 1.0762811899185216
			vertex 0.6621849536895752 16.239437103271484 0.9910297989845311
			vertex 1.085098147392273 -3.6059246061843713e-16 1.6239640712738037
		endloop
	endfacet
	facet normal -0.6337041158403748 -0.04659860364260769 -0.7721707477660158
		outer loop
			vertex 1.0874658823013306 -8.575811358967308e-15 1.6220208406448364
			vertex 0.6633123755455017 16.239437103271484 0.9901045560836828
			vertex 0.7030037641525269 16.239437103271484 0.9575306773185766
		endloop
	endfacet
	facet normal -0.633700740255908 -0.046598623228157575 -0.7721735168421373
		outer loop
			vertex 0.6621849536895752 16.239437103271484 0.9910297989845311
			vertex 0.6633123755455017 16.239437103271484 0.9901045560836828
			vertex 1.0874658823013306 -8.575811358967308e-15 1.6220208406448364
		endloop
	endfacet
	facet normal -0.6337198888789913 -0.046598514332001933 -0.7721578082887262
		outer loop
			vertex 1.085098147392273 -7.466019818219439e-15 1.6239640712738037
			vertex 0.6621849536895752 16.239437103271484 0.9910297989845311
			vertex 1.0874658823013306 -8.575811358967308e-15 1.6220208406448364
		endloop
	endfacet
	facet normal -0.77215780176288 -0.04659869530716794 -0.6337198835229858
		outer loop
			vertex 1.3810678720474243 3.246055008777077e-15 1.3810678720474243
			vertex 0.842801570892334 16.239437103271484 0.8428015708923375
			vertex 1.3830111026763916 -3.74782430359896e-15 1.3787001371383667
		endloop
	endfacet
	facet normal -0.6337041773634432 -0.04659860214950087 -0.7721706973654429
		outer loop
			vertex 0.7030037641525269 16.239437103271484 0.9575306773185766
			vertex 0.842801570892334 16.239437103271484 0.8428015708923375
			vertex 1.3810678720474243 -3.06658670023424e-16 1.3810678720474243
		endloop
	endfacet
	facet normal -0.633704206672993 -0.04659860274501927 -0.7721706732757757
		outer loop
			vertex 1.0874658823013306 -3.6016097674114987e-16 1.6220208406448364
			vertex 0.7030037641525269 16.239437103271484 0.9575306773185766
			vertex 1.3810678720474243 -3.06658670023424e-16 1.3810678720474243
		endloop
	endfacet
	facet normal 0.6337042066729928 -0.046598602745019604 0.7721706732757757
		outer loop
			vertex -1.0874658823013306 3.6016097674114987e-16 -1.6220208406448364
			vertex -0.7030037641525269 16.239437103271484 -0.9575306773185694
			vertex -1.3810678720474243 3.06658670023424e-16 -1.3810678720474243
		endloop
	endfacet
	facet normal 0.6337041773634432 -0.04659860214950121 0.7721706973654429
		outer loop
			vertex -1.3810678720474243 3.06658670023424e-16 -1.3810678720474243
			vertex -0.7030037641525269 16.239437103271484 -0.9575306773185694
			vertex -0.842801570892334 16.239437103271484 -0.8428015708923304
		endloop
	endfacet
	facet normal 0.6337041158403748 -0.046598603642608025 0.7721707477660158
		outer loop
			vertex -1.0874658823013306 -7.855489405485009e-15 -1.6220208406448364
			vertex -0.6633123755455017 16.239437103271484 -0.9901045560836756
			vertex -0.7030037641525269 16.239437103271484 -0.9575306773185694
		endloop
	endfacet
	facet normal 0.633700740255908 -0.04659862322815791 0.7721735168421374
		outer loop
			vertex -1.0874658823013306 -7.855489405485009e-15 -1.6220208406448364
			vertex -0.6621849536895752 16.239437103271484 -0.991029798984524
			vertex -0.6633123755455017 16.239437103271484 -0.9901045560836756
		endloop
	endfacet
	facet normal 0.6337198888789913 -0.046598514332001933 0.7721578082887262
		outer loop
			vertex -1.085098147392273 -6.744834896982565e-15 -1.6239640712738037
			vertex -0.6621849536895752 16.239437103271484 -0.991029798984524
			vertex -1.0874658823013306 -7.855489405485009e-15 -1.6220208406448364
		endloop
	endfacet
	facet normal 0.47088442996073177 -0.0465986062192128 0.8809633497024627
		outer loop
			vertex -0.7501299381256104 4.0034824316539333e-16 -1.8030081987380981
			vertex -0.6621849536895752 16.239437103271484 -0.991029798984524
			vertex -1.085098147392273 3.6059246061843713e-16 -1.6239640712738037
		endloop
	endfacet
	facet normal 0.47088459366668545 -0.04659860273980151 0.8809632623838857
		outer loop
			vertex -0.7501299381256104 4.0034824316539333e-16 -1.8030081987380981
			vertex -0.5026907920837402 16.239437103271484 -1.0762811899185145
			vertex -0.6621849536895752 16.239437103271484 -0.991029798984524
		endloop
	endfacet
	facet normal 0.47086082939768337 -0.04659872255371375 0.8809759578985614
		outer loop
			vertex -0.7501299381256104 1.0664820579404873e-15 -1.8030081987380981
			vertex -0.45612090826034546 16.239437103271484 -1.1011732816696131
			vertex -0.4574071764945984 16.239437103271484 -1.1004858016967738
		endloop
	endfacet
	facet normal 0.47088488279934765 -0.0465986002352341 0.8809631079717025
		outer loop
			vertex -0.7501299381256104 1.0664820579404873e-15 -1.8030081987380981
			vertex -0.4574071764945984 16.239437103271484 -1.1004858016967738
			vertex -0.5026907920837402 16.239437103271484 -1.0762811899185145
		endloop
	endfacet
	facet normal 0.4709061390796598 -0.0465984967136393 0.8809517513922752
		outer loop
			vertex -0.7474285960197449 -8.974489306100275e-16 -1.8044521808624268
			vertex -0.45612090826034546 16.239437103271484 -1.1011732816696131
			vertex -0.7501299381256104 1.0664820579404873e-15 -1.8030081987380981
		endloop
	endfacet
	facet normal 0.28996931678705656 -0.046598607954669406 0.9559008133999755
		outer loop
			vertex -0.38396692276000977 3.1412807125010846e-16 -1.914707064628601
			vertex -0.45612090826034546 16.239437103271484 -1.1011732816696131
			vertex -0.7474285960197449 2.8964656914319304e-16 -1.8044521808624268
		endloop
	endfacet
	facet normal 0.2899697323553652 -0.04659859981293443 0.9559006877355158
		outer loop
			vertex -0.38396692276000977 3.1412807125010846e-16 -1.914707064628601
			vertex -0.283059686422348 16.239437103271484 -1.1536709070205653
			vertex -0.45612090826034546 16.239437103271484 -1.1011732816696131
		endloop
	endfacet
	facet normal 0.09791052541784247 -0.046598608963048446 0.9941036659499405
		outer loop
			vertex -0.003048286307603121 4.336141916193851e-16 -1.9528247117996216
			vertex -0.2325284332036972 16.239437103271484 -1.168999314308163
			vertex -0.38103577494621277 6.473924167237045e-16 -1.9155962467193604
		endloop
	endfacet
	facet normal 0.09791091687596652 -0.04659860158708642 0.9941036277404061
		outer loop
			vertex -0.003048286307603121 4.336141916193851e-16 -1.9528247117996216
			vertex -0.05255073681473732 16.239437103271484 -1.1867256164550746
			vertex -0.2325284332036972 16.239437103271484 -1.168999314308163
		endloop
	endfacet
	facet normal 0.097929463256445 -0.046598518451233764 0.9941018047989123
		outer loop
			vertex 2.3918884294503397e-16 -6.6717464886068e-15 -1.953125
			vertex 1.7232787373704214e-16 16.239437103271484 -1.1919014453887904
			vertex -0.003048286307603121 -2.3251962315570883e-16 -1.9528247117996216
		endloop
	endfacet
	facet normal 0.09791172082686891 -0.04659859541459772 0.9941035488469538
		outer loop
			vertex -0.003048286307603121 -2.3251962315570883e-16 -1.9528247117996216
			vertex -0.0014514330541715026 16.239437103271484 -1.191758513450619
			vertex -0.05255073681473732 16.239437103271484 -1.1867256164550746
		endloop
	endfacet
	facet normal 0.0979565649495145 -0.04659839868647868 0.994099140238612
		outer loop
			vertex 1.7232787373704214e-16 16.239437103271484 -1.1919014453887904
			vertex -0.0014514330541715026 16.23943519592285 -1.191758513450619
			vertex -0.003048286307603121 -2.3251962315570883e-16 -1.9528247117996216
		endloop
	endfacet
	facet normal -0.09791083199998649 -0.04659860521263683 0.9941036359300309
		outer loop
			vertex 0.37798750400543213 4.2541446270371024e-16 -1.9158964157104492
			vertex 0.17997770011425018 16.239437103271484 -1.1741751432418788
			vertex 2.3918884294503397e-16 4.3368086899420177e-16 -1.953125
		endloop
	endfacet
	facet normal -0.09791091485821381 -0.04659860390583027 0.9941036278304466
		outer loop
			vertex 2.3918884294503397e-16 4.3368086899420177e-16 -1.953125
			vertex 0.17997770011425018 16.239437103271484 -1.1741751432418788
			vertex 1.0264707890808155e-16 16.239437103271484 -1.1919014453887904
		endloop
	endfacet
	facet normal -0.0979117271573519 -0.04659861208581034 0.9941035474419858
		outer loop
			vertex 0.37798750400543213 -7.346146709672386e-15 -1.9158964157104492
			vertex 0.23107700049877167 16.239437103271484 -1.1691422462463343
			vertex 0.17997770011425018 16.239437103271484 -1.1741751432418788
		endloop
	endfacet
	facet normal -0.09783529404955477 -0.04659827287092205 0.9941110884622927
		outer loop
			vertex 0.2325284332036972 16.239437103271484 -1.168999314308163
			vertex 0.23107700049877167 16.23943519592285 -1.1691422462463343
			vertex 0.37798750400543213 -7.346146709672386e-15 -1.9158964157104492
		endloop
	endfacet
	facet normal -0.09789144908604468 -0.04659852107254633 0.994105548736997
		outer loop
			vertex 0.38103577494621277 4.2534781179867317e-16 -1.9155962467193604
			vertex 0.2325284332036972 16.239437103271484 -1.168999314308163
			vertex 0.37798750400543213 -7.346146709672386e-15 -1.9158964157104492
		endloop
	endfacet
	facet normal -0.2899691063816632 -0.046598610462819504 0.9559008771034548
		outer loop
			vertex 0.40558966994285583 16.239437103271484 -1.1165018081665004
			vertex 0.2325284332036972 16.239437103271484 -1.168999314308163
			vertex 0.38103577494621277 6.473924167237045e-16 -1.9155962467193604
		endloop
	endfacet
	facet normal -0.47088420055343977 -0.046598610760267736 0.8809634720829015
		outer loop
			vertex 0.7474285960197449 2.8964656914319304e-16 -1.8044521808624268
			vertex 0.6156151294708252 16.239437103271484 -1.0159219503402674
			vertex 0.45612090826034546 16.239437103271484 -1.1011732816696131
		endloop
	endfacet
	facet normal -0.2899750376279265 -0.0465986353634598 0.9558990766471878
		outer loop
			vertex 0.7474285960197449 -3.1520448071947922e-15 -1.8044521808624268
			vertex 0.45612090826034546 16.239437103271484 -1.1011732816696131
			vertex 0.7444974184036255 4.397669198342321e-15 -1.805341362953186
		endloop
	endfacet
	facet normal -0.2899693385774072 -0.04659860665494035 0.9559008068533048
		outer loop
			vertex 0.7444974184036255 2.898440072292421e-16 -1.805341362953186
			vertex 0.40558966994285583 16.239437103271484 -1.1165018081665004
			vertex 0.38103577494621277 6.473924167237045e-16 -1.9155962467193604
		endloop
	endfacet
	facet normal -0.6337045571749783 -0.04659860525584521 0.7721703854745239
		outer loop
			vertex 1.085098147392273 1.3854785569340582e-16 -1.6239640712738037
			vertex 0.8019827604293823 16.23943519592285 -0.876300692558285
			vertex 0.6621849536895752 16.239437103271484 -0.991029798984524
		endloop
	endfacet
	facet normal -0.4708847390927193 -0.04659860117889606 0.8809631847346131
		outer loop
			vertex 1.0823967456817627 2.4989076012645723e-16 -1.6254079341888428
			vertex 0.6156151294708252 16.239437103271484 -1.0159219503402674
			vertex 0.7474285960197449 2.8964656914319304e-16 -1.8044521808624268
		endloop
	endfacet
	facet normal -0.7721707943052033 -0.046598601449127995 0.6337040592934975
		outer loop
			vertex 0.842801570892334 16.239437103271484 -0.8428015708923304
			vertex 1.3810678720474243 2.10959836792383e-15 -1.3810678720474243
			vertex 0.9868857860565186 15.113890647888184 -0.7499999999999967
		endloop
	endfacet
	facet normal 0 -1 0
		outer loop
			vertex -0.6633123755455017 16.239437103271484 -0.9901045560836756
			vertex -0.6621849536895752 16.239437103271484 -0.991029798984524
			vertex -0.6625403761863708 16.239437103271484 -0.9907380938529933
		endloop
	endfacet
	facet normal 0 -1 0
		outer loop
			vertex -0.842801570892334 16.239437103271484 -0.8428015708923304
			vertex -0.7030037641525269 16.239437103271484 -0.9575306773185694
			vertex -0.7169835567474365 16.239437103271484 -0.9460577368736232
		endloop
	endfacet
	facet normal 0.7730554393307262 0 0.6343384646394841
		outer loop
			vertex -0.842801570892334 16.23943519592285 -0.8428015708923304
			vertex -0.842801570892334 16.239437103271484 -0.8428015708923304
			vertex -0.84309321641922 16.23943519592285 -0.8424461483955348
		endloop
	endfacet
	facet normal 0 -1 0
		outer loop
			vertex -0.842801570892334 16.23943519592285 -0.8428015708923304
			vertex -0.84309321641922 16.23943519592285 -0.8424461483955348
			vertex -0.8437268137931824 16.23943519592285 -0.8416742086410487
		endloop
	endfacet
	facet normal 0 -1 0
		outer loop
			vertex 0.660898745059967 16.239437103271484 -0.9917172789573634
			vertex 0.6621849536895752 16.239437103271484 -0.991029798984524
			vertex 0.6617794632911682 16.239437103271484 -0.9912465214729274
		endloop
	endfacet
	facet normal -0.47087780451406386 -0.046598569641057436 0.8809668929780634
		outer loop
			vertex 1.0823967456817627 3.0254483216893486e-15 -1.6254079341888428
			vertex 0.6621849536895752 16.239437103271484 -0.991029798984524
			vertex 0.660898745059967 16.239437103271484 -0.9917172789573634
		endloop
	endfacet
	facet normal -0.47088578447418916 -0.046598610237766395 0.8809626254864825
		outer loop
			vertex 1.0823967456817627 3.0254483216893486e-15 -1.6254079341888428
			vertex 0.660898745059967 16.239437103271484 -0.9917172789573634
			vertex 0.6156151294708252 16.239437103271484 -1.0159219503402674
		endloop
	endfacet
	facet normal -0.47086782028374596 -0.04659851985757355 0.8809722321210343
		outer loop
			vertex 1.085098147392273 3.913306139418938e-15 -1.6239640712738037
			vertex 0.6621849536895752 16.239437103271484 -0.991029798984524
			vertex 1.0823967456817627 3.0254483216893486e-15 -1.6254079341888428
		endloop
	endfacet
	facet normal -0.09800487812664486 0.0020640494959294625 0.9951837938607421
		outer loop
			vertex 0.2325284332036972 16.239437103271484 -1.168999314308163
			vertex 0.23207086324691772 16.239437103271484 -1.1690443754196131
			vertex 0.23107700049877167 16.23943519592285 -1.1691422462463343
		endloop
	endfacet
	facet normal -0.09800116375613097 0 0.9951863000978481
		outer loop
			vertex 0.23107700049877167 16.239437103271484 -1.1691422462463343
			vertex 0.23107700049877167 16.23943519592285 -1.1691422462463343
			vertex 0.23207086324691772 16.239437103271484 -1.1690443754196131
		endloop
	endfacet
	facet normal 0 1 0
		outer loop
			vertex 1.0264707890808155e-16 16.239437103271484 -1.1919014453887904
			vertex 0.17997770011425018 16.239437103271484 -1.1741751432418788
			vertex 0.16197988390922546 16.239437103271484 -1.1759477853774989
		endloop
	endfacet
	facet normal 0.09800446709548073 -0.001716741167478159 0.9951844940658464
		outer loop
			vertex 1.7232787373704214e-16 16.239437103271484 -1.1919014453887904
			vertex -0.00045757219777442515 16.239437103271484 -1.1918563842773402
			vertex -0.0014514330541715026 16.23943519592285 -1.191758513450619
		endloop
	endfacet
	facet normal 0.09800134850335476 0 0.9951862819048121
		outer loop
			vertex -0.0014514330541715026 16.239437103271484 -1.191758513450619
			vertex -0.0014514330541715026 16.23943519592285 -1.191758513450619
			vertex -0.00045757219777442515 16.239437103271484 -1.1918563842773402
		endloop
	endfacet
	facet normal 0 1 0
		outer loop
			vertex -0.23392409086227417 16.239437103271484 -1.1685760021209681
			vertex -0.2325284332036972 16.239437103271484 -1.168999314308163
			vertex -0.23296840488910675 16.239437103271484 -1.1688659191131556
		endloop
	endfacet
	facet normal 0.2899342545182586 -0.04659876883937134 0.9559114408770284
		outer loop
			vertex -0.38396692276000977 4.421953262363188e-15 -1.914707064628601
			vertex -0.2325284332036972 16.239437103271484 -1.168999314308163
			vertex -0.23392409086227417 16.239437103271484 -1.1685760021209681
		endloop
	endfacet
	facet normal 0.2899688966530247 -0.04659860648511365 0.9559009409177676
		outer loop
			vertex -0.38396692276000977 4.421953262363188e-15 -1.914707064628601
			vertex -0.23392409086227417 16.239437103271484 -1.1685760021209681
			vertex -0.283059686422348 16.239437103271484 -1.1536709070205653
		endloop
	endfacet
	facet normal 0.28997773838106344 -0.04659856910885651 0.9558982605907445
		outer loop
			vertex -0.38103577494621277 8.828892124582464e-15 -1.9155962467193604
			vertex -0.2325284332036972 16.239437103271484 -1.168999314308163
			vertex -0.38396692276000977 4.421953262363188e-15 -1.914707064628601
		endloop
	endfacet
	facet normal 0 1 0
		outer loop
			vertex -0.4574071764945984 16.239437103271484 -1.1004858016967738
			vertex -0.45612090826034546 16.239437103271484 -1.1011732816696131
			vertex -0.45652642846107483 16.239437103271484 -1.1009565591812098
		endloop
	endfacet
	facet normal 0.634393248436545 0 -0.7730104826832095
		outer loop
			vertex -0.6621849536895752 16.23943519592285 0.9910297989845311
			vertex -0.7880029678344727 16.23943519592285 0.8877736330032384
			vertex -0.6621849536895752 16.239437103271484 0.9910297989845311
		endloop
	endfacet
	facet normal 0 1 0
		outer loop
			vertex -0.6621849536895752 16.23943519592285 0.9910297989845311
			vertex -0.8019827604293823 16.23943519592285 0.8763006925582921
			vertex -0.7880029678344727 16.23943519592285 0.8877736330032384
		endloop
	endfacet
	facet normal 0 1 0
		outer loop
			vertex -2.9193167874642793e-16 16.239437103271484 1.1919014453887975
			vertex -0.17997770011425018 16.239437103271484 1.1741751432418859
			vertex -0.16197988390922546 16.239437103271484 1.175947785377506
		endloop
	endfacet
	facet normal 0 -1 0
		outer loop
			vertex 0.7030037641525269 16.239437103271484 0.9575306773185766
			vertex 0.7169835567474365 16.239437103271484 0.9460577368736303
			vertex 0.842801570892334 16.239437103271484 0.8428015708923375
		endloop
	endfacet
	facet normal -0.7730554393307262 0 -0.6343384646394841
		outer loop
			vertex 0.842801570892334 16.239437103271484 0.8428015708923375
			vertex 0.84309321641922 16.23943519592285 0.8424461483955419
			vertex 0.842801570892334 16.23943519592285 0.8428015708923375
		endloop
	endfacet
	facet normal 0 -1 0
		outer loop
			vertex 0.8437268137931824 16.23943519592285 0.8416742086410558
			vertex 0.842801570892334 16.23943519592285 0.8428015708923375
			vertex 0.84309321641922 16.23943519592285 0.8424461483955419
		endloop
	endfacet
	facet normal 0.7721706046077234 -0.04659855784293997 -0.6337042936470458
		outer loop
			vertex -0.842801570892334 16.239437103271484 0.8428015708923375
			vertex -0.9868857860565186 15.113890647888184 0.7500000000000033
			vertex -0.9189618825912476 16.239437103271484 0.7500000000000036
		endloop
	endfacet
	facet normal 0.6343384646394841 0 -0.7730554393307262
		outer loop
			vertex -0.842801570892334 16.23943519592285 0.8428015708923375
			vertex -0.842801570892334 16.239437103271484 0.8428015708923375
			vertex -0.8424461483955383 16.23943519592285 0.8430932164192235
		endloop
	endfacet
	facet normal 0 -1 0
		outer loop
			vertex -0.842801570892334 16.23943519592285 0.8428015708923375
			vertex -0.8424461483955383 16.23943519592285 0.8430932164192235
			vertex -0.8416742086410522 16.23943519592285 0.8437268137931859
		endloop
	endfacet
	facet normal -0.6343384646394841 0 0.7730554393307262
		outer loop
			vertex 0.842801570892334 16.23943519592285 -0.8428015708923304
			vertex 0.842801570892334 16.239437103271484 -0.8428015708923304
			vertex 0.8424461483955383 16.23943519592285 -0.8430932164192164
		endloop
	endfacet
	facet normal 0 -1 0
		outer loop
			vertex 0.842801570892334 16.23943519592285 -0.8428015708923304
			vertex 0.8424461483955383 16.23943519592285 -0.8430932164192164
			vertex 0.8416742086410522 16.23943519592285 -0.8437268137931788
		endloop
	endfacet
	facet normal -0.7721706046077234 -0.04659855784294022 0.6337042936470458
		outer loop
			vertex 0.842801570892334 16.239437103271484 -0.8428015708923304
			vertex 0.9868857860565186 15.113890647888184 -0.7499999999999967
			vertex 0.9189618825912476 16.239437103271484 -0.7499999999999964
		endloop
	endfacet
	facet normal 0 1 0
		outer loop
			vertex 0.2325284332036972 16.239437103271484 1.16899931430817
			vertex 0.23296840488910675 16.239437103271484 1.1688659191131627
			vertex 0.23392409086227417 16.239437103271484 1.1685760021209752
		endloop
	endfacet
	facet normal -0.2899342545182586 -0.04659876883937092 -0.9559114408770284
		outer loop
			vertex 0.2325284332036972 16.239437103271484 1.16899931430817
			vertex 0.23392409086227417 16.239437103271484 1.1685760021209752
			vertex 0.38396692276000977 3.5716525149379394e-15 1.914707064628601
		endloop
	endfacet
	facet normal -0.2899777383810308 -0.04659856910885643 -0.9558982605907544
		outer loop
			vertex 0.38103577494621277 7.978196500985118e-15 1.9155962467193604
			vertex 0.2325284332036972 16.239437103271484 1.16899931430817
			vertex 0.38396692276000977 3.5716525149379394e-15 1.914707064628601
		endloop
	endfacet
	facet normal -0.2899688966530247 -0.046598606485113235 -0.9559009409177676
		outer loop
			vertex 0.38396692276000977 3.5716525149379394e-15 1.914707064628601
			vertex 0.23392409086227417 16.239437103271484 1.1685760021209752
			vertex 0.283059686422348 16.239437103271484 1.1536709070205724
		endloop
	endfacet
	facet normal 0 1 0
		outer loop
			vertex 0.45612090826034546 16.239437103271484 1.1011732816696203
			vertex 0.45652642846107483 16.239437103271484 1.100956559181217
			vertex 0.4574071764945984 16.239437103271484 1.100485801696781
		endloop
	endfacet
	facet normal 0 1 0
		outer loop
			vertex 0.5026907920837402 16.239437103271484 1.0762811899185216
			vertex 0.5186402201652527 16.239437103271484 1.067756056785587
			vertex 0.6621849536895752 16.239437103271484 0.9910297989845311
		endloop
	endfacet
	facet normal 0 -1 0
		outer loop
			vertex 0.6621849536895752 16.239437103271484 0.9910297989845311
			vertex 0.6625403761863708 16.239437103271484 0.9907380938530004
			vertex 0.6633123755455017 16.239437103271484 0.9901045560836828
		endloop
	endfacet
	facet normal 0.880963439276425 -0.04659861106981934 -0.4708842618994781
		outer loop
			vertex -1.5070387125015259 2.9999999999999996 1.0069711208343513
			vertex -1.644392490386963 3 0.7500000000000007
			vertex -1.122454285621643 12.86742877960205 0.7500000000000029
		endloop
	endfacet
	facet normal 0.8809634377734148 -0.04659864760294841 -0.47088426109610326
		outer loop
			vertex -1.5070387125015259 2.9999999999999996 1.0069711208343513
			vertex -1.6516742706298828 2.862335443496704 0.7500000000000007
			vertex -1.644392490386963 3 0.7500000000000007
		endloop
	endfacet
	facet normal 0.8809625991737385 -0.046598603245136136 -0.4708858343937028
		outer loop
			vertex -1.6530070304870605 3 0.7338833808898932
			vertex -1.644392490386963 3 0.7500000000000007
			vertex -1.6516742706298828 2.862335443496704 0.7500000000000007
		endloop
	endfacet
	facet normal 0.9558976909026373 -0.046598539540333155 -0.2899796210765753
		outer loop
			vertex -1.914707064628601 3.911545104982037e-15 0.38396692276000977
			vertex -1.7768702507019043 3 0.35624867677688665
			vertex -1.7741166353225708 3 0.3653257787227637
		endloop
	endfacet
	facet normal 0.9560311549048911 -0.04660060026243824 -0.28953896958164543
		outer loop
			vertex -1.914707064628601 3.911545104982037e-15 0.38396692276000977
			vertex -1.77694833278656 3 0.3559908568859107
			vertex -1.7768702507019043 3 0.35624867677688665
		endloop
	endfacet
	facet normal 0.95589931967584 -0.04659856758052908 -0.28997424737846866
		outer loop
			vertex -1.914707064628601 3.911545104982037e-15 0.38396692276000977
			vertex -1.777673363685608 3 0.35360118746757574
			vertex -1.7769484519958496 3 0.3559908568859107
		endloop
	endfacet
	facet normal 0.9558982612397214 -0.04659855457100247 -0.28997773857793074
		outer loop
			vertex -1.914707064628601 3.911545104982037e-15 0.38396692276000977
			vertex -1.9155962467193604 8.318937374673556e-15 0.38103577494621277
			vertex -1.777673363685608 3 0.35360118746757574
		endloop
	endfacet
	facet normal 0.9941039723179141 -0.04659861259479919 -0.09790741302875872
		outer loop
			vertex -1.9528247117996216 5.10634905774685e-15 0.003048286307603121
			vertex -1.812228798866272 3 0.0027532908134169087
			vertex -1.8112990856170654 3 0.012193144299090575
		endloop
	endfacet
	facet normal 0.9941264875427213 -0.04659964522315897 -0.09767804170358645
		outer loop
			vertex -1.9528247117996216 6.909288755647256e-15 0.003048286307603121
			vertex -1.8122551441192627 3 0.0024851597845561013
			vertex -1.812228798866272 3 0.0027532908134169087
		endloop
	endfacet
	facet normal 0.99410018549933 -0.046598463085128154 -0.09794592604239279
		outer loop
			vertex -1.9528247117996216 5.10634905774685e-15 0.003048286307603121
			vertex -1.8125 3 1.0647243851655958e-15
			vertex -1.8122551441192627 3 0.0024851597845561013
		endloop
	endfacet
	facet normal 0.9941018046298764 -0.04659852209202549 -0.09792946323993783
		outer loop
			vertex -1.9528247117996216 5.10634905774685e-15 0.003048286307603121
			vertex -1.953125 3.552713678800501e-15 5.597018485515461e-16
			vertex -1.8125 3 1.0647243851655958e-15
		endloop
	endfacet
	facet normal 0.9559014409163482 -0.04659857880428799 0.28996725281912433
		outer loop
			vertex -1.805341362953186 4.162114523787702e-15 -0.7444974184036255
			vertex -1.6753348112106323 3 -0.6909662485122674
			vertex -1.6780883073806763 3 -0.6818891167640679
		endloop
	endfacet
	facet normal 0.9557762880123216 -0.04660050592006609 0.29037920056605565
		outer loop
			vertex -1.805341362953186 4.162114523787702e-15 -0.7444974184036255
			vertex -1.6752564907073975 3 -0.691224038600921
			vertex -1.6753348112106323 3 -0.6909662485122674
		endloop
	endfacet
	facet normal 0.955899316018042 -0.04659864951950939 0.28997424626886725
		outer loop
			vertex -1.805341362953186 4.162114523787702e-15 -0.7444974184036255
			vertex -1.6745315790176392 3 -0.6936137080192559
			vertex -1.6752564907073975 3 -0.691224038600921
		endloop
	endfacet
	facet normal 0.880963148807846 -0.0465985980292788 0.47088480661863696
		outer loop
			vertex -1.5128142833709717 3 -0.9961656332015985
			vertex -1.1913909912109375 11.564157485961914 -0.7499999999999974
			vertex -1.6443926095962524 3 -0.7499999999999993
		endloop
	endfacet
	facet normal 0.8809631582196913 -0.04659836925815921 0.4708848116493751
		outer loop
			vertex -1.5128142833709717 3 -0.9961656332015985
			vertex -1.6443926095962524 3 -0.7499999999999993
			vertex -1.6562820672988892 2.775224447250366 -0.7499999999999993
		endloop
	endfacet
	facet normal 0.8809635509709246 -0.04659839003265679 0.4708840748072327
		outer loop
			vertex -1.658782720565796 3 -0.7230779528617852
			vertex -1.6562820672988892 2.775224447250366 -0.7499999999999993
			vertex -1.6443926095962524 3 -0.7499999999999993
		endloop
	endfacet
	facet normal -0.880963148807846 -0.04659859802927859 -0.47088480661863696
		outer loop
			vertex 1.5128142833709717 3 0.9961656332015998
			vertex 1.1913909912109375 11.564157485961914 0.7500000000000026
			vertex 1.6443926095962524 3 0.7500000000000007
		endloop
	endfacet
	facet normal -0.8809631582196913 -0.04659836925815921 -0.4708848116493751
		outer loop
			vertex 1.5128142833709717 3 0.9961656332015998
			vertex 1.6443926095962524 3 0.7500000000000007
			vertex 1.6562820672988892 2.775224447250366 0.7500000000000007
		endloop
	endfacet
	facet normal -0.8809635509709246 -0.04659839003265679 -0.4708840748072327
		outer loop
			vertex 1.658782720565796 3 0.7230779528617866
			vertex 1.6562820672988892 2.775224447250366 0.7500000000000007
			vertex 1.6443926095962524 3 0.7500000000000007
		endloop
	endfacet
	facet normal -0.955899316018042 -0.04659864951950927 -0.28997424626886725
		outer loop
			vertex 1.805341362953186 3.831491253513425e-15 0.7444974184036255
			vertex 1.6745315790176392 3 0.6936137080192573
			vertex 1.6752564907073975 3 0.6912240386009223
		endloop
	endfacet
	facet normal -0.9557762880123216 -0.04660050592006596 -0.29037920056605565
		outer loop
			vertex 1.805341362953186 3.831491253513425e-15 0.7444974184036255
			vertex 1.6752564907073975 3 0.6912240386009223
			vertex 1.6753348112106323 3 0.6909662485122687
		endloop
	endfacet
	facet normal -0.9559014409163482 -0.04659857880428787 -0.28996725281912433
		outer loop
			vertex 1.805341362953186 3.831491253513425e-15 0.7444974184036255
			vertex 1.6753348112106323 3 0.6909662485122687
			vertex 1.6780883073806763 3 0.6818891167640693
		endloop
	endfacet
	facet normal -0.9559085416237594 -0.04659870733045683 0.2899438230517564
		outer loop
			vertex 1.914707064628601 4.08206067231909e-15 -0.38396692276000977
			vertex 1.7769484519958496 3 -0.35599085688590937
			vertex 1.7768702507019043 3 -0.3562486767768853
		endloop
	endfacet
	facet normal -0.9558976909026373 -0.04659853954033328 0.2899796210765753
		outer loop
			vertex 1.914707064628601 4.08206067231909e-15 -0.38396692276000977
			vertex 1.7768702507019043 3 -0.3562486767768853
			vertex 1.7741166353225708 3 -0.3653257787227624
		endloop
	endfacet
	facet normal -0.95589931967584 -0.0465985675805292 0.28997424737846866
		outer loop
			vertex 1.914707064628601 4.08206067231909e-15 -0.38396692276000977
			vertex 1.777673363685608 3 -0.3536011874675744
			vertex 1.7769484519958496 3 -0.35599085688590937
		endloop
	endfacet
	facet normal -0.9558982612397214 -0.0465985545710026 0.2899777385779307
		outer loop
			vertex 1.914707064628601 4.08206067231909e-15 -0.38396692276000977
			vertex 1.9155962467193604 8.488151250894026e-15 -0.38103577494621277
			vertex 1.777673363685608 3 -0.3536011874675744
		endloop
	endfacet
	facet normal -0.8810638511636365 -0.046599545109782925 0.4706962636013408
		outer loop
			vertex 1.8030081987380981 2.635635818429039e-15 -0.7501299381256104
			vertex 1.6733543872833252 3 -0.6958160400390618
			vertex 1.6732274293899536 3 -0.6960536837577813
		endloop
	endfacet
	facet normal -0.8809632924902298 -0.04659859546557956 0.4708845380615182
		outer loop
			vertex 1.5227875709533691 3 -0.9775068759918206
			vertex 1.644392490386963 3 -0.7499999999999993
			vertex 1.3088452816009521 9.34364128112793 -0.7499999999999979
		endloop
	endfacet
	facet normal -0.8809638766562877 -0.046598643047008385 0.4708834404530516
		outer loop
			vertex 1.6687558889389038 3 -0.7044191360473626
			vertex 1.644392490386963 3 -0.7499999999999993
			vertex 1.802626609802246 0.008527842350304293 -0.75
		endloop
	endfacet
	facet normal -0.7721708626024149 -0.04659862471365366 -0.6337039743623506
		outer loop
			vertex 0.8763006925582886 16.23943519592285 0.8019827604293859
			vertex 0.9189618229866028 16.23943519592285 0.7500000000000036
			vertex 1.122454285621643 12.867426872253418 0.7500000000000029
		endloop
	endfacet
	facet normal 0.8809621408061837 -0.04659861295997749 0.4708866909739457
		outer loop
			vertex -1.6254079341888428 2.9048756168674223e-15 -1.0823967456817627
			vertex -1.1256743669509888 12.806551933288574 -0.7499999999999971
			vertex -1.1913909912109375 11.564157485961914 -0.7499999999999974
		endloop
	endfacet
	facet normal 0.880970317359373 -0.04659853517331939 0.4708714011823466
		outer loop
			vertex -1.6254079341888428 2.9048756168674223e-15 -1.0823967456817627
			vertex -1.123600959777832 12.84575080871582 -0.7499999999999971
			vertex -1.1256743669509888 12.806551933288574 -0.7499999999999971
		endloop
	endfacet
	facet normal 0.8809722322255296 -0.046598517317820484 0.47086782033958197
		outer loop
			vertex -1.6254079341888428 2.9048756168674223e-15 -1.0823967456817627
			vertex -1.6239640712738037 3.7936538682431016e-15 -1.085098147392273
			vertex -1.123600959777832 12.84575080871582 -0.7499999999999971
		endloop
	endfacet
	facet normal 0.8809525298915706 -0.04659871092905623 0.47090466149465127
		outer loop
			vertex -1.6239640712738037 3.7936538682431016e-15 -1.085098147392273
			vertex -1.122454285621643 12.86742877960205 -0.7499999999999971
			vertex -1.123600959777832 12.84575080871582 -0.7499999999999971
		endloop
	endfacet
	facet normal 0.7721708616539934 -0.04659865101456071 0.6337039735840015
		outer loop
			vertex -0.8763006925582886 16.23943519592285 -0.8019827604293788
			vertex -0.9189618229866028 16.23943519592285 -0.7499999999999964
			vertex -1.122454285621643 12.86742877960205 -0.7499999999999971
		endloop
	endfacet
	facet normal -0.8809621408061842 -0.04659861295997726 -0.47088669097394464
		outer loop
			vertex 1.6254079341888428 2.424194901333329e-15 1.0823967456817627
			vertex 1.1256743669509888 12.806551933288574 0.7500000000000029
			vertex 1.1913909912109375 11.564157485961914 0.7500000000000026
		endloop
	endfacet
	facet normal -0.8809703173593696 -0.04659853517331921 -0.4708714011823532
		outer loop
			vertex 1.6254079341888428 2.424194901333329e-15 1.0823967456817627
			vertex 1.123600959777832 12.84575080871582 0.7500000000000029
			vertex 1.1256743669509888 12.806551933288574 0.7500000000000029
		endloop
	endfacet
	facet normal -0.8809722322255296 -0.046598517317820276 -0.47086782033958197
		outer loop
			vertex 1.6254079341888428 2.424194901333329e-15 1.0823967456817627
			vertex 1.6239640712738037 3.3117734893579003e-15 1.085098147392273
			vertex 1.123600959777832 12.84575080871582 0.7500000000000029
		endloop
	endfacet
	facet normal -0.8809525298915672 -0.04659871092905605 -0.47090466149465754
		outer loop
			vertex 1.6239640712738037 3.3117734893579003e-15 1.085098147392273
			vertex 1.122454285621643 12.86742877960205 0.7500000000000029
			vertex 1.123600959777832 12.84575080871582 0.7500000000000029
		endloop
	endfacet
	facet normal 0 1 0
		outer loop
			vertex 0.8763006925582886 16.23943519592285 0.8019827604293859
			vertex 0.8877736330032349 16.23943519592285 0.7880029678344762
			vertex 0.9193241000175476 16.23943519592285 0.749558568000797
		endloop
	endfacet
	facet normal 0 -1 0
		outer loop
			vertex -0.6621849536895752 16.239437103271484 -0.991029798984524
			vertex -0.5026907920837402 16.239437103271484 -1.0762811899185145
			vertex -0.514986515045166 16.239437103271484 -1.0697089433670008
		endloop
	endfacet
	facet normal -0.2900118569316827 -0.04659880448507233 0.9558878983749086
		outer loop
			vertex 0.7444974184036255 4.397669198342321e-15 -1.805341362953186
			vertex 0.45612090826034546 16.239437103271484 -1.1011732816696131
			vertex 0.4547252655029297 16.239437103271484 -1.1015967130660975
		endloop
	endfacet
	facet normal -0.2899688966985089 -0.04659860312624711 0.9559009410677092
		outer loop
			vertex 0.7444974184036255 4.397669198342321e-15 -1.805341362953186
			vertex 0.4547252655029297 16.239437103271484 -1.1015967130660975
			vertex 0.40558966994285583 16.239437103271484 -1.1165018081665004
		endloop
	endfacet
	facet normal 0.47088578447418916 -0.046598610237766014 -0.8809626254864825
		outer loop
			vertex -1.0823967456817627 2.303622196511403e-15 1.6254079341888428
			vertex -0.660898745059967 16.239437103271484 0.9917172789573705
			vertex -0.6156151294708252 16.239437103271484 1.0159219503402745
		endloop
	endfacet
	facet normal 0.47087780451406386 -0.046598569641057054 -0.8809668929780634
		outer loop
			vertex -0.6621849536895752 16.239437103271484 0.9910297989845311
			vertex -0.660898745059967 16.239437103271484 0.9917172789573705
			vertex -1.0823967456817627 2.303622196511403e-15 1.6254079341888428
		endloop
	endfacet
	facet normal 0.47086782028374596 -0.04659851985757355 -0.8809722321210343
		outer loop
			vertex -1.085098147392273 3.1921212181820638e-15 1.6239640712738037
			vertex -0.6621849536895752 16.239437103271484 0.9910297989845311
			vertex -1.0823967456817627 2.303622196511403e-15 1.6254079341888428
		endloop
	endfacet
	facet normal 0 -1 0
		outer loop
			vertex -0.6621849536895752 16.239437103271484 0.9910297989845311
			vertex -0.6616529822349548 16.239437103271484 0.9913141131401098
			vertex -0.660898745059967 16.239437103271484 0.9917172789573705
		endloop
	endfacet
	facet normal 0.2900118569316827 -0.04659880448507191 -0.9558878983749086
		outer loop
			vertex -0.45612090826034546 16.239437103271484 1.1011732816696203
			vertex -0.4547252655029297 16.239437103271484 1.1015967130661046
			vertex -0.7444974184036255 3.595936578958806e-15 1.805341362953186
		endloop
	endfacet
	facet normal 0.28996889669850895 -0.04659860312624671 -0.9559009410677093
		outer loop
			vertex -0.7444974184036255 3.595936578958806e-15 1.805341362953186
			vertex -0.4547252655029297 16.239437103271484 1.1015967130661046
			vertex -0.40558966994285583 16.239437103271484 1.1165018081665075
		endloop
	endfacet
	facet normal 0.09800116375613097 0 -0.9951863000978481
		outer loop
			vertex -0.23107700049877167 16.23943519592285 1.1691422462463414
			vertex -0.23207086324691772 16.239437103271484 1.1690443754196203
			vertex -0.23107700049877167 16.239437103271484 1.1691422462463414
		endloop
	endfacet
	facet normal -0.09800135134562515 0 -0.9951862816249184
		outer loop
			vertex 0.0014514330541715026 16.23943519592285 1.1917585134506261
			vertex 0.0004575722268782556 16.239437103271484 1.1918563842773473
			vertex 0.0014514330541715026 16.239437103271484 1.1917585134506261
		endloop
	endfacet
	facet normal 0 1 0
		outer loop
			vertex -1.6767549514770508 3 0.6862845420837409
			vertex -2.5 3 0.7294336557388312
			vertex -2.5 3 0.7298092842102057
		endloop
	endfacet
	facet normal 0 1 0
		outer loop
			vertex -1.6764073371887207 3 0.6874302029609687
			vertex -1.6767549514770508 3 0.6862845420837409
			vertex -2.5 3 0.7298092842102057
		endloop
	endfacet
	facet normal 0 1 0
		outer loop
			vertex -1.6777985095977783 3 0.6875017881393439
			vertex -2.5 3 0.7298092842102057
			vertex -2.5 3 0.7500000000000007
		endloop
	endfacet
	facet normal 0 1 0
		outer loop
			vertex -1.6574270725250244 3 0.7500000000000007
			vertex -1.6777985095977783 3 0.6875017881393439
			vertex -2.5 3 0.7500000000000007
		endloop
	endfacet
	facet normal 0 0 -1
		outer loop
			vertex -1.644392490386963 3 0.7500000000000007
			vertex -2.5 3 0.7500000000000007
			vertex -2.5 3.1145308017730713 0.7500000000000007
		endloop
	endfacet
	facet normal 3.9885507792401674e-17 2.979664811875266e-16 -1
		outer loop
			vertex -1.6248223781585693 3.3699803352355957 0.7500000000000008
			vertex -1.644392490386963 3 0.7500000000000007
			vertex -2.5 3.1145308017730713 0.7500000000000007
		endloop
	endfacet
	facet normal 0 1 0
		outer loop
			vertex -1.9747941493988037 3 -0.29621911048889094
			vertex -2.5 3 -0.37499999999999933
			vertex -2.5 3 0.30260968208313055
		endloop
	endfacet
	facet normal 0 1 0
		outer loop
			vertex -1.6767549514770508 3 0.6862845420837409
			vertex -2.5 3 0.30260968208313055
			vertex -2.5 3 0.7294336557388312
		endloop
	endfacet
	facet normal 0 1 0
		outer loop
			vertex -1.6767549514770508 3 0.6862845420837409
			vertex -1.9747943878173828 3 -0.29621884226798945
			vertex -2.5 3 0.30260968208313055
		endloop
	endfacet
	facet normal 4.620478488260682e-17 2.763164518427905e-16 -1
		outer loop
			vertex -1.6248223781585693 3.3699803352355957 0.7500000000000008
			vertex -2.5 3.1145308017730713 0.7500000000000007
			vertex -2.5 4.319912910461426 0.750000000000001
		endloop
	endfacet
	facet normal -2.3400817097049168e-17 2.121884633980164e-16 -1
		outer loop
			vertex -1.3742766380310059 8.106636047363281 0.7500000000000018
			vertex -1.6248223781585693 3.3699803352355957 0.7500000000000008
			vertex -2.5 4.319912910461426 0.750000000000001
		endloop
	endfacet
	facet normal -2.6513710054628956e-17 2.1311386940182671e-16 -1
		outer loop
			vertex -1.3742766380310059 8.106636047363281 0.7500000000000018
			vertex -2.5 4.319912910461426 0.750000000000001
			vertex -2.5 9.008489608764648 0.750000000000002
		endloop
	endfacet
	facet normal 0 1 0
		outer loop
			vertex -1.7861125469207764 3 -0.26791688799858027
			vertex -2.5 3 -0.46103045344352656
			vertex -2.5 3 -0.37499999999999933
		endloop
	endfacet
	facet normal 0 1 0
		outer loop
			vertex -1.7861125469207764 3 -0.26791688799858027
			vertex -1.7643033266067505 3 -0.4893763065338128
			vertex -2.5 3 -0.46103045344352656
		endloop
	endfacet
	facet normal 0 1 0
		outer loop
			vertex -1.7361574172973633 3 -0.49046075344085627
			vertex -2.5 3 -0.6619209051132195
			vertex -2.5 3 -0.46103045344352656
		endloop
	endfacet
	facet normal 0 0 1
		outer loop
			vertex -1.6443926095962524 3 -0.7499999999999993
			vertex -2.5 3.034761667251587 -0.7499999999999993
			vertex -2.5 3 -0.7499999999999993
		endloop
	endfacet
	facet normal 0 0 1
		outer loop
			vertex -1.6443926095962524 3 -0.7499999999999993
			vertex -1.638516902923584 3.1110806465148926 -0.7499999999999993
			vertex -2.5 3.034761667251587 -0.7499999999999993
		endloop
	endfacet
	facet normal 0 1 0
		outer loop
			vertex -1.7361574172973633 3 -0.49046075344085627
			vertex -2.5 3 -0.7445782423019403
			vertex -2.5 3 -0.6619209051132195
		endloop
	endfacet
	facet normal 0 1 0
		outer loop
			vertex -1.7361574172973633 3 -0.49046075344085627
			vertex -1.6625818014144897 3 -0.733007371425628
			vertex -2.5 3 -0.7445782423019403
		endloop
	endfacet
	facet normal 0 1 0
		outer loop
			vertex -1.6535420417785645 3 -0.7328824400901788
			vertex -2.5 3 -0.7499999999999993
			vertex -2.5 3 -0.7445782423019403
		endloop
	endfacet
	facet normal 0 1 0
		outer loop
			vertex -1.6535420417785645 3 -0.7328824400901788
			vertex -1.6443926095962524 3 -0.7499999999999993
			vertex -2.5 3 -0.7499999999999993
		endloop
	endfacet
	facet normal 2.4955453747142294e-17 -2.8169535010240915e-16 1
		outer loop
			vertex -1.638516902923584 3.1110806465148926 -0.7499999999999993
			vertex -2.5 3.4288835525512695 -0.7499999999999992
			vertex -2.5 3.034761667251587 -0.7499999999999993
		endloop
	endfacet
	facet normal 3.624633366503451e-17 -2.510886375279486e-16 1
		outer loop
			vertex -1.638516902923584 3.1110806465148926 -0.7499999999999993
			vertex -1.567812204360962 4.447778701782227 -0.749999999999999
			vertex -2.5 3.4288835525512695 -0.7499999999999992
		endloop
	endfacet
	facet normal -2.826887969875972e-18 -2.1534057452098777e-16 1
		outer loop
			vertex -1.5678125619888306 4.447778701782227 -0.749999999999999
			vertex -2.5 4.975582122802734 -0.7499999999999989
			vertex -2.5 3.4288837909698486 -0.7499999999999992
		endloop
	endfacet
	facet normal -4.433906404354555e-18 -2.1817883273912668e-16 1
		outer loop
			vertex -1.5678125619888306 4.447778701782227 -0.749999999999999
			vertex -1.1913909912109375 11.564157485961914 -0.7499999999999974
			vertex -2.5 4.975582122802734 -0.7499999999999989
		endloop
	endfacet
	facet normal 1.441092112930261e-17 -2.2869642219766176e-16 1
		outer loop
			vertex -1.7634347677230835 12 -0.7499999999999973
			vertex -2.5 11.95358657836914 -0.7499999999999973
			vertex -2.5 6.128101348876953 -0.7499999999999987
		endloop
	endfacet
	facet normal 0 1 0
		outer loop
			vertex 1.6534485816955566 3 0.7330572605133063
			vertex 2.5 3 0.7500000000000007
			vertex 2.5 3 0.7446340322494513
		endloop
	endfacet
	facet normal 0 1 0
		outer loop
			vertex 1.6534485816955566 3 0.7330572605133063
			vertex 1.6443926095962524 3 0.7500000000000007
			vertex 2.5 3 0.7500000000000007
		endloop
	endfacet
	facet normal 0 1 0
		outer loop
			vertex 1.6534616947174072 3 0.7330328822135932
			vertex 2.499999761581421 3 0.7446340322494513
			vertex 2.499999761581421 3 0.7446262836456305
		endloop
	endfacet
	facet normal 0 1 0
		outer loop
			vertex 1.6534616947174072 3 0.7330328822135932
			vertex 1.6534485816955566 3 0.7330572605133063
			vertex 2.499999761581421 3 0.7446340322494513
		endloop
	endfacet
	facet normal 0 0 -1
		outer loop
			vertex 1.6443926095962524 3 0.7500000000000007
			vertex 2.5 3.0321381092071533 0.7500000000000007
			vertex 2.5 3 0.7500000000000007
		endloop
	endfacet
	facet normal 0 0 -1
		outer loop
			vertex 1.6443926095962524 3 0.7500000000000007
			vertex 1.6389622688293457 3.1026611328125 0.7500000000000007
			vertex 2.5 3.0321381092071533 0.7500000000000007
		endloop
	endfacet
	facet normal 0 1 0
		outer loop
			vertex 1.7727010250091553 3 0.5099517107009894
			vertex 2.5 3 0.7446262836456305
			vertex 2.5 3 0.6658766865730292
		endloop
	endfacet
	facet normal 0 1 0
		outer loop
			vertex 1.7727010250091553 3 0.5099517107009894
			vertex 1.6534616947174072 3 0.7330328822135932
			vertex 2.5 3 0.7446262836456305
		endloop
	endfacet
	facet normal 2.5513800697166266e-17 3.1150600105811085e-16 -1
		outer loop
			vertex 1.6389622688293457 3.1026611328125 0.7500000000000007
			vertex 2.5 3.388543128967285 0.7500000000000008
			vertex 2.5 3.0321381092071533 0.7500000000000007
		endloop
	endfacet
	facet normal 3.6257638403245616e-17 2.791470215947815e-16 -1
		outer loop
			vertex 1.6389622688293457 3.1026611328125 0.7500000000000007
			vertex 1.575413465499878 4.304074764251709 0.750000000000001
			vertex 2.5 3.388543128967285 0.7500000000000008
		endloop
	endfacet
	facet normal -5.4674306515333536e-17 1.8731573080436982e-16 -1
		outer loop
			vertex 1.575413465499878 4.304074764251709 0.750000000000001
			vertex 2.5 4.573945999145508 0.750000000000001
			vertex 2.5 3.388543128967285 0.7500000000000008
		endloop
	endfacet
	facet normal 0 1 0
		outer loop
			vertex 1.7727010250091553 3 0.5099517107009894
			vertex 2.5 3 0.6658766865730292
			vertex 2.5 3 0.472527593374253
		endloop
	endfacet
	facet normal 0 1 0
		outer loop
			vertex 1.7296665906906128 3 0.5118581652641303
			vertex 2.5 3 0.472527593374253
			vertex 2.5 3 0.47241312265396185
		endloop
	endfacet
	facet normal 0 1 0
		outer loop
			vertex 1.7296665906906128 3 0.5118581652641303
			vertex 1.7295717000961304 3 0.5121710300445563
			vertex 2.5 3 0.472527593374253
		endloop
	endfacet
	facet normal 0 1 0
		outer loop
			vertex 1.7309353351593018 3 0.5076755285263068
			vertex 2.5 3 0.47088089585304327
			vertex 2.5 3 0.4673661589622504
		endloop
	endfacet
	facet normal 0 1 0
		outer loop
			vertex 1.7309353351593018 3 0.5076755285263068
			vertex 2.5 3 0.47241312265396185
			vertex 2.5 3 0.47088089585304327
		endloop
	endfacet
	facet normal 0 1 0
		outer loop
			vertex 1.7309353351593018 3 0.5076755285263068
			vertex 1.7296665906906128 3 0.5118581652641303
			vertex 2.5 3 0.47241312265396185
		endloop
	endfacet
	facet normal 0 1 0
		outer loop
			vertex 1.8029015064239502 3 0.27043521404266424
			vertex 2.5 3 0.4673661589622504
			vertex 2.5 3 0.37500000000000067
		endloop
	endfacet
	facet normal 0 1 0
		outer loop
			vertex 1.8029015064239502 3 0.27043521404266424
			vertex 1.7309353351593018 3 0.5076755285263068
			vertex 2.5 3 0.4673661589622504
		endloop
	endfacet
	facet normal -7.55578144990598e-17 2.588632237503206e-16 -1
		outer loop
			vertex 1.575413465499878 4.304074764251709 0.750000000000001
			vertex 2.5 5.0028300285339355 0.7500000000000011
			vertex 2.5 4.573945999145508 0.750000000000001
		endloop
	endfacet
	facet normal -4.5557230112192125e-17 2.1916672660875626e-16 -1
		outer loop
			vertex 1.575413465499878 4.304074764251709 0.750000000000001
			vertex 1.4959032535552979 5.807243824005127 0.7500000000000013
			vertex 2.5 5.0028300285339355 0.7500000000000011
		endloop
	endfacet
	facet normal -6.393244776334603e-17 2.1231517124014937e-16 -1
		outer loop
			vertex 1.551192045211792 5.7629499435424805 0.7500000000000013
			vertex 2.5 9.709044456481934 0.7500000000000021
			vertex 2.5 5.0028300285339355 0.7500000000000011
		endloop
	endfacet
	facet normal 0 1 0
		outer loop
			vertex 1.696042776107788 3 -0.622700929641723
			vertex 2.5 3 -0.653676807880401
			vertex 2.5 3 -0.6754914522171014
		endloop
	endfacet
	facet normal 0 1 0
		outer loop
			vertex 1.6765775680541992 3 -0.6868689656257623
			vertex 1.696042776107788 3 -0.622700929641723
			vertex 2.5 3 -0.6754914522171014
		endloop
	endfacet
	facet normal 0 1 0
		outer loop
			vertex 1.712975025177002 3 -0.5668827891349786
			vertex 2.5 3 -0.6341270208358758
			vertex 2.5 3 -0.653676807880401
		endloop
	endfacet
	facet normal 0 1 0
		outer loop
			vertex 1.696042776107788 3 -0.622700929641723
			vertex 1.712975025177002 3 -0.5668827891349786
			vertex 2.5 3 -0.653676807880401
		endloop
	endfacet
	facet normal 0 1 0
		outer loop
			vertex 1.6765775680541992 3 -0.6868689656257623
			vertex 2.5 3 -0.6754914522171014
			vertex 2.5 3 -0.7296252846717828
		endloop
	endfacet
	facet normal 0 1 0
		outer loop
			vertex 1.6765775680541992 3 -0.6868689656257623
			vertex 2.5 3 -0.7296252846717828
			vertex 2.5 3 -0.7485224604606622
		endloop
	endfacet
	facet normal 0 1 0
		outer loop
			vertex 1.658836007118225 3 -0.7453551292419427
			vertex 1.6765775680541992 3 -0.6868689656257623
			vertex 2.5 3 -0.7485224604606622
		endloop
	endfacet
	facet normal 0 1 0
		outer loop
			vertex 1.6468992233276367 3 -0.745310187339782
			vertex 2.5 3 -0.748522520065307
			vertex 2.5 3 -0.7499999999999993
		endloop
	endfacet
	facet normal 0 1 0
		outer loop
			vertex 1.644392490386963 3 -0.7499999999999993
			vertex 1.6468992233276367 3 -0.745310187339782
			vertex 2.5 3 -0.7499999999999993
		endloop
	endfacet
	facet normal 0 0 1
		outer loop
			vertex 1.644392490386963 3 -0.7499999999999993
			vertex 2.5 3 -0.7499999999999993
			vertex 2.5 3.00961971282959 -0.7499999999999993
		endloop
	endfacet
	facet normal 0 0 1
		outer loop
			vertex 1.6427719593048096 3.0306358337402344 -0.7499999999999993
			vertex 1.644392490386963 3 -0.7499999999999993
			vertex 2.5 3.00961971282959 -0.7499999999999993
		endloop
	endfacet
	facet normal 0 0 1
		outer loop
			vertex 1.6427719593048096 3.0306358337402344 -0.7499999999999993
			vertex 2.5 3.00961971282959 -0.7499999999999993
			vertex 2.5 3.12368106842041 -0.7499999999999993
		endloop
	endfacet
	facet normal 3.2435436036219624e-17 -2.9882847174275294e-16 1
		outer loop
			vertex 1.623232364654541 3.4000401496887207 -0.7499999999999992
			vertex 1.6427719593048096 3.0306358337402344 -0.7499999999999993
			vertex 2.5 3.12368106842041 -0.7499999999999993
		endloop
	endfacet
	facet normal 2.7781327827495974e-17 -3.135939407480678e-16 1
		outer loop
			vertex 1.623232364654541 3.4000401496887207 -0.7499999999999992
			vertex 2.5 3.12368106842041 -0.7499999999999993
			vertex 2.5 3.477713108062744 -0.7499999999999992
		endloop
	endfacet
	facet normal 0 0 1
		outer loop
			vertex 1.623232364654541 3.4000401496887207 -0.7499999999999992
			vertex 2.5 3.477713108062744 -0.7499999999999992
			vertex 2.5 3.5947582721710205 -0.7499999999999992
		endloop
	endfacet
	facet normal 6.365936427508248e-17 -2.8664240170112e-16 1
		outer loop
			vertex 1.6029828786849976 3.782862901687622 -0.7499999999999991
			vertex 1.623232364654541 3.4000401496887207 -0.7499999999999992
			vertex 2.5 3.5947582721710205 -0.7499999999999992
		endloop
	endfacet
	facet normal 0 1 0
		outer loop
			vertex 1.7861124277114868 3 0.2679168581962592
			vertex 2.5 3 0.37500000000000067
			vertex 2.5 3 -0.3241260647773736
		endloop
	endfacet
	facet normal 0 1 0
		outer loop
			vertex 1.8696516752243042 3 -0.5802693963050836
			vertex 2.5 3 -0.3241260647773736
			vertex 2.5 3 -0.6341270208358758
		endloop
	endfacet
	facet normal 0 1 0
		outer loop
			vertex 1.8696516752243042 3 -0.5802693963050836
			vertex 1.7861124277114868 3 0.2679168581962592
			vertex 2.5 3 -0.3241260647773736
		endloop
	endfacet
	facet normal 7.779779014914252e-17 -2.192202967265289e-16 1
		outer loop
			vertex 1.6029828786849976 3.782862901687622 -0.7499999999999991
			vertex 2.5 3.5947582721710205 -0.7499999999999992
			vertex 2.5 4.607641696929932 -0.749999999999999
		endloop
	endfacet
	facet normal 5.647893101806332e-17 -1.9603422337232427e-16 1
		outer loop
			vertex 1.39643394947052 7.687744617462158 -0.7499999999999983
			vertex 1.6029828786849976 3.782862901687622 -0.7499999999999991
			vertex 2.5 4.607641696929932 -0.749999999999999
		endloop
	endfacet
	facet normal -4.70124990415352e-17 -2.3311403261284933e-16 1
		outer loop
			vertex 1.39643394947052 7.687744617462158 -0.7499999999999983
			vertex 2.5 4.607641696929932 -0.749999999999999
			vertex 2.5 8.893959045410156 -0.749999999999998
		endloop
	endfacet
	facet normal -1.9724732487083368e-16 0 -1
		outer loop
			vertex -1.3742766380310059 8.106637001037598 0.7500000000000018
			vertex -2.499993324279785 9.00848388671875 0.750000000000002
			vertex -2.499993324279785 9.008484840393066 0.750000000000002
		endloop
	endfacet
	facet normal -1.9724732487083368e-16 0 -1
		outer loop
			vertex -1.3742766380310059 8.106637001037598 0.7500000000000018
			vertex -1.3742766380310059 8.106636047363281 0.7500000000000018
			vertex -2.499993324279785 9.00848388671875 0.750000000000002
		endloop
	endfacet
	facet normal -4.1669769523176063e-17 2.0182716545904406e-16 -1
		outer loop
			vertex -1.4081201553344727 8.133749961853027 0.7500000000000018
			vertex -2.5 9.008489608764648 0.750000000000002
			vertex -2.5 10.108661651611328 0.7500000000000022
		endloop
	endfacet
	facet normal 1.5771979461136538e-17 2.3358528825692133e-16 -1
		outer loop
			vertex -1.122454285621643 12.867427825927734 0.7500000000000029
			vertex -1.4081201553344727 8.133749961853027 0.7500000000000018
			vertex -2.5 10.108661651611328 0.7500000000000022
		endloop
	endfacet
	facet normal 1.1267921755426478e-17 2.1716622656547536e-16 -1
		outer loop
			vertex -0.9923791289329529 15.022862434387207 0.7500000000000033
			vertex -2.5 10.5 0.7500000000000023
			vertex -2.5 12.544927597045898 0.7500000000000028
		endloop
	endfacet
	facet normal -8.458914985781724e-17 2.836990111489146e-16 -1
		outer loop
			vertex -1.122454285621643 12.867427825927734 0.7500000000000029
			vertex -2.5 10.108661651611328 0.7500000000000022
			vertex -2.5 10.5 0.7500000000000023
		endloop
	endfacet
	facet normal 4.314296803861548e-17 2.0937495798469666e-16 -1
		outer loop
			vertex -1.0114723443984985 14.965582847595215 0.7500000000000033
			vertex -1.122454285621643 12.867427825927734 0.7500000000000029
			vertex -2.5 10.5 0.7500000000000023
		endloop
	endfacet
	facet normal -4.740274248151343e-17 2.253872303708716e-16 -1
		outer loop
			vertex 1.1224548816680908 12.867416381835938 0.7500000000000029
			vertex 2.5 11.679383277893066 0.7500000000000026
			vertex 2.5 9.709044456481934 0.7500000000000021
		endloop
	endfacet
	facet normal -7.259713286733883e-17 2.1439852786666853e-16 -1
		outer loop
			vertex 1.551192045211792 5.7629499435424805 0.7500000000000013
			vertex 1.1224548816680908 12.867416381835938 0.7500000000000029
			vertex 2.5 9.709044456481934 0.7500000000000021
		endloop
	endfacet
	facet normal -5.209398745185793e-17 2.1994764995316302e-16 -1
		outer loop
			vertex 1.1224548816680908 12.867416381835938 0.7500000000000029
			vertex 2.5 12.68891716003418 0.7500000000000028
			vertex 2.5 11.679383277893066 0.7500000000000026
		endloop
	endfacet
	facet normal -1.3291484887208797e-16 -1.9266021763591153e-16 1
		outer loop
			vertex -1.1913909912109375 11.564157485961914 -0.7499999999999974
			vertex -2.5 6.128101348876953 -0.7499999999999987
			vertex -2.5 4.975582122802734 -0.7499999999999989
		endloop
	endfacet
	facet normal 2.3595046220921625e-17 -2.303364765851378e-16 1
		outer loop
			vertex -1.1913909912109375 11.564157485961914 -0.7499999999999974
			vertex -1.3362748622894287 15.405320167541504 -0.7499999999999966
			vertex -2.5 6.128101348876953 -0.7499999999999987
		endloop
	endfacet
	facet normal 0 0 1
		outer loop
			vertex -1.7634347677230835 12 -0.7499999999999973
			vertex -2.5 12 -0.7499999999999973
			vertex -2.5 11.953587532043457 -0.7499999999999973
		endloop
	endfacet
	facet normal -4.856447920021499e-18 -1.7233106573170343e-16 1
		outer loop
			vertex 1.2626327276229858 10.217306137084961 -0.7499999999999978
			vertex 2.5 8.893959045410156 -0.749999999999998
			vertex 2.5 9.53819751739502 -0.7499999999999979
		endloop
	endfacet
	facet normal -5.856205464052033e-17 -2.2254733969123873e-16 1
		outer loop
			vertex 1.2626327276229858 10.217306137084961 -0.7499999999999978
			vertex 1.39643394947052 7.687744617462158 -0.7499999999999983
			vertex 2.5 8.893959045410156 -0.749999999999998
		endloop
	endfacet
	facet normal 8.972461527064553e-17 0 1
		outer loop
			vertex 1.2626327276229858 10.217306137084961 -0.7499999999999978
			vertex 2.5 9.53819751739502 -0.7499999999999979
			vertex 2.5 9.663045883178711 -0.7499999999999979
		endloop
	endfacet
	facet normal -9.554899028087542e-17 -4.136170586453723e-16 1
		outer loop
			vertex 1.233885407447815 10.760783195495605 -0.7499999999999976
			vertex 1.2626327276229858 10.217306137084961 -0.7499999999999978
			vertex 2.5 9.663045883178711 -0.7499999999999979
		endloop
	endfacet
	facet normal 2.630622135996107e-16 0 1
		outer loop
			vertex 1.233885407447815 10.760783195495605 -0.7499999999999976
			vertex 2.5 9.663045883178711 -0.7499999999999979
			vertex 2.5 9.669269561767578 -0.7499999999999979
		endloop
	endfacet
	facet normal 2.756313114731374e-16 1.457967884334656e-17 1
		outer loop
			vertex 1.2324259281158447 10.788374900817871 -0.7499999999999976
			vertex 1.233885407447815 10.760783195495605 -0.7499999999999976
			vertex 2.5 9.669269561767578 -0.7499999999999979
		endloop
	endfacet
	facet normal -2.5847494706043434e-17 -2.3066043649371247e-16 1
		outer loop
			vertex 2 12 -0.7499999999999973
			vertex 2.5 10.5 -0.7499999999999977
			vertex 2.5 11.943970680236816 -0.7499999999999973
		endloop
	endfacet
	facet normal 2.677795248541194e-17 -2.6728839429247883e-16 1
		outer loop
			vertex 1.2324259281158447 10.788374900817871 -0.7499999999999976
			vertex 2.5 9.669269561767578 -0.7499999999999979
			vertex 2.5 10.5 -0.7499999999999977
		endloop
	endfacet
	facet normal 3.96916122467345e-17 -2.1052540888646256e-16 1
		outer loop
			vertex 1.011472225189209 14.965582847595215 -0.7499999999999967
			vertex 1.2324259281158447 10.788374900817871 -0.7499999999999976
			vertex 2.5 10.5 -0.7499999999999977
		endloop
	endfacet
	facet normal 0 0 1
		outer loop
			vertex 2 12 -0.7499999999999973
			vertex 2.5 11.943970680236816 -0.7499999999999973
			vertex 2.5 12 -0.7499999999999973
		endloop
	endfacet
	facet normal 0 0 1
		outer loop
			vertex 2 12 -0.7499999999999973
			vertex 2.5 12 -0.7499999999999973
			vertex 2.5 12.147406578063965 -0.7499999999999973
		endloop
	endfacet
	facet normal 3.6820365316360185e-16 0 -1
		outer loop
			vertex -0.9923791289329529 15.022862434387207 0.7500000000000033
			vertex -2.5 12.624276161193848 0.7500000000000028
			vertex -2.5 12.700213432312012 0.7500000000000028
		endloop
	endfacet
	facet normal 3.6820365316360185e-16 0 -1
		outer loop
			vertex -0.9923791289329529 15.022862434387207 0.7500000000000033
			vertex -2.5 12.544927597045898 0.7500000000000028
			vertex -2.5 12.624276161193848 0.7500000000000028
		endloop
	endfacet
	facet normal -1.9495078198431965e-15 1.0541237782913022e-15 -1
		outer loop
			vertex -1.8106600046157837 14.396373748779297 0.7500000000000032
			vertex -2.5 12.700213432312012 0.7500000000000028
			vertex -2.5 12.805535316467285 0.7500000000000029
		endloop
	endfacet
	facet normal -9.403607322969147e-17 3.000376976134636e-16 -1
		outer loop
			vertex -1.8106600046157837 14.396373748779297 0.7500000000000032
			vertex -0.9923791289329529 15.022862434387207 0.7500000000000033
			vertex -2.5 12.700213432312012 0.7500000000000028
		endloop
	endfacet
	facet normal 0 -2.7564850402688596e-16 1
		outer loop
			vertex -1.7634347677230835 12 -0.7499999999999973
			vertex -2.5 12.805535316467285 -0.7499999999999971
			vertex -2.5 12 -0.7499999999999973
		endloop
	endfacet
	facet normal 4.918300071086349e-17 -2.3067656101941365e-16 1
		outer loop
			vertex -1.7634347677230835 12 -0.7499999999999973
			vertex -1.8106563091278076 14.396381378173828 -0.7499999999999968
			vertex -2.5 12.805535316467285 -0.7499999999999971
		endloop
	endfacet
	facet normal 1.8563676396608575e-15 9.520155853792826e-16 -1
		outer loop
			vertex 2.1741013526916504 13.557634353637695 0.750000000000003
			vertex 2.5 12.805535316467285 0.7500000000000029
			vertex 2.5 12.68891716003418 0.7500000000000028
		endloop
	endfacet
	facet normal -4.989984415726904e-17 2.368806727073936e-16 -1
		outer loop
			vertex 1.1224548816680908 12.867416381835938 0.7500000000000029
			vertex 2.1741013526916504 13.557634353637695 0.750000000000003
			vertex 2.5 12.68891716003418 0.7500000000000028
		endloop
	endfacet
	facet normal 4.486785787622969e-16 0 1
		outer loop
			vertex 2.0051143169403076 13.94761848449707 -0.7499999999999969
			vertex 2.5 12.805535316467285 -0.7499999999999971
			vertex 2.5 12.805536270141602 -0.7499999999999971
		endloop
	endfacet
	facet normal 6.863686959176239e-17 -2.3281481224663686e-16 1
		outer loop
			vertex 2 12 -0.7499999999999973
			vertex 2.5 12.147406578063965 -0.7499999999999973
			vertex 2.5 12.624276161193848 -0.7499999999999972
		endloop
	endfacet
	facet normal 3.749013263033671e-17 -2.078685313395928e-16 1
		outer loop
			vertex 0.9923791289329529 15.022862434387207 -0.7499999999999967
			vertex 2 12 -0.7499999999999973
			vertex 2.5 12.624276161193848 -0.7499999999999972
		endloop
	endfacet
	facet normal -9.64837764228667e-16 -6.12502679751321e-16 1
		outer loop
			vertex 2.0051143169403076 13.94761848449707 -0.7499999999999969
			vertex 2.5 12.624275207519531 -0.7499999999999972
			vertex 2.5 12.805535316467285 -0.7499999999999971
		endloop
	endfacet
	facet normal -7.95558135248134e-17 -2.8143713500836796e-16 1
		outer loop
			vertex 2.0051143169403076 13.94761848449707 -0.7499999999999969
			vertex 0.9923791289329529 15.022862434387207 -0.7499999999999967
			vertex 2.5 12.624275207519531 -0.7499999999999972
		endloop
	endfacet
	facet normal 0 0 -1
		outer loop
			vertex -1.1234670877456665 15.857932090759277 -0.7499999999999964
			vertex -1.122454285621643 15.860086441040039 -0.7499999999999964
			vertex -1.1227165460586548 15.859528541564941 -0.7499999999999964
		endloop
	endfacet
	facet normal 0 0 -1
		outer loop
			vertex 0.946843147277832 16.18745994567871 0.7500000000000036
			vertex 1.122454285621643 15.860086441040039 0.7500000000000036
			vertex 1.1227165460586548 15.859528541564941 0.7500000000000036
		endloop
	endfacet
	facet normal 0 0 -1
		outer loop
			vertex 1.1227165460586548 15.859528541564941 0.7500000000000036
			vertex 1.1234670877456665 15.857932090759277 0.7500000000000036
			vertex 1.1227164268493652 15.859528541564941 0.7500000000000036
		endloop
	endfacet
	facet normal 0 0 -1
		outer loop
			vertex 0.946843147277832 16.18745994567871 0.7500000000000036
			vertex 1.1227164268493652 15.859528541564941 0.7500000000000036
			vertex 1.1234670877456665 15.857932090759277 0.7500000000000036
		endloop
	endfacet
	facet normal 3.9738199241698726e-15 2.129931425336031e-15 -1
		outer loop
			vertex 1.1234670877456665 15.857932090759277 0.7500000000000036
			vertex 1.8763489723205566 14.244778633117676 0.7500000000000031
			vertex 0.946843147277832 16.18745994567871 0.7500000000000036
		endloop
	endfacet
	facet normal -6.5690409992288e-17 1.971654273071884e-16 -1
		outer loop
			vertex 0.946843147277832 16.18745994567871 0.7500000000000036
			vertex 1.8763489723205566 14.244778633117676 0.7500000000000031
			vertex 1.1224548816680908 12.867416381835938 0.7500000000000029
		endloop
	endfacet
	facet normal 4.1493979533736473e-16 2.225880768403147e-16 -1
		outer loop
			vertex 1.1224548816680908 12.867416381835938 0.7500000000000029
			vertex 0.9189618229866028 16.23943519592285 0.7500000000000036
			vertex 0.946843147277832 16.18745994567871 0.7500000000000036
		endloop
	endfacet
	facet normal 0 0 -1
		outer loop
			vertex 0.946843147277832 16.18745994567871 0.7500000000000036
			vertex 0.9189618825912476 16.23943519592285 0.7500000000000036
			vertex 0.9189621806144714 16.23943519592285 0.7500000000000036
		endloop
	endfacet
	facet normal -3.676663665803199e-19 1.6141126723869548e-16 -1
		outer loop
			vertex 1.1224548816680908 12.867416381835938 0.7500000000000029
			vertex 1.8763489723205566 14.244778633117676 0.7500000000000031
			vertex 2.1741013526916504 13.557634353637695 0.750000000000003
		endloop
	endfacet
	facet normal -7.613431905379904e-15 -3.2780054037052365e-15 -1
		outer loop
			vertex 1.1234670877456665 15.857932090759277 0.7500000000000036
			vertex 1.8763415813446045 14.244795799255371 0.7500000000000031
			vertex 1.8763489723205566 14.244778633117676 0.7500000000000031
		endloop
	endfacet
	facet normal 1.3742599156558649e-14 6.689169196309795e-15 -1
		outer loop
			vertex 1.8108221292495728 14.395999908447266 0.7500000000000032
			vertex 1.8763415813446045 14.244795799255371 0.7500000000000031
			vertex 1.1234670877456665 15.857932090759277 0.7500000000000036
		endloop
	endfacet
	facet normal 3.459462380183154e-11 1.4991205142153107e-11 -1
		outer loop
			vertex 1.8108221292495728 14.395999908447266 0.7500000000000032
			vertex 1.8131872415542603 14.390542030334473 0.7500000000000032
			vertex 1.8763415813446045 14.244795799255371 0.7500000000000031
		endloop
	endfacet
	facet normal -2.8086263300956536e-11 -1.3205058411010103e-11 -1
		outer loop
			vertex 1.2315477132797241 15.628060340881348 0.7500000000000034
			vertex 1.8108229637145996 14.395998001098633 0.7500000000000032
			vertex 1.1234670877456665 15.857932090759277 0.7500000000000036
		endloop
	endfacet
	facet normal -5.974108768451765e-15 -2.6286078581187765e-15 -1
		outer loop
			vertex 1.2315477132797241 15.628060340881348 0.7500000000000034
			vertex 1.8108124732971191 14.396021842956543 0.7500000000000032
			vertex 1.8108229637145996 14.395998001098633 0.7500000000000032
		endloop
	endfacet
	facet normal 0 0 -1
		outer loop
			vertex -1.1224544048309326 15.860085487365723 0.7500000000000036
			vertex -1.122454285621643 15.860086441040039 0.7500000000000036
			vertex -1.1221927404403687 15.860573768615723 0.7500000000000036
		endloop
	endfacet
	facet normal 0 0 -1
		outer loop
			vertex -1.1224544048309326 15.860085487365723 0.7500000000000036
			vertex -1.1221927404403687 15.860573768615723 0.7500000000000036
			vertex -1.1221041679382324 15.860738754272461 0.7500000000000036
		endloop
	endfacet
	facet normal 0 0 -1
		outer loop
			vertex -1.1224544048309326 15.860085487365723 0.7500000000000036
			vertex -1.1221041679382324 15.860738754272461 0.7500000000000036
			vertex -1.0877097845077515 15.924845695495605 0.7500000000000036
		endloop
	endfacet
	facet normal -3.833276516106511e-16 2.0565983493871816e-16 -1
		outer loop
			vertex -1.1224544048309326 15.860085487365723 0.7500000000000036
			vertex -1.0877097845077515 15.924845695495605 0.7500000000000036
			vertex -0.9923791289329529 15.022862434387207 0.7500000000000033
		endloop
	endfacet
	facet normal -6.365355343819344e-17 2.5532604559702327e-16 -1
		outer loop
			vertex -0.9923791289329529 15.022862434387207 0.7500000000000033
			vertex -1.3540468215942383 15.367523193359375 0.7500000000000034
			vertex -1.1224544048309326 15.860085487365723 0.7500000000000036
		endloop
	endfacet
	facet normal 0 0 -1
		outer loop
			vertex -1.0877108573913574 15.92485523223877 0.7500000000000036
			vertex -1.0877097845077515 15.924845695495605 0.7500000000000036
			vertex -1.1221041679382324 15.860738754272461 0.7500000000000036
		endloop
	endfacet
	facet normal -4.143828706392135e-16 2.222841232641877e-16 -1
		outer loop
			vertex -0.9868857860565186 15.113890647888184 0.7500000000000033
			vertex -1.0756727457046509 15.947296142578125 0.7500000000000036
			vertex -0.9189618825912476 16.239437103271484 0.7500000000000036
		endloop
	endfacet
	facet normal 0 0 -1
		outer loop
			vertex -0.9189618825912476 16.239437103271484 0.7500000000000036
			vertex -1.0756727457046509 15.947296142578125 0.7500000000000036
			vertex -0.999884843826294 16.088581085205078 0.7500000000000036
		endloop
	endfacet
	facet normal -4.1437391651485675e-16 2.2228507719295705e-16 -1
		outer loop
			vertex -0.9868857860565186 15.113890647888184 0.7500000000000033
			vertex -1.0877108573913574 15.92485523223877 0.7500000000000036
			vertex -1.0756727457046509 15.947296142578125 0.7500000000000036
		endloop
	endfacet
	facet normal -1.4826209808581225e-15 8.947275894370557e-17 -1
		outer loop
			vertex -0.9923791289329529 15.022862434387207 0.7500000000000033
			vertex -1.0877108573913574 15.92485523223877 0.7500000000000036
			vertex -0.9868857860565186 15.113890647888184 0.7500000000000033
		endloop
	endfacet
	facet normal 0 0 -1
		outer loop
			vertex 1.0756727457046509 15.947296142578125 -0.7499999999999964
			vertex 0.9735731482505798 16.137630462646484 -0.7499999999999964
			vertex 0.9189618825912476 16.239437103271484 -0.7499999999999964
		endloop
	endfacet
	facet normal -4.143828706392135e-16 -2.222841232641877e-16 1
		outer loop
			vertex 1.0756727457046509 15.947296142578125 -0.7499999999999964
			vertex 0.9189618825912476 16.239437103271484 -0.7499999999999964
			vertex 0.9868857860565186 15.113890647888184 -0.7499999999999967
		endloop
	endfacet
	facet normal -4.1437391651485675e-16 -2.2228507719295705e-16 1
		outer loop
			vertex 0.9868857860565186 15.113890647888184 -0.7499999999999967
			vertex 1.0877108573913574 15.92485523223877 -0.7499999999999964
			vertex 1.0756727457046509 15.947296142578125 -0.7499999999999964
		endloop
	endfacet
	facet normal -1.4826209808581225e-15 -8.947275894370557e-17 1
		outer loop
			vertex 0.9923791289329529 15.022862434387207 -0.7499999999999967
			vertex 1.0877108573913574 15.92485523223877 -0.7499999999999964
			vertex 0.9868857860565186 15.113890647888184 -0.7499999999999967
		endloop
	endfacet
	facet normal -3.3963421688450105e-15 -1.822284158385795e-15 1
		outer loop
			vertex 1.121825933456421 15.861257553100586 -0.7499999999999964
			vertex 1.3540469408035278 15.367523193359375 -0.7499999999999966
			vertex 1.122454285621643 15.860086441040039 -0.7499999999999964
		endloop
	endfacet
	facet normal -1.537402073729562e-13 -7.253440523591397e-14 1
		outer loop
			vertex 1.773030400276184 14.47640609741211 -0.7499999999999968
			vertex 1.3540469408035278 15.367523193359375 -0.7499999999999966
			vertex 1.121825933456421 15.861257553100586 -0.7499999999999964
		endloop
	endfacet
	facet normal 0 1 0
		outer loop
			vertex -1.644392490386963 3 0.7500000000000007
			vertex -1.6530070304870605 3 0.7338833808898932
			vertex -1.6443943977355957 3 0.7500000000000007
		endloop
	endfacet
	facet normal 0 1 0
		outer loop
			vertex -1.6443943977355957 3 0.7500000000000007
			vertex -1.6530070304870605 3 0.7338833808898932
			vertex -1.6630189418792725 3 0.7151524424552924
		endloop
	endfacet
	facet normal 0 1 0
		outer loop
			vertex -1.6443943977355957 3 0.7500000000000007
			vertex -1.6630189418792725 3 0.7151524424552924
			vertex -1.6730891466140747 3 0.6963123679161078
		endloop
	endfacet
	facet normal 0 1 0
		outer loop
			vertex -1.6730891466140747 3 0.6963123679161078
			vertex -1.6630189418792725 3 0.7151524424552924
			vertex -1.6687558889389038 3 0.704419136047364
		endloop
	endfacet
	facet normal 0 -1 0
		outer loop
			vertex -1.7772548198699951 3 0.35498070716857977
			vertex -1.7768702507019043 3 0.35624867677688665
			vertex -1.7769484519958496 3 0.3559908568859107
		endloop
	endfacet
	facet normal 0 1 0
		outer loop
			vertex 1.6745316982269287 3 0.6936135888099677
			vertex 1.6753348112106323 3 0.6909662485122687
			vertex 1.6752564907073975 3 0.6912240386009223
		endloop
	endfacet
	facet normal -6.467221347135419e-10 3.4208125653505714e-11 1
		outer loop
			vertex -1.191390872001648 11.564157485961914 -0.7499999999999974
			vertex -1.1256743669509888 12.806551933288574 -0.7499999999999971
			vertex -1.1199086904525757 12.915555000305176 -0.7499999999999971
		endloop
	endfacet
	facet normal 0 0 -1
		outer loop
			vertex -1.1199086904525757 12.915555000305176 -0.7499999999999971
			vertex -1.1256743669509888 12.806551933288574 -0.7499999999999971
			vertex -1.123600959777832 12.84575080871582 -0.7499999999999971
		endloop
	endfacet
	facet normal 0 1 0
		outer loop
			vertex -1.6777985095977783 3 0.6875017881393439
			vertex -1.6745316982269287 3 0.6936134099960334
			vertex -1.6763797998428345 3 0.6875211596488959
		endloop
	endfacet
	facet normal 0 1 0
		outer loop
			vertex -1.6777985095977783 3 0.6875017881393439
			vertex -1.6763797998428345 3 0.6875211596488959
			vertex -1.6764073371887207 3 0.6874302029609687
		endloop
	endfacet
	facet normal 0 1 0
		outer loop
			vertex -1.6777985095977783 3 0.6875017881393439
			vertex -1.6574270725250244 3 0.7500000000000007
			vertex -1.6745316982269287 3 0.6936134099960334
		endloop
	endfacet
	facet normal 0 1 0
		outer loop
			vertex 1.7727010250091553 3 0.5099517107009894
			vertex 1.7727009057998657 3 0.5099517703056342
			vertex 1.658782720565796 3 0.7230779528617866
		endloop
	endfacet
	facet normal 0 1 0
		outer loop
			vertex -1.6574270725250244 3 0.7500000000000007
			vertex -1.6443943977355957 3 0.7500000000000007
			vertex -1.6732804775238037 3 0.6959543228149421
		endloop
	endfacet
	facet normal 0 1 0
		outer loop
			vertex -1.6574270725250244 3 0.7500000000000007
			vertex -1.6732804775238037 3 0.6959543228149421
			vertex -1.6745315790176392 3 0.6936137080192573
		endloop
	endfacet
	facet normal 0 1 0
		outer loop
			vertex -1.6745315790176392 3 0.6936137080192573
			vertex -1.6732804775238037 3 0.6959543228149421
			vertex -1.6733543872833252 3 0.6958160400390632
		endloop
	endfacet
	facet normal 0 1 0
		outer loop
			vertex -1.7741166353225708 3 0.3653257787227637
			vertex -1.7772548198699951 3 0.35498070716857977
			vertex -1.7775824069976807 3 0.3539009094238288
		endloop
	endfacet
	facet normal 0 -1 0
		outer loop
			vertex -1.7741166353225708 3 0.3653257787227637
			vertex -1.7775824069976807 3 0.3539009094238288
			vertex -1.7805474996566772 3 0.3441264927387244
		endloop
	endfacet
	facet normal 0 1 0
		outer loop
			vertex -1.7741166353225708 3 0.3653257787227637
			vertex -1.7805474996566772 3 0.3441264927387244
			vertex -1.739742636680603 3 0.47864207625389166
		endloop
	endfacet
	facet normal 0 1 0
		outer loop
			vertex -1.7644184827804565 3 0.39729630947113104
			vertex -1.7741166353225708 3 0.3653257787227637
			vertex -1.739742636680603 3 0.47864207625389166
		endloop
	endfacet
	facet normal 0 1 0
		outer loop
			vertex -1.7644184827804565 3 0.39729630947113104
			vertex -1.739742636680603 3 0.47864207625389166
			vertex -1.6767549514770508 3 0.6862845420837409
		endloop
	endfacet
	facet normal 0 1 0
		outer loop
			vertex -1.9747943878173828 3 -0.29621884226798945
			vertex -1.7837064266204834 3 0.3337125480175025
			vertex -1.9747941493988037 3 -0.29621911048889094
		endloop
	endfacet
	facet normal 0 1 0
		outer loop
			vertex -1.8396787643432617 3 -0.275951832532882
			vertex -1.8053120374679565 3 -0.07298028469085627
			vertex -1.7861124277114868 3 -0.2679168581962579
		endloop
	endfacet
	facet normal 0 1 0
		outer loop
			vertex -1.8125 3 -6.203745208654965e-7
			vertex -1.8053120374679565 3 -0.07298028469085627
			vertex -1.8396787643432617 3 -0.275951832532882
		endloop
	endfacet
	facet normal 0 1 0
		outer loop
			vertex -1.8396787643432617 3 -0.275951832532882
			vertex -1.8125 3 -3.4775527457675537e-7
			vertex -1.8125 3 -6.203745208654965e-7
		endloop
	endfacet
	facet normal 0 1 0
		outer loop
			vertex -1.8125 3 -6.203745208654965e-7
			vertex -1.80922532081604 3 -0.0332482643425458
			vertex -1.8053120374679565 3 -0.07298028469085627
		endloop
	endfacet
	facet normal 0 1 0
		outer loop
			vertex -1.7805474996566772 3 0.3441264927387244
			vertex -1.777673363685608 3 0.35360118746757574
			vertex -1.9747943878173828 3 -0.29621884226798945
		endloop
	endfacet
	facet normal 0 1 0
		outer loop
			vertex -1.9747943878173828 3 -0.29621884226798945
			vertex -1.777673363685608 3 0.35360118746757574
			vertex -1.7837064266204834 3 0.3337125480175025
		endloop
	endfacet
	facet normal 0 1 0
		outer loop
			vertex -1.8122787475585938 3 0.0022463183850056634
			vertex -1.8122645616531372 3 0.002390663139522742
			vertex -1.8122551441192627 3 0.0024851597845561013
		endloop
	endfacet
	facet normal 0 1 0
		outer loop
			vertex -1.8122363090515137 3 0.0026774872094399438
			vertex -1.8122551441192627 3 0.0024851597845561013
			vertex -1.8122645616531372 3 0.002390663139522742
		endloop
	endfacet
	facet normal 0 -1 0
		outer loop
			vertex -1.8122363090515137 3 0.0026774872094399438
			vertex -1.8122475147247314 3 0.00256330030970342
			vertex -1.8122551441192627 3 0.0024851597845561013
		endloop
	endfacet
	facet normal 0 1 0
		outer loop
			vertex -1.777673363685608 3 0.3536010980606086
			vertex -1.8080244064331055 3 0.04544140771031446
			vertex -1.9747941493988037 3 -0.29621911048889094
		endloop
	endfacet
	facet normal 0 1 0
		outer loop
			vertex -1.8080244064331055 3 0.04544140771031446
			vertex -1.839684247970581 3 -0.2759526371955865
			vertex -1.9747941493988037 3 -0.29621911048889094
		endloop
	endfacet
	facet normal 0 1 0
		outer loop
			vertex -1.8080244064331055 3 0.04544140771031446
			vertex -1.8124065399169922 3 0.0009483500034555004
			vertex -1.839684247970581 3 -0.2759526371955865
		endloop
	endfacet
	facet normal 0 -1 0
		outer loop
			vertex -1.8112990856170654 3 0.01219314523041315
			vertex -1.8124065399169922 3 0.0009483500034555004
			vertex -1.8080244064331055 3 0.04544140771031446
		endloop
	endfacet
	facet normal 0 -1 0
		outer loop
			vertex -1.8112990856170654 3 0.01219314523041315
			vertex -1.8122787475585938 3 0.0022463183850056634
			vertex -1.8124065399169922 3 0.0009483500034555004
		endloop
	endfacet
	facet normal 0 1 0
		outer loop
			vertex -1.8396791219711304 3 -0.2759518623352044
			vertex -1.8125 3 -8.716361965532826e-8
			vertex -1.8125 3 -2.0549758450449929e-7
		endloop
	endfacet
	facet normal 0 1 0
		outer loop
			vertex -1.839684247970581 3 -0.2759526371955865
			vertex -1.8125 3 6.661338147750939e-16
			vertex -1.8396791219711304 3 -0.2759518623352044
		endloop
	endfacet
	facet normal 0 1 0
		outer loop
			vertex -1.8396791219711304 3 -0.2759518623352044
			vertex -1.8125 3 -2.0549758450449929e-7
			vertex -1.8396788835525513 3 -0.275951832532882
		endloop
	endfacet
	facet normal 0 1 0
		outer loop
			vertex -1.8396788835525513 3 -0.275951832532882
			vertex -1.8125 3 -2.5604151621116955e-7
			vertex -1.8396787643432617 3 -0.275951832532882
		endloop
	endfacet
	facet normal 0 -1 0
		outer loop
			vertex 1.7727010250091553 3 0.5099517107009894
			vertex 1.658782720565796 3 0.7230779528617866
			vertex 1.6534616947174072 3 0.7330328822135932
		endloop
	endfacet
	facet normal 0 1 0
		outer loop
			vertex 1.7295728921890259 3 0.5121709704399116
			vertex 1.7295717000961304 3 0.5121710300445563
			vertex 1.7295632362365723 3 0.5121990442276008
		endloop
	endfacet
	facet normal 0 1 0
		outer loop
			vertex 1.7295728921890259 3 0.5121709704399116
			vertex 1.7295632362365723 3 0.5121990442276008
			vertex 1.6780883073806763 3 0.6818891167640693
		endloop
	endfacet
	facet normal 0 -1 0
		outer loop
			vertex 1.7295728921890259 3 0.5121709704399116
			vertex 1.6780883073806763 3 0.6818891167640693
			vertex 1.6758036613464355 3 0.6894203424453742
		endloop
	endfacet
	facet normal 0 1 0
		outer loop
			vertex 1.7295728921890259 3 0.5121709704399116
			vertex 1.6758036613464355 3 0.6894203424453742
			vertex 1.6745316982269287 3 0.6936135888099677
		endloop
	endfacet
	facet normal 0 1 0
		outer loop
			vertex 1.7295728921890259 3 0.5121709704399116
			vertex 1.6745316982269287 3 0.6936135888099677
			vertex 1.7727009057998657 3 0.5099517703056342
		endloop
	endfacet
	facet normal 0 1 0
		outer loop
			vertex 1.6745316982269287 3 0.6936135888099677
			vertex 1.6752564907073975 3 0.6912240386009223
			vertex 1.6745315790176392 3 0.6936137080192573
		endloop
	endfacet
	facet normal 0 1 0
		outer loop
			vertex 1.8029015064239502 3 0.27043521404266424
			vertex 1.7861124277114868 3 0.2679168581962592
			vertex 1.7856614589691162 3 0.2724955379962928
		endloop
	endfacet
	facet normal 0 1 0
		outer loop
			vertex 1.7779179811477661 3 0.351116061210633
			vertex 1.777673363685608 3 0.35360118746757574
			vertex 1.7776734828948975 3 0.3536005020141608
		endloop
	endfacet
	facet normal 0 1 0
		outer loop
			vertex 1.7779234647750854 3 0.35106065869331426
			vertex 1.7779122591018677 3 0.3511750698089606
			vertex 1.778874158859253 3 0.3414080739021308
		endloop
	endfacet
	facet normal 0 1 0
		outer loop
			vertex 1.7776734828948975 3 0.3536005616188056
			vertex 1.778874158859253 3 0.3414080739021308
			vertex 1.7779122591018677 3 0.3511750698089606
		endloop
	endfacet
	facet normal 0 1 0
		outer loop
			vertex 1.7856615781784058 3 0.2724955379962928
			vertex 1.778874158859253 3 0.3414080739021308
			vertex 1.7776734828948975 3 0.3536005616188056
		endloop
	endfacet
	facet normal 0 1 0
		outer loop
			vertex 1.8029015064239502 3 0.27043521404266424
			vertex 1.7856615781784058 3 0.2724955379962928
			vertex 1.7776734828948975 3 0.3536005616188056
		endloop
	endfacet
	facet normal 0 1 0
		outer loop
			vertex -1.7643005847930908 3 -0.48937642574310236
			vertex -1.777673363685608 3 -0.3536012172698968
			vertex -1.7776732444763184 3 -0.3536014258861535
		endloop
	endfacet
	facet normal 0 1 0
		outer loop
			vertex -1.7643004655838013 3 -0.48937642574310236
			vertex -1.7776732444763184 3 -0.3536014854907983
			vertex -1.7776731252670288 3 -0.3536016643047326
		endloop
	endfacet
	facet normal 0 1 0
		outer loop
			vertex -1.7643004655838013 3 -0.48937642574310236
			vertex -1.7776731252670288 3 -0.3536017239093774
			vertex -1.7679752111434937 3 -0.3855717480182641
		endloop
	endfacet
	facet normal 0 1 0
		outer loop
			vertex -1.7643004655838013 3 -0.48937642574310236
			vertex -1.7679752111434937 3 -0.3855717480182641
			vertex -1.7361574172973633 3 -0.49046075344085627
		endloop
	endfacet
	facet normal 0 -1 0
		outer loop
			vertex -1.7361574172973633 3 -0.49046075344085627
			vertex -1.7679752111434937 3 -0.3855717480182641
			vertex -1.7361575365066528 3 -0.4904603958129876
		endloop
	endfacet
	facet normal 0 1 0
		outer loop
			vertex -1.7643005847930908 3 -0.48937642574310236
			vertex -1.7776732444763184 3 -0.3536014258861535
			vertex -1.7643004655838013 3 -0.48937642574310236
		endloop
	endfacet
	facet normal 0 1 0
		outer loop
			vertex -1.7643033266067505 3 -0.4893763065338128
			vertex -1.777673363685608 3 -0.3536012172698968
			vertex -1.7643005847930908 3 -0.48937642574310236
		endloop
	endfacet
	facet normal 0 1 0
		outer loop
			vertex -1.7779444456100464 3 -0.35084792971610956
			vertex -1.7779179811477661 3 -0.35111606121063166
			vertex -1.7778953313827515 3 -0.3513460159301751
		endloop
	endfacet
	facet normal 0 -1 0
		outer loop
			vertex -1.7779444456100464 3 -0.35084792971610956
			vertex -1.7778953313827515 3 -0.3513460159301751
			vertex -1.778874158859253 3 -0.34140807390212946
		endloop
	endfacet
	facet normal 0 1 0
		outer loop
			vertex -1.778874158859253 3 -0.34140807390212946
			vertex -1.7778953313827515 3 -0.3513460159301751
			vertex -1.7776901721954346 3 -0.35342955589294367
		endloop
	endfacet
	facet normal 0 1 0
		outer loop
			vertex -1.778874158859253 3 -0.34140807390212946
			vertex -1.7776901721954346 3 -0.35342955589294367
			vertex -1.7861125469207764 3 -0.26791688799858027
		endloop
	endfacet
	facet normal 0 1 0
		outer loop
			vertex -1.7861125469207764 3 -0.26791688799858027
			vertex -1.7776901721954346 3 -0.35342955589294367
			vertex -1.7643033266067505 3 -0.4893763065338128
		endloop
	endfacet
	facet normal 0 1 0
		outer loop
			vertex -1.7361574172973633 3 -0.49046075344085627
			vertex -1.6780883073806763 3 -0.6818891167640679
			vertex -1.6625818014144897 3 -0.733007371425628
		endloop
	endfacet
	facet normal 0 -1 0
		outer loop
			vertex -1.6745277643203735 3 -0.6936210393905633
			vertex -1.658782720565796 3 -0.7230779528617852
			vertex -1.674527645111084 3 -0.6936210989952081
		endloop
	endfacet
	facet normal 0 1 0
		outer loop
			vertex -1.6753062009811401 3 -0.6910605430603021
			vertex -1.6752564907073975 3 -0.691224038600921
			vertex -1.6625816822052002 3 -0.733007371425628
		endloop
	endfacet
	facet normal 0 -1 0
		outer loop
			vertex -1.6625796556472778 3 -0.7330073118209832
			vertex -1.67453134059906 3 -0.6936141848564141
			vertex -1.67453134059906 3 -0.6936143636703485
		endloop
	endfacet
	facet normal 0 1 0
		outer loop
			vertex -1.6625796556472778 3 -0.7330073118209832
			vertex -1.67453134059906 3 -0.6936143636703485
			vertex -1.6745277643203735 3 -0.6936210393905633
		endloop
	endfacet
	facet normal 0 1 0
		outer loop
			vertex -1.6625796556472778 3 -0.7330073118209832
			vertex -1.674527645111084 3 -0.6936210989952081
			vertex -1.658782720565796 3 -0.7230779528617852
		endloop
	endfacet
	facet normal 0 1 0
		outer loop
			vertex -1.6625796556472778 3 -0.7330073118209832
			vertex -1.658782720565796 3 -0.7230779528617852
			vertex -1.6535420417785645 3 -0.7328824400901788
		endloop
	endfacet
	facet normal 0 1 0
		outer loop
			vertex -1.662581443786621 3 -0.733007371425628
			vertex -1.67453134059906 3 -0.6936141848564141
			vertex -1.6625796556472778 3 -0.7330073118209832
		endloop
	endfacet
	facet normal 0 1 0
		outer loop
			vertex -1.662581443786621 3 -0.733007371425628
			vertex -1.6745315790176392 3 -0.6936137080192559
			vertex -1.67453134059906 3 -0.6936141848564141
		endloop
	endfacet
	facet normal 0 1 0
		outer loop
			vertex -1.6625816822052002 3 -0.733007371425628
			vertex -1.6745315790176392 3 -0.6936137080192559
			vertex -1.662581443786621 3 -0.733007371425628
		endloop
	endfacet
	facet normal 0 1 0
		outer loop
			vertex 1.8125 3 -8.278092811231375e-8
			vertex 1.8125 3 -4.2997871152472555e-7
			vertex 1.8122551441192627 3 -0.002485168632119228
		endloop
	endfacet
	facet normal 0 1 0
		outer loop
			vertex 1.7562915086746216 3 -0.5705837607383721
			vertex 1.712975025177002 3 -0.5668827891349786
			vertex 1.7621935606002808 3 -0.40463110804557734
		endloop
	endfacet
	facet normal 0 -1 0
		outer loop
			vertex 1.8125 3 -4.2997871152472555e-7
			vertex 1.8119088411331177 3 -0.006002000998704959
			vertex 1.8122645616531372 3 -0.0023906705901020064
		endloop
	endfacet
	facet normal 0 1 0
		outer loop
			vertex 1.8125 3 -4.2997871152472555e-7
			vertex 1.8112990856170654 3 -0.012193144299089242
			vertex 1.8119088411331177 3 -0.006002000998704959
		endloop
	endfacet
	facet normal 0 1 0
		outer loop
			vertex 1.8125 3 -4.2997871152472555e-7
			vertex 1.8038297891616821 3 -0.08803037554025583
			vertex 1.8112990856170654 3 -0.012193144299089242
		endloop
	endfacet
	facet normal 0 -1 0
		outer loop
			vertex 1.7562915086746216 3 -0.5705837607383721
			vertex 1.7776633501052856 3 -0.35363405942916804
			vertex 1.7776633501052856 3 -0.3536339402198785
		endloop
	endfacet
	facet normal 0 -1 0
		outer loop
			vertex 1.7563016414642334 3 -0.5705846548080438
			vertex 1.7776727676391602 3 -0.353603154420852
			vertex 1.7776727676391602 3 -0.3536029458045953
		endloop
	endfacet
	facet normal 0 1 0
		outer loop
			vertex 1.8125 3 -4.4869727777729906e-7
			vertex 1.7809480428695679 3 -0.32035294175147944
			vertex 1.8036121129989624 3 -0.09023985266685419
		endloop
	endfacet
	facet normal 0 1 0
		outer loop
			vertex 1.8696516752243042 3 -0.5802693963050836
			vertex 1.7809480428695679 3 -0.32035294175147944
			vertex 1.8125 3 -4.4869727777729906e-7
		endloop
	endfacet
	facet normal 0 1 0
		outer loop
			vertex 1.8696516752243042 3 -0.5802693963050836
			vertex 1.7563023567199707 3 -0.5705847144126885
			vertex 1.7809480428695679 3 -0.32035294175147944
		endloop
	endfacet
	facet normal 0 1 0
		outer loop
			vertex 1.7563016414642334 3 -0.5705846548080438
			vertex 1.7776727676391602 3 -0.3536029458045953
			vertex 1.7776732444763184 3 -0.35360157489776545
		endloop
	endfacet
	facet normal 0 1 0
		outer loop
			vertex 1.7563022375106812 3 -0.5705847144126885
			vertex 1.7776732444763184 3 -0.35360157489776545
			vertex 1.777673363685608 3 -0.3536011874675744
		endloop
	endfacet
	facet normal 0 1 0
		outer loop
			vertex 1.7563016414642334 3 -0.5705846548080438
			vertex 1.7776633501052856 3 -0.3536339402198785
			vertex 1.7776727676391602 3 -0.353603154420852
		endloop
	endfacet
	facet normal 0 1 0
		outer loop
			vertex 1.7562915086746216 3 -0.5705837607383721
			vertex 1.7776633501052856 3 -0.3536339402198785
			vertex 1.7563016414642334 3 -0.5705846548080438
		endloop
	endfacet
	facet normal 0 1 0
		outer loop
			vertex 1.7563003301620483 3 -0.5703354477882379
			vertex 1.7776633501052856 3 -0.35363405942916804
			vertex 1.7562915086746216 3 -0.5705837607383721
		endloop
	endfacet
	facet normal 0 1 0
		outer loop
			vertex 1.7563003301620483 3 -0.5703354477882379
			vertex 1.7776490449905396 3 -0.35368126630783014
			vertex 1.7776633501052856 3 -0.35363405942916804
		endloop
	endfacet
	facet normal 0 1 0
		outer loop
			vertex 1.7621933221817017 3 -0.40463832020759516
			vertex 1.7776490449905396 3 -0.35368126630783014
			vertex 1.7563003301620483 3 -0.5703354477882379
		endloop
	endfacet
	facet normal 0 1 0
		outer loop
			vertex 1.7621933221817017 3 -0.40463832020759516
			vertex 1.7769484519958496 3 -0.35599085688590937
			vertex 1.7776490449905396 3 -0.35368126630783014
		endloop
	endfacet
	facet normal 0 1 0
		outer loop
			vertex 1.7621933221817017 3 -0.40463832020759516
			vertex 1.7621946334838867 3 -0.404627621173858
			vertex 1.7768702507019043 3 -0.3562486767768853
		endloop
	endfacet
	facet normal 0 1 0
		outer loop
			vertex 1.7621933221817017 3 -0.40463832020759516
			vertex 1.7621935606002808 3 -0.40463110804557734
			vertex 1.7621946334838867 3 -0.4046275019645684
		endloop
	endfacet
	facet normal 0 1 0
		outer loop
			vertex 1.7563016414642334 3 -0.5705846548080438
			vertex 1.7776732444763184 3 -0.35360157489776545
			vertex 1.7563022375106812 3 -0.5705847144126885
		endloop
	endfacet
	facet normal 0 1 0
		outer loop
			vertex 1.7621946334838867 3 -0.404627621173858
			vertex 1.7645070552825928 3 -0.3970045149326318
			vertex 1.7741166353225708 3 -0.3653257787227624
		endloop
	endfacet
	facet normal 0 1 0
		outer loop
			vertex 1.7621946334838867 3 -0.404627621173858
			vertex 1.7621946334838867 3 -0.4046275019645684
			vertex 1.7645070552825928 3 -0.3970045149326318
		endloop
	endfacet
	facet normal 0 1 0
		outer loop
			vertex 1.658836007118225 3 -0.7453551292419427
			vertex 1.64690101146698 3 -0.745310187339782
			vertex 1.6733543872833252 3 -0.6958160400390618
		endloop
	endfacet
	facet normal 0 1 0
		outer loop
			vertex 1.658836007118225 3 -0.7453551292419427
			vertex 1.6733543872833252 3 -0.6958160400390618
			vertex 1.6745315790176392 3 -0.6936137080192559
		endloop
	endfacet
	facet normal 0 1 0
		outer loop
			vertex 1.64690101146698 3 -0.745310187339782
			vertex 1.6468992233276367 3 -0.745310187339782
			vertex 1.6687558889389038 3 -0.7044191360473626
		endloop
	endfacet
	facet normal 0 1 0
		outer loop
			vertex 1.64690101146698 3 -0.745310187339782
			vertex 1.6687558889389038 3 -0.7044191360473626
			vertex 1.6732274293899536 3 -0.6960536837577813
		endloop
	endfacet
	facet normal 1.7922901398541075e-16 2.237210564124961e-16 -1
		outer loop
			vertex -1.4081201553344727 8.133749961853027 0.7500000000000018
			vertex -1.122454285621643 12.867427825927734 0.7500000000000029
			vertex -1.3742766380310059 8.106637001037598 0.7500000000000018
		endloop
	endfacet
	facet normal 0 0 -1
		outer loop
			vertex -1.1213213205337524 12.886201858520508 0.7500000000000029
			vertex -1.1217622756958008 12.87889575958252 0.7500000000000029
			vertex -1.1192543506622314 12.920454025268555 0.7500000000000029
		endloop
	endfacet
	facet normal 0 0 1
		outer loop
			vertex -1.1221963167190552 12.871703147888184 0.7500000000000029
			vertex -1.1192543506622314 12.920454025268555 0.7500000000000029
			vertex -1.1217622756958008 12.87889575958252 0.7500000000000029
		endloop
	endfacet
	facet normal 0 0 1
		outer loop
			vertex -1.117337942123413 12.952210426330566 0.7500000000000029
			vertex -1.1192543506622314 12.920454025268555 0.7500000000000029
			vertex -1.1221963167190552 12.871703147888184 0.7500000000000029
		endloop
	endfacet
	facet normal 0 0 -1
		outer loop
			vertex -1.117337942123413 12.952210426330566 0.7500000000000029
			vertex -1.1169443130493164 12.958732604980469 0.7500000000000029
			vertex -1.1192543506622314 12.920454025268555 0.7500000000000029
		endloop
	endfacet
	facet normal -5.3279050140631034e-11 3.2155180502332885e-12 -1
		outer loop
			vertex -1.117337942123413 12.952210426330566 0.7500000000000029
			vertex -1.0387572050094604 14.254345893859863 0.7500000000000032
			vertex -1.1169443130493164 12.958732604980469 0.7500000000000029
		endloop
	endfacet
	facet normal 0 0 -1
		outer loop
			vertex 1.551192045211792 5.7629499435424805 0.7500000000000013
			vertex 1.4959032535552979 5.807243824005127 0.7500000000000013
			vertex 1.485619068145752 6.001669883728027 0.7500000000000013
		endloop
	endfacet
	facet normal -2.83818447224102e-14 1.7129158851878534e-15 -1
		outer loop
			vertex -1.0114723443984985 14.965582847595215 0.7500000000000033
			vertex -1.1221963167190552 12.871703147888184 0.7500000000000029
			vertex -1.122454285621643 12.86742877960205 0.7500000000000029
		endloop
	endfacet
	facet normal -7.562355090086371e-16 2.5207876531359856e-16 -1
		outer loop
			vertex -0.9923791289329529 15.022862434387207 0.7500000000000033
			vertex -1.1221963167190552 12.871703147888184 0.7500000000000029
			vertex -1.0114723443984985 14.965582847595215 0.7500000000000033
		endloop
	endfacet
	facet normal 1.1138746869727633e-15 2.784686717431908e-16 -1
		outer loop
			vertex 1.485619306564331 6.001668930053711 0.7500000000000013
			vertex 1.485619068145752 6.001669883728027 0.7500000000000013
			vertex 1.1913909912109375 11.564157485961914 0.7500000000000026
		endloop
	endfacet
	facet normal 1.0207207172978185e-15 2.803775845633039e-16 -1
		outer loop
			vertex 1.485619306564331 6.001668930053711 0.7500000000000013
			vertex 1.1224548816680908 12.867416381835938 0.7500000000000029
			vertex 1.551192045211792 5.7629499435424805 0.7500000000000013
		endloop
	endfacet
	facet normal 0 0 -1
		outer loop
			vertex 1.8108221292495728 14.395999908447266 0.7500000000000032
			vertex 1.8108229637145996 14.395998001098633 0.7500000000000032
			vertex 1.8125114440917969 14.392101287841797 0.7500000000000032
		endloop
	endfacet
	facet normal -1.5632688252117066e-11 -7.349980419860606e-12 -1
		outer loop
			vertex 1.2315477132797241 15.628060340881348 0.7500000000000034
			vertex 1.8360497951507568 14.342373847961426 0.7500000000000032
			vertex 1.2592970132827759 15.569040298461914 0.7500000000000034
		endloop
	endfacet
	facet normal -5.037119471600875e-15 -2.178997820201327e-15 -1
		outer loop
			vertex 1.2592970132827759 15.569040298461914 0.7500000000000034
			vertex 1.8106602430343628 14.396373748779297 0.7500000000000032
			vertex 1.8108124732971191 14.396021842956543 0.7500000000000032
		endloop
	endfacet
	facet normal 0 2.4740055727277807e-16 -1
		outer loop
			vertex -1.8106600046157837 14.396373748779297 0.7500000000000032
			vertex -2.0051143169403076 13.94761848449707 0.7500000000000031
			vertex -1.8106602430343628 14.396373748779297 0.7500000000000032
		endloop
	endfacet
	facet normal 0 0 1
		outer loop
			vertex -1.8089408874511719 14.400030136108398 0.7500000000000032
			vertex -1.8038471937179565 14.410863876342773 0.7500000000000032
			vertex -1.8088171482086182 14.400293350219727 0.7500000000000032
		endloop
	endfacet
	facet normal 2.119705440745527e-16 -9.964919599156961e-17 -1
		outer loop
			vertex -0.9923791289329529 15.022862434387207 0.7500000000000033
			vertex -1.8089408874511719 14.400030136108398 0.7500000000000032
			vertex -1.8088171482086182 14.400293350219727 0.7500000000000032
		endloop
	endfacet
	facet normal -6.092281190526901e-17 2.5822355531536483e-16 -1
		outer loop
			vertex -0.9923791289329529 15.022862434387207 0.7500000000000033
			vertex -1.8088171482086182 14.400293350219727 0.7500000000000032
			vertex -1.3540111780166626 15.367488861083984 0.7500000000000034
		endloop
	endfacet
	facet normal 2.1199181154411881e-16 -9.96770786212857e-17 -1
		outer loop
			vertex -0.9923791289329529 15.022862434387207 0.7500000000000033
			vertex -1.810659646987915 14.396374702453613 0.7500000000000032
			vertex -1.8089408874511719 14.400030136108398 0.7500000000000032
		endloop
	endfacet
	facet normal 1.9031928635072658e-16 -7.136973238152247e-17 -1
		outer loop
			vertex -0.9923791289329529 15.022862434387207 0.7500000000000033
			vertex -1.8106600046157837 14.396373748779297 0.7500000000000032
			vertex -1.810659646987915 14.396374702453613 0.7500000000000032
		endloop
	endfacet
	facet normal 3.781322372784873e-12 -1.7778679971555186e-12 -1
		outer loop
			vertex -1.3540111780166626 15.367488861083984 0.7500000000000034
			vertex -1.8088171482086182 14.400293350219727 0.7500000000000032
			vertex -1.8038471937179565 14.410863876342773 0.7500000000000032
		endloop
	endfacet
	facet normal 1.5387719729052586e-16 1.5975445135370567e-16 -1
		outer loop
			vertex -1.3540111780166626 15.367488861083984 0.7500000000000034
			vertex -1.8038471937179565 14.410863876342773 0.7500000000000032
			vertex -1.3540468215942383 15.367523193359375 0.7500000000000034
		endloop
	endfacet
	facet normal 0 -2.1841336466386343e-16 1
		outer loop
			vertex -1.567812204360962 4.447778701782227 -0.749999999999999
			vertex -1.1913909912109375 11.564157485961914 -0.7499999999999974
			vertex -1.5678125619888306 4.447778701782227 -0.749999999999999
		endloop
	endfacet
	facet normal 4.98328706574851e-15 -4.671831624139228e-16 1
		outer loop
			vertex -1.1199086904525757 12.915555000305176 -0.7499999999999971
			vertex -0.9468406438827515 16.18746566772461 -0.7499999999999964
			vertex -0.9468408226966858 16.187463760375977 -0.7499999999999964
		endloop
	endfacet
	facet normal 4.1493418522554007e-16 -2.225886355068748e-16 1
		outer loop
			vertex -1.122454047203064 12.867431640625 -0.7499999999999971
			vertex -0.9189618825912476 16.23943519592285 -0.7499999999999964
			vertex -0.9468405842781067 16.18746566772461 -0.7499999999999964
		endloop
	endfacet
	facet normal 0 0 1
		outer loop
			vertex 1.011472225189209 14.965582847595215 -0.7499999999999967
			vertex 0.9923791289329529 15.022862434387207 -0.7499999999999967
			vertex 0.9967116713523865 14.951069831848145 -0.7499999999999967
		endloop
	endfacet
	facet normal 1.9781936498497138e-16 -2.0119342786602749e-16 1
		outer loop
			vertex 0.9967116713523865 14.951069831848145 -0.7499999999999967
			vertex 1.122454285621643 12.86742877960205 -0.7499999999999971
			vertex 1.011472225189209 14.965582847595215 -0.7499999999999967
		endloop
	endfacet
	facet normal 4.7853339665632966e-12 -2.0740105700647807e-12 1
		outer loop
			vertex -1.9211701154708862 14.141341209411621 -0.7499999999999969
			vertex -1.8125114440917969 14.392101287841797 -0.7499999999999968
			vertex -1.8131872415542603 14.390542030334473 -0.7499999999999968
		endloop
	endfacet
	facet normal 3.805739978324572e-12 -1.6495355821826812e-12 1
		outer loop
			vertex -1.9211701154708862 14.141341209411621 -0.7499999999999969
			vertex -1.8106563091278076 14.396381378173828 -0.7499999999999968
			vertex -1.8125114440917969 14.392101287841797 -0.7499999999999968
		endloop
	endfacet
	facet normal 0 0 1
		outer loop
			vertex -1.8125114440917969 14.392101287841797 -0.7499999999999968
			vertex -1.8106563091278076 14.396381378173828 -0.7499999999999968
			vertex -1.8106592893600464 14.39637565612793 -0.7499999999999968
		endloop
	endfacet
	facet normal 0 0 1
		outer loop
			vertex -1.8125114440917969 14.392101287841797 -0.7499999999999968
			vertex -1.8106592893600464 14.39637565612793 -0.7499999999999968
			vertex -1.8106602430343628 14.396373748779297 -0.7499999999999968
		endloop
	endfacet
	facet normal -2.574592782342798e-10 1.210520680168234e-10 -1
		outer loop
			vertex -1.3362748622894287 15.405320167541504 -0.7499999999999966
			vertex -1.4761903285980225 15.10774040222168 -0.7499999999999967
			vertex -1.8106563091278076 14.396381378173828 -0.7499999999999968
		endloop
	endfacet
	facet normal 2.361446890854184e-17 -2.311803979688067e-16 1
		outer loop
			vertex -1.3362748622894287 15.405320167541504 -0.7499999999999966
			vertex -1.8106563091278076 14.396381378173828 -0.7499999999999968
			vertex -1.7634347677230835 12 -0.7499999999999973
		endloop
	endfacet
	facet normal 1.5768558034192518e-15 -9.855348771370324e-16 1
		outer loop
			vertex -1.3362746238708496 15.405322074890137 -0.7499999999999966
			vertex -1.122451901435852 15.860090255737305 -0.7499999999999964
			vertex -1.122454285621643 15.860086441040039 -0.7499999999999964
		endloop
	endfacet
	facet normal 3.685135203840571e-15 -1.976797362408093e-15 1
		outer loop
			vertex -1.3362748622894287 15.405320167541504 -0.7499999999999966
			vertex -0.9468408226966858 16.187463760375977 -0.7499999999999964
			vertex -1.1224499940872192 15.86009407043457 -0.7499999999999964
		endloop
	endfacet
	facet normal 8.18622776917277e-15 -4.093113884586385e-15 1
		outer loop
			vertex -1.3362748622894287 15.405320167541504 -0.7499999999999966
			vertex -1.1224499940872192 15.86009407043457 -0.7499999999999964
			vertex -1.122451901435852 15.860090255737305 -0.7499999999999964
		endloop
	endfacet
	facet normal 1.666843276250968e-16 -2.2493932714934476e-16 1
		outer loop
			vertex -1.1913909912109375 11.564157485961914 -0.7499999999999974
			vertex -0.9468408226966858 16.187463760375977 -0.7499999999999964
			vertex -1.3362748622894287 15.405320167541504 -0.7499999999999966
		endloop
	endfacet
	facet normal 0 0 1
		outer loop
			vertex 1.8106610774993896 14.396370887756348 -0.7499999999999968
			vertex 1.8106602430343628 14.396373748779297 -0.7499999999999968
			vertex 1.809983730316162 14.397811889648438 -0.7499999999999968
		endloop
	endfacet
	facet normal 2.1195643172612612e-16 9.963074495928596e-17 1
		outer loop
			vertex 1.8106610774993896 14.396370887756348 -0.7499999999999968
			vertex 1.809983730316162 14.397811889648438 -0.7499999999999968
			vertex 0.9923791289329529 15.022862434387207 -0.7499999999999967
		endloop
	endfacet
	facet normal -8.041728501651677e-17 -2.8224852529166354e-16 1
		outer loop
			vertex 0.9923791289329529 15.022862434387207 -0.7499999999999967
			vertex 2.0051143169403076 13.94761848449707 -0.7499999999999969
			vertex 1.8106610774993896 14.396370887756348 -0.7499999999999968
		endloop
	endfacet
	facet normal -5.964112067228551e-17 -2.5563557779572424e-16 1
		outer loop
			vertex 1.809983730316162 14.397811889648438 -0.7499999999999968
			vertex 1.1218242645263672 15.861260414123535 -0.7499999999999964
			vertex 0.9923791289329529 15.022862434387207 -0.7499999999999967
		endloop
	endfacet
	facet normal -3.8332110457672577e-16 -2.0566074434185378e-16 1
		outer loop
			vertex 0.9923791289329529 15.022862434387207 -0.7499999999999967
			vertex 1.1218242645263672 15.861260414123535 -0.7499999999999964
			vertex 1.0877097845077515 15.924844741821289 -0.7499999999999964
		endloop
	endfacet
	facet normal 4.203736915797582e-12 1.976501554385855e-12 1
		outer loop
			vertex 1.7730793952941895 14.476302146911621 -0.7499999999999968
			vertex 1.1218242645263672 15.861260414123535 -0.7499999999999964
			vertex 1.809983730316162 14.397811889648438 -0.7499999999999968
		endloop
	endfacet
	facet normal 0 0 1
		outer loop
			vertex 1.809983730316162 14.397811889648438 -0.7499999999999968
			vertex 1.8016194105148315 14.41560173034668 -0.7499999999999968
			vertex 1.7730793952941895 14.476302146911621 -0.7499999999999968
		endloop
	endfacet
	facet normal 0 0 1
		outer loop
			vertex 1.8106602430343628 14.396373748779297 -0.7499999999999968
			vertex 1.8016194105148315 14.41560173034668 -0.7499999999999968
			vertex 1.809983730316162 14.397811889648438 -0.7499999999999968
		endloop
	endfacet
	facet normal -2.1263590314577186e-15 -1.2403761016836691e-15 1
		outer loop
			vertex 1.7730793952941895 14.476302146911621 -0.7499999999999968
			vertex 1.121825933456421 15.861257553100586 -0.7499999999999964
			vertex 1.1218242645263672 15.861260414123535 -0.7499999999999964
		endloop
	endfacet
	facet normal 0 0 -1
		outer loop
			vertex 1.8106602430343628 14.396373748779297 -0.7499999999999968
			vertex 1.8106598854064941 14.396373748779297 -0.7499999999999968
			vertex 1.8016194105148315 14.41560173034668 -0.7499999999999968
		endloop
	endfacet
	facet normal 0 0 1
		outer loop
			vertex 1.0877097845077515 15.924844741821289 -0.7499999999999964
			vertex 1.1218235492706299 15.861262321472168 -0.7499999999999964
			vertex 1.0877108573913574 15.92485523223877 -0.7499999999999964
		endloop
	endfacet
	facet normal 0 0 1
		outer loop
			vertex 1.0877097845077515 15.924844741821289 -0.7499999999999964
			vertex 1.1217039823532104 15.86148452758789 -0.7499999999999964
			vertex 1.1211878061294556 15.862446784973145 -0.7499999999999964
		endloop
	endfacet
	facet normal 0 1 2.220446049250313e-16
		outer loop
			vertex -0.6748988628387451 -6.7498340324977e-16 3.0398550033569336
			vertex -1.1938858032226562 -6.400263535165851e-16 2.88242244720459
			vertex -0.6748989820480347 -6.7498340324977e-16 3.0398550033569336
		endloop
	endfacet
	facet normal 0 1 2.220446049250313e-16
		outer loop
			vertex -0.6086760759353638 -6.794439316895704e-16 3.059943437576294
			vertex -0.6748988628387451 -6.7498340324977e-16 3.0398550033569336
			vertex -0.6086762547492981 -6.794439316895704e-16 3.059943437576294
		endloop
	endfacet
	facet normal 0 1 2.220446049250313e-16
		outer loop
			vertex -0.6086760759353638 -6.794439316895704e-16 3.059943437576294
			vertex -0.6086762547492981 -6.794439316895704e-16 3.059943437576294
			vertex -0.608668863773346 -6.794444081456032e-16 3.059945583343506
		endloop
	endfacet
	facet normal 0 -1 -2.220446049250313e-16
		outer loop
			vertex -0.6086760759353638 -6.794439316895704e-16 3.059943437576294
			vertex -0.608668863773346 -6.794444081456032e-16 3.059945583343506
			vertex -0.6086614727973938 -6.794449375411953e-16 3.059947967529297
		endloop
	endfacet
	facet normal 0 -1 -2.220446049250313e-16
		outer loop
			vertex -0.5857364535331726 -6.538539016827155e-16 2.9446961879730225
			vertex -0.5955645442008972 -6.648249371133492e-16 2.994105339050293
			vertex -0.5857365131378174 -6.538539016827155e-16 2.9446961879730225
		endloop
	endfacet
	facet normal 0 -1 -2.220446049250313e-16
		outer loop
			vertex -0.4799230396747589 -5.357349983694257e-16 2.412735939025879
			vertex -0.4799194931983948 -5.357311337816039e-16 2.4127185344696045
			vertex -0.47992411255836487 -5.357362689188466e-16 2.4127416610717773
		endloop
	endfacet
	facet normal 0 -1 -2.220446049250313e-16
		outer loop
			vertex -0.4799245595932007 -5.357366924353202e-16 2.41274356842041
			vertex -0.4799230396747589 -5.357349983694257e-16 2.412735939025879
			vertex -0.47992411255836487 -5.357362689188466e-16 2.4127416610717773
		endloop
	endfacet
	facet normal 0 -1 -2.220446049250313e-16
		outer loop
			vertex -0.564662516117096 -6.303290968199442e-16 2.838749885559082
			vertex -0.4799245595932007 -5.357366924353202e-16 2.41274356842041
			vertex -0.5000918507575989 -5.58249398805241e-16 2.514131784439087
		endloop
	endfacet
	facet normal 0 -1 -2.220446049250313e-16
		outer loop
			vertex -0.564662516117096 -6.303290968199442e-16 2.838749885559082
			vertex -0.5000918507575989 -5.58249398805241e-16 2.514131784439087
			vertex -0.5689536929130554 -6.351193857740225e-16 2.860323429107666
		endloop
	endfacet
	facet normal 0 -1 -2.220446049250313e-16
		outer loop
			vertex -0.5852709412574768 -6.53334246969575e-16 2.9423558712005615
			vertex -0.564662516117096 -6.303290968199442e-16 2.838749885559082
			vertex -0.5689536929130554 -6.351193857740225e-16 2.860323429107666
		endloop
	endfacet
	facet normal 0 -1 -2.220446049250313e-16
		outer loop
			vertex -0.4799230396747589 -5.357349983694257e-16 2.412735939025879
			vertex -0.479918509721756 -5.357299161717422e-16 2.412713050842285
			vertex -0.4799194931983948 -5.357311337816039e-16 2.4127185344696045
		endloop
	endfacet
	facet normal 0 -1 -2.220446049250313e-16
		outer loop
			vertex -0.3808839023113251 -4.253511205211234e-16 1.9156111478805542
			vertex -0.37798750400543213 -4.2541446270371024e-16 1.9158964157104492
			vertex -0.3787204623222351 -4.253984484870512e-16 1.915824294090271
		endloop
	endfacet
	facet normal 0 -1 -2.220446049250313e-16
		outer loop
			vertex -1.6211111545562744 -2.417120746855657e-16 1.0885744094848633
			vertex -1.6225990056991577 -2.413095222773831e-16 1.086761474609375
			vertex -1.6220208406448364 -2.4146593220504954e-16 1.0874658823013306
		endloop
	endfacet
	facet normal 0 -1 -2.220446049250313e-16
		outer loop
			vertex -1.089309573173523 -3.7764095744562045e-16 1.7007436752319336
			vertex -1.148050308227539 -6.154274049975769e-16 2.7716386318206787
			vertex -1.0893096923828125 -3.7764098391540005e-16 1.7007437944412231
		endloop
	endfacet
	facet normal 0 -1 -2.220446049250313e-16
		outer loop
			vertex -1.7007436752319336 -2.41875340286149e-16 1.0893096923828125
			vertex -1.663682460784912 -2.4142392466482165e-16 1.0872766971588135
			vertex -1.6239640712738037 -2.4094018944260064e-16 1.085098147392273
		endloop
	endfacet
	facet normal 0 -1 -2.220446049250313e-16
		outer loop
			vertex -1.9493802785873413 -8.442258271275404e-18 0.038020551204681396
			vertex -1.9493802785873413 -8.442204504535588e-18 0.038020309060811996
			vertex -1.917385458946228 -8.057326795373647e-17 0.3628697395324707
		endloop
	endfacet
	facet normal 0 -1 -2.220446049250313e-16
		outer loop
			vertex -1.6239640712738037 -2.4094016297282104e-16 1.0850980281829834
			vertex -1.8044521808624268 -1.6596250054776488e-16 0.7474286556243896
			vertex -1.8039119243621826 -1.6618691133922807e-16 0.7484393119812012
		endloop
	endfacet
	facet normal 0 -1 -2.220446049250313e-16
		outer loop
			vertex -1.9493802785873413 -8.442258271275404e-18 0.038020551204681396
			vertex -1.9525057077407837 -1.396166102679519e-18 0.006287773139774799
			vertex -1.9493802785873413 -8.442204504535588e-18 0.038020309060811996
		endloop
	endfacet
	facet normal 0 -1 -2.220446049250313e-16
		outer loop
			vertex -1.6225990056991577 -2.413095222773831e-16 1.086761474609375
			vertex -1.6228488683700562 -2.412419184602804e-16 1.0864570140838623
			vertex -1.6220208406448364 -2.4146593220504954e-16 1.0874658823013306
		endloop
	endfacet
	facet normal 0 -1 -2.220446049250313e-16
		outer loop
			vertex -1.6225990056991577 -2.413095222773831e-16 1.086761474609375
			vertex -1.6239640712738037 -2.4094018944260064e-16 1.085098147392273
			vertex -1.6228488683700562 -2.412419184602804e-16 1.0864570140838623
		endloop
	endfacet
	facet normal 0 -1 -2.220446049250313e-16
		outer loop
			vertex -1.6211111545562744 -2.417120746855657e-16 1.0885744094848633
			vertex -1.6220208406448364 -2.4146593220504954e-16 1.0874658823013306
			vertex -1.5900769233703613 -2.501087652312568e-16 1.126389741897583
		endloop
	endfacet
	facet normal 0 1 2.220446049250313e-16
		outer loop
			vertex -1.5771193504333496 -2.5361458166038315e-16 1.1421785354614258
			vertex -1.6211111545562744 -2.417120746855657e-16 1.0885744094848633
			vertex -1.5900769233703613 -2.501087652312568e-16 1.126389741897583
		endloop
	endfacet
	facet normal 0 -1 -2.220446049250313e-16
		outer loop
			vertex -2.4944088459014893 3.700841265369116e-16 -1.6667107343673706
			vertex -2.5 3.709136629598492e-16 -1.6704466342926025
			vertex -2.499999761581421 3.709136629598492e-16 -1.6704466342926025
		endloop
	endfacet
	facet normal 0 1 2.220446049250313e-16
		outer loop
			vertex -2.3528783321380615 3.490858886069019e-16 -1.5721430778503418
			vertex -2.4944088459014893 3.700841265369116e-16 -1.6667107343673706
			vertex -2.3528785705566406 3.490859150766815e-16 -1.5721431970596313
		endloop
	endfacet
	facet normal 0 -1 -2.220446049250313e-16
		outer loop
			vertex -1.9155962467193604 8.460693149279006e-17 -0.3810357451438904
			vertex -2.1616127490997314 9.547284219373563e-17 -0.42997145652770996
			vertex -2.1616125106811523 9.547285542862543e-17 -0.42997151613235474
		endloop
	endfacet
	facet normal 0 -1 -2.220446049250313e-16
		outer loop
			vertex -1.9528722763061523 5.698740372007381e-19 -0.0025664845015853643
			vertex -1.9441407918930054 2.0254521495624522e-17 -0.0912182554602623
			vertex -1.9441407918930054 2.025446855606532e-17 -0.0912180170416832
		endloop
	endfacet
	facet normal 0 -1 -2.220446049250313e-16
		outer loop
			vertex -1.7007437944412231 -2.418753138163694e-16 1.089309573173523
			vertex -1.7007436752319336 -2.41875340286149e-16 1.0893096923828125
			vertex -2.0622782707214355 -2.4627866753223007e-16 1.1091405153274536
		endloop
	endfacet
	facet normal 0 1 2.220446049250313e-16
		outer loop
			vertex -1.760584831237793 1.841857129587817e-16 -0.8294987082481384
			vertex -1.7753798961639404 1.780396021888351e-16 -0.8018190860748291
			vertex -1.8044521808624268 1.6596250054776488e-16 -0.7474286556243896
		endloop
	endfacet
	facet normal 0 1 2.220446049250313e-16
		outer loop
			vertex -1.8972172737121582 2.814815156387964e-16 -1.267680048942566
			vertex -1.8325732946395874 2.7189058804681556e-16 -1.2244863510131836
			vertex -1.897217035293579 2.814814891690168e-16 -1.2676799297332764
		endloop
	endfacet
	facet normal 0 -1 -2.220446049250313e-16
		outer loop
			vertex -1.089309573173523 3.7764095744562045e-16 -1.7007436752319336
			vertex -1.0852940082550049 3.6138552168508357e-16 -1.6275357007980347
			vertex -1.089309573173523 3.7764082509672244e-16 -1.7007430791854858
		endloop
	endfacet
	facet normal 0 -1 -2.220446049250313e-16
		outer loop
			vertex -1.1195499897003174 5.000559059882656e-16 -2.252051591873169
			vertex -1.148050308227539 6.154274049975769e-16 -2.7716386318206787
			vertex -1.1195498704910278 5.000559059882656e-16 -2.252051591873169
		endloop
	endfacet
	facet normal 0 -1 -2.220446049250313e-16
		outer loop
			vertex 0.7057263851165771 -9.837668289516019e-16 4.430491924285889
			vertex 0.8779064416885376 -9.800013439845829e-16 4.413533687591553
			vertex 0.7057266235351562 -9.837668289516019e-16 4.430491924285889
		endloop
	endfacet
	facet normal 0 -1 -2.220446049250313e-16
		outer loop
			vertex 0.6938382983207703 -9.840267621872905e-16 4.431662559509277
			vertex 0.6938385367393494 -9.84026868066409e-16 4.4316630363464355
			vertex 0.6938384175300598 -9.84026868066409e-16 4.4316630363464355
		endloop
	endfacet
	facet normal 0 -1 -2.220446049250313e-16
		outer loop
			vertex 0.6938381195068359 -9.840267621872905e-16 4.431662559509277
			vertex 0.6938382983207703 -9.840267621872905e-16 4.431662559509277
			vertex 0.6938384175300598 -9.84026868066409e-16 4.4316630363464355
		endloop
	endfacet
	facet normal 0 -1 -2.220446049250313e-16
		outer loop
			vertex 0.6970760226249695 -9.839559290570764e-16 4.4313435554504395
			vertex 0.6970762610435486 -9.839560349361948e-16 4.431344032287598
			vertex 0.6938389539718628 -9.840267621872905e-16 4.431662559509277
		endloop
	endfacet
	facet normal 0 -1 -2.220446049250313e-16
		outer loop
			vertex 0.6938387155532837 -9.840267621872905e-16 4.431662559509277
			vertex 0.6970760226249695 -9.839559290570764e-16 4.4313435554504395
			vertex 0.6938389539718628 -9.840267621872905e-16 4.431662559509277
		endloop
	endfacet
	facet normal 0 -1 -2.220446049250313e-16
		outer loop
			vertex 0.6938384771347046 -9.840267621872905e-16 4.431662559509277
			vertex 0.6938387155532837 -9.840267621872905e-16 4.431662559509277
			vertex 0.6938385367393494 -9.84026868066409e-16 4.4316630363464355
		endloop
	endfacet
	facet normal 0 -1 -2.220446049250313e-16
		outer loop
			vertex 0.6938382983207703 -9.840267621872905e-16 4.431662559509277
			vertex 0.6938384771347046 -9.840267621872905e-16 4.431662559509277
			vertex 0.6938385367393494 -9.84026868066409e-16 4.4316630363464355
		endloop
	endfacet
	facet normal 0 -1 -2.220446049250313e-16
		outer loop
			vertex 0.6938381195068359 -9.840267621872905e-16 4.431662559509277
			vertex 0.6938384175300598 -9.84026868066409e-16 4.4316630363464355
			vertex 3.6637359812630166e-15 -9.992007221626409e-16 4.5
		endloop
	endfacet
	facet normal 0 0 0
		outer loop
			vertex 0.6938386559486389 -9.840267621872905e-16 4.431662559509277
			vertex 0.693838894367218 -9.840267621872905e-16 4.431662559509277
			vertex 0.6938387155532837 -9.840267621872905e-16 4.431662559509277
		endloop
	endfacet
	facet normal 0 0 0
		outer loop
			vertex 0.6938384771347046 -9.840267621872905e-16 4.431662559509277
			vertex 0.6938386559486389 -9.840267621872905e-16 4.431662559509277
			vertex 0.6938387155532837 -9.840267621872905e-16 4.431662559509277
		endloop
	endfacet
	facet normal 0 -1 -2.220446049250313e-16
		outer loop
			vertex 0.6971521973609924 -9.839543408703003e-16 4.431336402893066
			vertex 0.6971524357795715 -9.839543408703003e-16 4.431336402893066
			vertex 0.6970762610435486 -9.839560349361948e-16 4.431344032287598
		endloop
	endfacet
	facet normal 0 -1 -2.220446049250313e-16
		outer loop
			vertex 0.6970760226249695 -9.839559290570764e-16 4.4313435554504395
			vertex 0.6971521973609924 -9.839543408703003e-16 4.431336402893066
			vertex 0.6970762610435486 -9.839560349361948e-16 4.431344032287598
		endloop
	endfacet
	facet normal 0 -1 -2.220446049250313e-16
		outer loop
			vertex 0.7057263851165771 -9.837668289516019e-16 4.430491924285889
			vertex 0.7057266235351562 -9.837668289516019e-16 4.430491924285889
			vertex 0.6972511410713196 -9.839522232879322e-16 4.431326866149902
		endloop
	endfacet
	facet normal 0 -1 -2.220446049250313e-16
		outer loop
			vertex 0.6972508430480957 -9.839521174088138e-16 4.431326389312744
			vertex 0.7057263851165771 -9.837668289516019e-16 4.430491924285889
			vertex 0.6972511410713196 -9.839522232879322e-16 4.431326866149902
		endloop
	endfacet
	facet normal 0 -1 -2.220446049250313e-16
		outer loop
			vertex 0.6972508430480957 -9.839521174088138e-16 4.431326389312744
			vertex 0.6972510814666748 -9.839522232879322e-16 4.431326866149902
			vertex 0.6971524357795715 -9.839543408703003e-16 4.431336402893066
		endloop
	endfacet
	facet normal 0 -1 -2.220446049250313e-16
		outer loop
			vertex 0.6971521973609924 -9.839543408703003e-16 4.431336402893066
			vertex 0.6972508430480957 -9.839521174088138e-16 4.431326389312744
			vertex 0.6971524357795715 -9.839543408703003e-16 4.431336402893066
		endloop
	endfacet
	facet normal 0 -1 -2.220446049250313e-16
		outer loop
			vertex 0.632986843585968 -7.065991727038328e-16 3.1822397708892822
			vertex 0.6088468432426453 -6.796518253385621e-16 3.060879707336426
			vertex 0.6329867243766785 -7.065990138851552e-16 3.182239055633545
		endloop
	endfacet
	facet normal 0 -1 -2.220446049250313e-16
		outer loop
			vertex 0.6088468432426453 -6.796518253385621e-16 3.060879707336426
			vertex 0.6086614727973938 -6.794449375411953e-16 3.059947967529297
			vertex 0.6088215708732605 -6.796236085535067e-16 3.0607526302337646
		endloop
	endfacet
	facet normal 0 -1 -2.220446049250313e-16
		outer loop
			vertex 0.6086614727973938 -6.794449375411953e-16 3.059947967529297
			vertex 0.6085408926010132 -6.79310312242141e-16 3.0593416690826416
			vertex 0.6085574626922607 -6.793287352087438e-16 3.059424638748169
		endloop
	endfacet
	facet normal 0 -1 -2.220446049250313e-16
		outer loop
			vertex 0.6083161234855652 -6.790594316710761e-16 3.0582118034362793
			vertex 0.5852709412574768 -6.53334246969575e-16 2.9423558712005615
			vertex 0.60831618309021 -6.790594316710761e-16 3.0582118034362793
		endloop
	endfacet
	facet normal 0 -1 -2.220446049250313e-16
		outer loop
			vertex 0.4813331961631775 -5.373091561623386e-16 2.419825315475464
			vertex 0.5825074315071106 -6.502493000361156e-16 2.928462505340576
			vertex 0.5825073719024658 -6.502492470965564e-16 2.928462266921997
		endloop
	endfacet
	facet normal 0 -1 -2.220446049250313e-16
		outer loop
			vertex 0.4405120611190796 -4.917408482428662e-16 2.214603900909424
			vertex 0.3818109929561615 -4.2621321477297105e-16 1.9194936752319336
			vertex 0.38181108236312866 -4.2621324124275065e-16 1.9194937944412231
		endloop
	endfacet
	facet normal 0 1 2.220446049250313e-16
		outer loop
			vertex -0.7475677728652954 -4.0065235446323723e-16 1.804377794265747
			vertex -1.0850859880447388 -3.605939164563152e-16 1.623970627784729
			vertex -0.796464741230011 -3.948490141042428e-16 1.7782418727874756
		endloop
	endfacet
	facet normal 0 -1 -2.220446049250313e-16
		outer loop
			vertex -0.3787204623222351 -4.253984484870512e-16 1.915824294090271
			vertex -0.3763189911842346 -4.25450964529781e-16 1.9160608053207397
			vertex -0.22405888140201569 -4.2878080986411525e-16 1.931057095527649
		endloop
	endfacet
	facet normal 0 -1 -2.220446049250313e-16
		outer loop
			vertex -0.3787204623222351 -4.253984484870512e-16 1.915824294090271
			vertex -0.37798750400543213 -4.2541446270371024e-16 1.9158964157104492
			vertex -0.3763189911842346 -4.25450964529781e-16 1.9160608053207397
		endloop
	endfacet
	facet normal 0 -1 -2.220446049250313e-16
		outer loop
			vertex 4.13581943803365e-7 -4.3368086899420177e-16 1.953125
			vertex 0.003048424841836095 -4.336141916193851e-16 1.9528247117996216
			vertex 0.05065668746829033 -4.3257302930853195e-16 1.9481357336044312
		endloop
	endfacet
	facet normal 0 -1 -2.220446049250313e-16
		outer loop
			vertex 0.11282908171415329 -4.312133561397316e-16 1.9420123100280762
			vertex 4.13581943803365e-7 -4.3368086899420177e-16 1.953125
			vertex 0.05065668746829033 -4.3257302930853195e-16 1.9481357336044312
		endloop
	endfacet
	facet normal 0 1 2.220446049250313e-16
		outer loop
			vertex 0.39151328802108765 -4.2464207453493273e-16 1.9124178886413574
			vertex 0.3915131092071533 -4.2464210100471233e-16 1.912418007850647
			vertex 0.5797827839851379 -4.119609060535722e-16 1.8553069829940796
		endloop
	endfacet
	facet normal 0 -1 -2.220446049250313e-16
		outer loop
			vertex 0.5797833800315857 -4.119608795837926e-16 1.85530686378479
			vertex 0.39151328802108765 -4.2464207453493273e-16 1.9124178886413574
			vertex 0.5797827839851379 -4.119609060535722e-16 1.8553069829940796
		endloop
	endfacet
	facet normal 0 1 2.220446049250313e-16
		outer loop
			vertex 0.39151328802108765 -4.2464207453493273e-16 1.9124178886413574
			vertex 0.38103583455085754 -4.2534781179867317e-16 1.9155962467193604
			vertex 0.3915131092071533 -4.2464210100471233e-16 1.912418007850647
		endloop
	endfacet
	facet normal 0 -1 -2.220446049250313e-16
		outer loop
			vertex -0.5230808258056641 5.839117442499678e-16 -2.629704713821411
			vertex -0.5852710008621216 6.53334246969575e-16 -2.9423558712005615
			vertex -0.585270881652832 6.533341940300158e-16 -2.9423556327819824
		endloop
	endfacet
	facet normal 0 -1 -2.220446049250313e-16
		outer loop
			vertex -0.46302610635757446 5.168730569417301e-16 -2.327789306640625
			vertex -0.5230808258056641 5.839117442499678e-16 -2.629704713821411
			vertex -0.4630260765552521 5.168731098812893e-16 -2.327789545059204
		endloop
	endfacet
	facet normal 0 -1 -2.220446049250313e-16
		outer loop
			vertex -0.627691388130188 7.006879415231819e-16 -3.1556179523468018
			vertex -0.7260867357254028 8.105259860463176e-16 -3.6502845287323
			vertex -0.6334267258644104 7.070902929945627e-16 -3.1844515800476074
		endloop
	endfacet
	facet normal 0 -1 -2.220446049250313e-16
		outer loop
			vertex -0.7260867357254028 8.105259860463176e-16 -3.6502845287323
			vertex -0.8779064416885376 9.800013439845829e-16 -4.413533687591553
			vertex -0.877906322479248 9.800012381054645e-16 -4.4135332107543945
		endloop
	endfacet
	facet normal 0 1 2.220446049250313e-16
		outer loop
			vertex 1.295492172241211 -6.944655316135334e-16 3.1275947093963623
			vertex 1.1480504274368286 -6.154274579371361e-16 2.771638870239258
			vertex 1.2522437572479248 -6.712816575120319e-16 3.023183822631836
		endloop
	endfacet
	facet normal 0 1 2.220446049250313e-16
		outer loop
			vertex 1.1317572593688965 -3.7609790164373953e-16 1.6937943696975708
			vertex 1.1317574977874756 -3.7609798105307833e-16 1.6937947273254395
			vertex 1.1317576169967651 -3.7609800752285794e-16 1.693794846534729
		endloop
	endfacet
	facet normal 0 -1 -2.220446049250313e-16
		outer loop
			vertex 0.747637152671814 -4.006441223617811e-16 1.8043407201766968
			vertex 0.7501299381256104 -4.0034824316539333e-16 1.8030081987380981
			vertex 0.7523907423019409 -4.0007994547935054e-16 1.8017998933792114
		endloop
	endfacet
	facet normal 0 -1 -2.220446049250313e-16
		outer loop
			vertex 1.6453990936279297 -5.467878783585879e-16 2.4625136852264404
			vertex 1.1516541242599487 -3.827098937695658e-16 1.7235721349716187
			vertex 1.1516544818878174 -3.827099996486842e-16 1.7235726118087769
		endloop
	endfacet
	facet normal 0 -1 -2.220446049250313e-16
		outer loop
			vertex 1.1516541242599487 -3.827098937695658e-16 1.7235721349716187
			vertex 1.1317576169967651 -3.7609800752285794e-16 1.693794846534729
			vertex 1.1516544818878174 -3.827099996486842e-16 1.7235726118087769
		endloop
	endfacet
	facet normal 0 -1 -2.220446049250313e-16
		outer loop
			vertex 1.1516541242599487 -3.827098937695658e-16 1.7235721349716187
			vertex 1.1317572593688965 -3.7609790164373953e-16 1.6937943696975708
			vertex 1.1317576169967651 -3.7609800752285794e-16 1.693794846534729
		endloop
	endfacet
	facet normal 0 -1 -2.220446049250313e-16
		outer loop
			vertex 2.5 -1.1041855325958055e-16 0.49728095531463623
			vertex 1.9155962467193604 -8.460694472767986e-17 0.38103580474853516
			vertex 2.499999761581421 -1.1041853340724585e-16 0.49728086590766907
		endloop
	endfacet
	facet normal 0 -1 -2.220446049250313e-16
		outer loop
			vertex 1.9156110286712646 -8.457357957049192e-17 0.3808855414390564
			vertex 1.9158964157104492 -8.393008599348487e-17 0.37798750400543213
			vertex 1.9158016443252563 -8.414384269865837e-17 0.37895017862319946
		endloop
	endfacet
	facet normal 0 -1 -2.220446049250313e-16
		outer loop
			vertex 1.6898987293243408 -5.615756971891087e-16 2.5291121006011963
			vertex 1.6898988485336304 -5.615756971891087e-16 2.5291121006011963
			vertex 1.7018203735351562 -5.655374291020946e-16 2.5469541549682617
		endloop
	endfacet
	facet normal 0 -1 -2.220446049250313e-16
		outer loop
			vertex 1.9385695457458496 -3.281476775195839e-17 0.14778457581996918
			vertex 1.928834319114685 -5.476210279064411e-17 0.2466265857219696
			vertex 1.9377942085266113 -3.456242833271553e-17 0.15565533936023712
		endloop
	endfacet
	facet normal 0 -1 -2.220446049250313e-16
		outer loop
			vertex 1.9159232378005981 -8.38696819564338e-17 0.37771546840667725
			vertex 1.9158016443252563 -8.414384269865837e-17 0.37895017862319946
			vertex 1.9158964157104492 -8.393008599348487e-17 0.37798750400543213
		endloop
	endfacet
	facet normal 0 -1 -2.220446049250313e-16
		outer loop
			vertex 1.9159232378005981 -8.38696819564338e-17 0.37771546840667725
			vertex 1.9158964157104492 -8.393008599348487e-17 0.37798750400543213
			vertex 1.916001558303833 -8.369307558693127e-17 0.37692010402679443
		endloop
	endfacet
	facet normal 0 1 2.220446049250313e-16
		outer loop
			vertex 1.9159232378005981 -8.38696819564338e-17 0.37771546840667725
			vertex 1.9160016775131226 -8.369289029847406e-17 0.3769192695617676
			vertex 1.928834319114685 -5.476210279064411e-17 0.2466265857219696
		endloop
	endfacet
	facet normal 0 -1 -2.220446049250313e-16
		outer loop
			vertex 1.9385695457458496 -3.281476775195839e-17 0.14778457581996918
			vertex 1.9159232378005981 -8.38696819564338e-17 0.37771546840667725
			vertex 1.928834319114685 -5.476210279064411e-17 0.2466265857219696
		endloop
	endfacet
	facet normal 0 1 2.220446049250313e-16
		outer loop
			vertex 1.9325628280639648 4.63564687681701e-17 -0.2087709754705429
			vertex 1.9325628280639648 4.6356508472839505e-17 -0.20877115428447723
			vertex 1.917385458946228 8.057326795373647e-17 -0.3628697395324707
		endloop
	endfacet
	facet normal 0 -1 -2.220446049250313e-16
		outer loop
			vertex 1.9155962467193604 8.460693811023496e-17 -0.38103577494621277
			vertex 1.8431044816970825 1.3766968105045012e-16 -0.6200091242790222
			vertex 1.9155962467193604 8.460697781490436e-17 -0.3810359537601471
		endloop
	endfacet
	facet normal 0 -1 -2.220446049250313e-16
		outer loop
			vertex 1.9155962467193604 8.460693149279006e-17 -0.3810357451438904
			vertex 1.91559636592865 8.460695134512476e-17 -0.38103583455085754
			vertex 1.9156534671783447 8.460947259163182e-17 -0.38104718923568726
		endloop
	endfacet
	facet normal 0 -1 -2.220446049250313e-16
		outer loop
			vertex 1.9921071529388428 8.798621575797539e-17 -0.39625468850135803
			vertex 1.9156718254089355 8.461027330246477e-17 -0.38105079531669617
			vertex 1.91572904586792 8.461281440130653e-17 -0.38106223940849304
		endloop
	endfacet
	facet normal 0 -1 -2.220446049250313e-16
		outer loop
			vertex 1.9156718254089355 8.461027330246477e-17 -0.38105079531669617
			vertex 1.9156534671783447 8.460947259163182e-17 -0.38104718923568726
			vertex 1.91572904586792 8.461281440130653e-17 -0.38106223940849304
		endloop
	endfacet
	facet normal 0 -1 -2.220446049250313e-16
		outer loop
			vertex 1.9156718254089355 8.461027330246477e-17 -0.38105079531669617
			vertex 1.9155962467193604 8.460693149279006e-17 -0.3810357451438904
			vertex 1.9156534671783447 8.460947259163182e-17 -0.38104718923568726
		endloop
	endfacet
	facet normal 0 -1 -2.220446049250313e-16
		outer loop
			vertex 2.3870930671691895 1.0543172619195966e-16 -0.4748222827911377
			vertex 1.9923179149627686 8.799553312039519e-17 -0.3962966501712799
			vertex 2.3870925903320312 1.0543171957451476e-16 -0.4748222529888153
		endloop
	endfacet
	facet normal 0 1 2.220446049250313e-16
		outer loop
			vertex 1.9528005123138428 7.314927728831997e-19 -0.003294350579380989
			vertex 1.9528247117996216 6.768555288701174e-19 -0.003048286307603121
			vertex 1.9528014659881592 7.293855302727209e-19 -0.0032848604023456573
		endloop
	endfacet
	facet normal 0 -1 -2.220446049250313e-16
		outer loop
			vertex 1.9528005123138428 7.314927728831997e-19 -0.003294350579380989
			vertex 1.9531137943267822 2.5131107333727718e-20 -0.00011318044562358409
			vertex 1.9528247117996216 6.768555288701174e-19 -0.003048286307603121
		endloop
	endfacet
	facet normal 0 -1 -2.220446049250313e-16
		outer loop
			vertex 1.9528014659881592 7.293855302727209e-19 -0.0032848604023456573
			vertex 1.9528247117996216 6.768555805689057e-19 -0.0030482865404337645
			vertex 1.9528014659881592 7.293580265173535e-19 -0.0032847365364432335
		endloop
	endfacet
	facet normal 0 1 2.220446049250313e-16
		outer loop
			vertex 1.9528005123138428 7.314927728831997e-19 -0.003294350579380989
			vertex 1.9528014659881592 7.293580265173535e-19 -0.0032847365364432335
			vertex 1.9325886964797974 4.6298179004764715e-17 -0.2085084617137909
		endloop
	endfacet
	facet normal 0 1 2.220446049250313e-16
		outer loop
			vertex 1.9325628280639648 4.63564687681701e-17 -0.2087709754705429
			vertex 1.9528005123138428 7.314927728831997e-19 -0.003294350579380989
			vertex 1.9325886964797974 4.6298179004764715e-17 -0.2085084617137909
		endloop
	endfacet
	facet normal 0 -1 -2.220446049250313e-16
		outer loop
			vertex 1.6239640712738037 2.4094018944260064e-16 -1.085098147392273
			vertex 1.804160475730896 1.6608366596389165e-16 -0.7479743361473083
			vertex 1.8039346933364868 1.6617744839302046e-16 -0.7483966946601868
		endloop
	endfacet
	facet normal 0 -1 -2.220446049250313e-16
		outer loop
			vertex 1.8039346933364868 1.6617744839302046e-16 -0.7483966946601868
			vertex 1.8018285036087036 1.6705236725308515e-16 -0.7523369789123535
			vertex 1.6239640712738037 2.4094018944260064e-16 -1.085098147392273
		endloop
	endfacet
	facet normal 0 0 0
		outer loop
			vertex 2.353078603744507 4.2879499766598176e-16 -1.9311209917068481
			vertex 2.353078603744507 4.2879494472642255e-16 -1.931120753288269
			vertex 2.353078603744507 4.2879497119620216e-16 -1.9311208724975586
		endloop
	endfacet
	facet normal 0 0 0
		outer loop
			vertex 2.353078603744507 4.2879494472642255e-16 -1.931120753288269
			vertex 2.353078603744507 4.2879491825664295e-16 -1.9311206340789795
			vertex 2.353078603744507 4.2879497119620216e-16 -1.9311208724975586
		endloop
	endfacet
	facet normal 0 -1 -2.220446049250313e-16
		outer loop
			vertex 0.49265071749687195 5.499429172684325e-16 -2.4767227172851562
			vertex 0.5841582417488098 6.520921260919858e-16 -2.9367618560791016
			vertex 0.49265095591545105 5.499430760871101e-16 -2.4767234325408936
		endloop
	endfacet
	facet normal 0 -1 -2.220446049250313e-16
		outer loop
			vertex 0.29836663603782654 6.726589330842674e-16 -3.029386520385742
			vertex 0.21267260611057281 6.707848726884673e-16 -3.020946502685547
			vertex 0.298366516828537 6.726589330842674e-16 -3.029386520385742
		endloop
	endfacet
	facet normal 0 -1 -2.220446049250313e-16
		outer loop
			vertex 0.02201131545007229 6.666151941869304e-16 -3.0021679401397705
			vertex 0.022011185064911842 6.666151941869304e-16 -3.0021679401397705
			vertex 0.026260124519467354 6.667081031133323e-16 -3.0025863647460938
		endloop
	endfacet
	facet normal 0 -1 -2.220446049250313e-16
		outer loop
			vertex 0.5863117575645447 6.544961114754119e-16 -2.9475884437561035
			vertex 0.5874799489974976 6.558001186977099e-16 -2.953461170196533
			vertex 0.5874799489974976 6.558000657581507e-16 -2.953460931777954
		endloop
	endfacet
	facet normal 0 -1 -2.220446049250313e-16
		outer loop
			vertex 0.5852709412574768 6.53334246969575e-16 -2.9423558712005615
			vertex 0.5863117575645447 6.544961114754119e-16 -2.9475884437561035
			vertex 0.5852710604667664 6.533342999091342e-16 -2.9423561096191406
		endloop
	endfacet
	facet normal 0 -1 -2.220446049250313e-16
		outer loop
			vertex 1.5255430936813354 5.069581657172041e-16 -2.2831366062164307
			vertex 1.314048171043396 4.3667560691877856e-16 -1.9666121006011963
			vertex 1.5141915082931519 5.031859044866071e-16 -2.2661478519439697
		endloop
	endfacet
	facet normal 0 -1 -2.220446049250313e-16
		outer loop
			vertex 0.5198630094528198 6.77502902751378e-16 -3.051201820373535
			vertex 0.5198631286621094 6.775029556909372e-16 -3.0512020587921143
			vertex 0.5996356010437012 6.792475259249258e-16 -3.059058904647827
		endloop
	endfacet
	facet normal 0 -1 -2.220446049250313e-16
		outer loop
			vertex 0.5198630094528198 6.77502902751378e-16 -3.051201820373535
			vertex 0.5198630094528198 6.775029556909372e-16 -3.0512020587921143
			vertex 0.5198631286621094 6.775029556909372e-16 -3.0512020587921143
		endloop
	endfacet
	facet normal 0 -1 -2.220446049250313e-16
		outer loop
			vertex 0.5198630094528198 6.77502902751378e-16 -3.051201820373535
			vertex 0.5198622345924377 6.775029556909372e-16 -3.0512020587921143
			vertex 0.5198630094528198 6.775029556909372e-16 -3.0512020587921143
		endloop
	endfacet
	facet normal 0 1 2.220446049250313e-16
		outer loop
			vertex 0.10118934512138367 6.683467942289142e-16 -3.0099663734436035
			vertex 0.10118890553712845 6.68346741289355e-16 -3.0099661350250244
			vertex 0.21267260611057281 6.707848726884673e-16 -3.020946502685547
		endloop
	endfacet
	facet normal 0 -1 -2.220446049250313e-16
		outer loop
			vertex 0.29836663603782654 6.726589330842674e-16 -3.029386520385742
			vertex 0.10118934512138367 6.683467942289142e-16 -3.0099663734436035
			vertex 0.21267260611057281 6.707848726884673e-16 -3.020946502685547
		endloop
	endfacet
	facet normal 0 -1 -2.220446049250313e-16
		outer loop
			vertex 0.298366904258728 6.726589330842674e-16 -3.029386520385742
			vertex 0.2983667850494385 6.726589330842674e-16 -3.029386520385742
			vertex 0.5198622345924377 6.775029556909372e-16 -3.0512020587921143
		endloop
	endfacet
	facet normal 0 -1 -2.220446049250313e-16
		outer loop
			vertex 0.5198630094528198 6.77502902751378e-16 -3.051201820373535
			vertex 0.298366904258728 6.726589330842674e-16 -3.029386520385742
			vertex 0.5198622345924377 6.775029556909372e-16 -3.0512020587921143
		endloop
	endfacet
	facet normal 0 -1 -2.220446049250313e-16
		outer loop
			vertex 0.02201131545007229 6.666151941869304e-16 -3.0021679401397705
			vertex 0.022007906809449196 6.666151412473712e-16 -3.0021677017211914
			vertex 0.022011185064911842 6.666151941869304e-16 -3.0021679401397705
		endloop
	endfacet
	facet normal 0 0 0
		outer loop
			vertex 0.29836663603782654 6.726589330842674e-16 -3.029386520385742
			vertex 0.298366516828537 6.726589330842674e-16 -3.029386520385742
			vertex 0.2983667850494385 6.726589330842674e-16 -3.029386520385742
		endloop
	endfacet
	facet normal 0 0 0
		outer loop
			vertex 0.298366904258728 6.726589330842674e-16 -3.029386520385742
			vertex 0.29836663603782654 6.726589330842674e-16 -3.029386520385742
			vertex 0.2983667850494385 6.726589330842674e-16 -3.029386520385742
		endloop
	endfacet
	facet normal 0 1 2.220446049250313e-16
		outer loop
			vertex 0.022005485370755196 6.66615088307812e-16 -3.0021674633026123
			vertex 0.02134036459028721 6.66600529929031e-16 -3.0021018981933594
			vertex 0.021361060440540314 6.666009534455047e-16 -3.002103805541992
		endloop
	endfacet
	facet normal 0 1 2.220446049250313e-16
		outer loop
			vertex 0.10118934512138367 6.683467942289142e-16 -3.0099663734436035
			vertex 0.026260126382112503 6.667081031133323e-16 -3.0025863647460938
			vertex 0.10118890553712845 6.68346741289355e-16 -3.0099661350250244
		endloop
	endfacet
	facet normal 0 1 2.220446049250313e-16
		outer loop
			vertex 0.10118934512138367 6.683467942289142e-16 -3.0099663734436035
			vertex 0.02201131545007229 6.666151941869304e-16 -3.0021679401397705
			vertex 0.026260126382112503 6.667081031133323e-16 -3.0025863647460938
		endloop
	endfacet
	facet normal 0 -1 -2.220446049250313e-16
		outer loop
			vertex 0.608661413192749 6.7944488460163605e-16 -3.0599477291107178
			vertex 0.5996356010437012 6.792475259249258e-16 -3.059058904647827
			vertex 0.6086614727973938 6.794449375411953e-16 -3.059947967529297
		endloop
	endfacet
	facet normal 0 -1 -2.220446049250313e-16
		outer loop
			vertex 0.608661413192749 6.7944488460163605e-16 -3.0599477291107178
			vertex 0.5198630094528198 6.77502902751378e-16 -3.051201820373535
			vertex 0.5996356010437012 6.792475259249258e-16 -3.059058904647827
		endloop
	endfacet
	facet normal 0 -1 -2.220446049250313e-16
		outer loop
			vertex 1.6225990056991577 2.413095222773831e-16 -1.086761474609375
			vertex 1.6239640712738037 2.4094018944260064e-16 -1.085098147392273
			vertex 1.6220208406448364 2.4146593220504954e-16 -1.0874658823013306
		endloop
	endfacet
	facet normal 0 -1 -2.220446049250313e-16
		outer loop
			vertex 1.5109405517578125 2.71520064071951e-16 -1.2228176593780518
			vertex 1.6225990056991577 2.413095222773831e-16 -1.086761474609375
			vertex 1.6220208406448364 2.4146593220504954e-16 -1.0874658823013306
		endloop
	endfacet
	facet normal 0 -1 -2.220446049250313e-16
		outer loop
			vertex 0.7523907423019409 -4.0007994547935054e-16 1.8017998933792114
			vertex 0.7501299381256104 -4.0034824316539333e-16 1.8030081987380981
			vertex 0.7548140287399292 -3.997922983844189e-16 1.800504446029663
		endloop
	endfacet
	facet normal 0 -1 -2.220446049250313e-16
		outer loop
			vertex 0.7523907423019409 -4.0007994547935054e-16 1.8017998933792114
			vertex 0.7548140287399292 -3.997922983844189e-16 1.800504446029663
			vertex 1.085098147392273 -3.6059246061843713e-16 1.6239640712738037
		endloop
	endfacet
	facet normal 0 1 2.220446049250313e-16
		outer loop
			vertex 1.1207939386367798 -3.5408769756977733e-16 1.594669222831726
			vertex 1.0874658823013306 -3.6016097674114987e-16 1.6220208406448364
			vertex 1.1111764907836914 -3.558402616772057e-16 1.6025620698928833
		endloop
	endfacet
	facet normal 0 -1 -2.220446049250313e-16
		outer loop
			vertex 2.353078603744507 4.2879491825664295e-16 -1.9311206340789795
			vertex 2.353078603744507 4.2879494472642255e-16 -1.931120753288269
			vertex 2.471334457397461 3.796696278240741e-16 -1.709879994392395
		endloop
	endfacet
	facet normal 0 1 2.220446049250313e-16
		outer loop
			vertex 1.201224446296692 3.991827787695306e-16 -1.7977594137191772
			vertex 1.219000220298767 4.050899071343433e-16 -1.8243627548217773
			vertex 1.224495768547058 4.069161631081828e-16 -1.832587480545044
		endloop
	endfacet
	facet normal 0 1 2.220446049250313e-16
		outer loop
			vertex 0.38103586435317993 4.2534781179867317e-16 -1.9155962467193604
			vertex 0.38103771209716797 4.2534767944977516e-16 -1.9155956506729126
			vertex 0.38103753328323364 4.2534770591955476e-16 -1.9155957698822021
		endloop
	endfacet
	facet normal 0 -1 -2.220446049250313e-16
		outer loop
			vertex 1.030958890914917 3.6701799961674905e-16 -1.6529021263122559
			vertex 1.085098147392273 3.6059246061843713e-16 -1.6239640712738037
			vertex 1.030959129333496 3.6701794667718985e-16 -1.6529018878936768
		endloop
	endfacet
	facet normal 0 0 0
		outer loop
			vertex 1.030958890914917 3.6701799961674905e-16 -1.6529021263122559
			vertex 1.030959129333496 3.6701794667718985e-16 -1.6529018878936768
			vertex 1.0309590101242065 3.6701797314696945e-16 -1.6529020071029663
		endloop
	endfacet
	facet normal 0 -1 -2.220446049250313e-16
		outer loop
			vertex 1.0309587717056274 3.6701799961674905e-16 -1.6529021263122559
			vertex 1.030958890914917 3.6701799961674905e-16 -1.6529021263122559
			vertex 1.0309590101242065 3.6701797314696945e-16 -1.6529020071029663
		endloop
	endfacet
	facet normal -1 0 0
		outer loop
			vertex -2.5 0.7591583132743828 3.7416484355926514
			vertex -2.5 0.9126538038253792 -3.7416484355926514
			vertex -2.5 0.27532446384430015 -3.7416484355926514
		endloop
	endfacet
	facet normal -1 0 0
		outer loop
			vertex -2.5 6.204855442047119 0.7500000000000013
			vertex -2.5 5.234018802642822 1.6562503576278698
			vertex -2.5 6.743929862976074 1.6562503576278702
		endloop
	endfacet
	facet normal -1 0 0
		outer loop
			vertex -2.5 1.7140481472015379 0.7500000000000003
			vertex -2.5 1.4977438449859615 1.6562502384185793
			vertex -2.5 2.1035974025726314 1.6562502384185795
		endloop
	endfacet
	facet normal -1 0 0
		outer loop
			vertex -2.5 0.9999999999999992 3.7416484355926514
			vertex -2.5 0.9999999999999997 1.6562502384185793
			vertex -2.5 0.8019334673881527 1.6562502384185793
		endloop
	endfacet
	facet normal -1 0 0
		outer loop
			vertex -2.5 0.7591583132743828 3.7416484355926514
			vertex -2.5 0.9999999999999992 3.7416484355926514
			vertex -2.5 0.8019334673881527 1.6562502384185793
		endloop
	endfacet
	facet normal -1 0 0
		outer loop
			vertex -2.5 0.9999999999999997 1.6562502384185793
			vertex -2.5 2.0525891780853276 -1.6562504768371578
			vertex -2.5 1.0000000000000004 -1.656250476837158
		endloop
	endfacet
	facet normal -1 0 0
		outer loop
			vertex -2.5 3 0.7500000000000007
			vertex -2.5 2.9999999999999996 1.6562503576278693
			vertex -2.5 5.234018802642822 1.6562503576278698
		endloop
	endfacet
	facet normal -1 0 0
		outer loop
			vertex -2.5 6.204855442047119 0.7500000000000013
			vertex -2.5 3 0.7500000000000007
			vertex -2.5 5.234018802642822 1.6562503576278698
		endloop
	endfacet
	facet normal -1 0 0
		outer loop
			vertex -2.5 3 0.7500000000000007
			vertex -2.5 2.1035974025726314 1.6562502384185795
			vertex -2.5 2.9999999999999996 1.6562503576278693
		endloop
	endfacet
	facet normal -1 0 0
		outer loop
			vertex -2.5 3 0.7500000000000007
			vertex -2.5 1.7140481472015379 0.7500000000000003
			vertex -2.5 2.1035974025726314 1.6562502384185795
		endloop
	endfacet
	facet normal -1 0 0
		outer loop
			vertex -2.5 6.743929862976074 1.6562503576278702
			vertex -2.5 10.872065544128418 0.7500000000000024
			vertex -2.5 6.204855442047119 0.7500000000000013
		endloop
	endfacet
	facet normal -1 0 0
		outer loop
			vertex -2.5 6.743929862976074 1.6562503576278702
			vertex -2.5 11.894530296325684 1.6562504768371609
			vertex -2.5 10.872065544128418 0.7500000000000024
		endloop
	endfacet
	facet normal -1 0 0
		outer loop
			vertex -2.5 3 0.7500000000000007
			vertex -2.5 3 -0.7499999999999993
			vertex -2.5 2.072068929672241 -0.7499999999999996
		endloop
	endfacet
	facet normal -1 0 0
		outer loop
			vertex -2.5 1.7140481472015379 0.7500000000000003
			vertex -2.5 3 0.7500000000000007
			vertex -2.5 2.072068929672241 -0.7499999999999996
		endloop
	endfacet
	facet normal -1 0 0
		outer loop
			vertex -2.5 0.9999999999999997 1.6562502384185793
			vertex -2.5 1.0000000000000004 -1.656250476837158
			vertex -2.5 0.9463986754417423 -1.656250476837158
		endloop
	endfacet
	facet normal -1 0 0
		outer loop
			vertex -2.5 0.8019334673881527 1.6562502384185793
			vertex -2.5 0.9999999999999997 1.6562502384185793
			vertex -2.5 0.9126538038253792 -3.7416484355926514
		endloop
	endfacet
	facet normal -1 0 0
		outer loop
			vertex -2.5 -8.308128486495317e-16 3.7416484355926514
			vertex -2.5 0.27532446384430015 -3.7416484355926514
			vertex -2.5 8.308128486495317e-16 -3.7416484355926514
		endloop
	endfacet
	facet normal -1 0 0
		outer loop
			vertex -2.5 -8.308128486495317e-16 3.7416484355926514
			vertex -2.5 0.7591583132743828 3.7416484355926514
			vertex -2.5 0.27532446384430015 -3.7416484355926514
		endloop
	endfacet
	facet normal -1 0 0
		outer loop
			vertex -2.5 3 -0.7499999999999993
			vertex -2.5 4.773519992828369 -1.656250476837157
			vertex -2.5 3.0000000000000004 -1.6562504768371575
		endloop
	endfacet
	facet normal -1 0 0
		outer loop
			vertex -2.5 3 -0.7499999999999993
			vertex -2.5 5.312594413757324 -0.7499999999999988
			vertex -2.5 4.773519992828369 -1.656250476837157
		endloop
	endfacet
	facet normal -1 0 0
		outer loop
			vertex -2.5 3 -0.7499999999999993
			vertex -2.5 3.0000000000000004 -1.6562504768371575
			vertex -2.5 2.288373231887818 -1.6562504768371578
		endloop
	endfacet
	facet normal -1 0 0
		outer loop
			vertex -2.5 2.072068929672241 -0.7499999999999996
			vertex -2.5 3 -0.7499999999999993
			vertex -2.5 2.288373231887818 -1.6562504768371578
		endloop
	endfacet
	facet normal -1 0 0
		outer loop
			vertex -2.5 11.894530296325684 1.6562504768371609
			vertex -2.5 11.174320220947266 0.7500000000000024
			vertex -2.5 10.872065544128418 0.7500000000000024
		endloop
	endfacet
	facet normal -1 0 0
		outer loop
			vertex -2.5 1.4977438449859615 1.6562502384185793
			vertex -2.5 2.288373231887818 -1.6562504768371578
			vertex -2.5 2.0525891780853276 -1.6562504768371578
		endloop
	endfacet
	facet normal -1 0 0
		outer loop
			vertex -2.5 0.9999999999999997 1.6562502384185793
			vertex -2.5 1.4977438449859615 1.6562502384185793
			vertex -2.5 2.0525891780853276 -1.6562504768371578
		endloop
	endfacet
	facet normal -1 0 0
		outer loop
			vertex -2.5 8.157247543334961 -1.6562504768371564
			vertex -2.5 7.42193078994751 -0.7499999999999983
			vertex -2.5 9.17971134185791 -0.749999999999998
		endloop
	endfacet
	facet normal -1 0 0
		outer loop
			vertex -2.5 1.0000000000000009 -3.7416484355926514
			vertex -2.5 0.9463986754417423 -1.656250476837158
			vertex -2.5 1.0000000000000004 -1.656250476837158
		endloop
	endfacet
	facet normal -1 0 0
		outer loop
			vertex -2.5 1.0000000000000009 -3.7416484355926514
			vertex -2.5 0.9126538038253792 -3.7416484355926514
			vertex -2.5 0.9463986754417423 -1.656250476837158
		endloop
	endfacet
	facet normal -1 0 0
		outer loop
			vertex -2.5 9.26203727722168 -1.6562504768371562
			vertex -2.5 9.17971134185791 -0.749999999999998
			vertex -2.5 9.982247352600098 -0.7499999999999978
		endloop
	endfacet
	facet normal -1 0 0
		outer loop
			vertex -2.5 9.26203727722168 -1.6562504768371562
			vertex -2.5 8.157247543334961 -1.6562504768371564
			vertex -2.5 9.17971134185791 -0.749999999999998
		endloop
	endfacet
	facet normal -1 0 0
		outer loop
			vertex -2.5 12.606660842895508 -1.034085750579831
			vertex -2.5 12.610297203063965 -1.0288912057876558
			vertex -2.5 12.60670280456543 -1.0340260267257662
		endloop
	endfacet
	facet normal -1 0 0
		outer loop
			vertex -2.5 4.773519992828369 -1.656250476837157
			vertex -2.5 5.312594413757324 -0.7499999999999988
			vertex -2.5 7.42193078994751 -0.7499999999999983
		endloop
	endfacet
	facet normal -1 0 0
		outer loop
			vertex -2.5 8.157247543334961 -1.6562504768371564
			vertex -2.5 4.773519992828369 -1.656250476837157
			vertex -2.5 7.42193078994751 -0.7499999999999983
		endloop
	endfacet
	facet normal -1 0 0
		outer loop
			vertex -2.5 11.894530296325684 1.6562504768371609
			vertex -2.5 11.934252738952637 0.7500000000000027
			vertex -2.5 11.174320220947266 0.7500000000000024
		endloop
	endfacet
	facet normal -1 0 0
		outer loop
			vertex -2.5 12 1.6000000238418606
			vertex -2.5 12 0.7500000000000027
			vertex -2.5 11.934252738952637 0.7500000000000027
		endloop
	endfacet
	facet normal -1 0 0
		outer loop
			vertex -2.5 11.894530296325684 1.6562504768371609
			vertex -2.5 12 1.6000000238418606
			vertex -2.5 11.934252738952637 0.7500000000000027
		endloop
	endfacet
	facet normal -1 0 0
		outer loop
			vertex -2.5 11.899999618530273 -1.6562504768371555
			vertex -2.5 12 -1.6361393928527805
			vertex -2.5 12 -1.656250357627866
		endloop
	endfacet
	facet normal -1 0 0
		outer loop
			vertex -2.5 12 -1.3089371919631931
			vertex -2.5 12.34451675415039 -1.2652349472045872
			vertex -2.5 12 -1.5682860612869236
		endloop
	endfacet
	facet normal -1 0 0
		outer loop
			vertex -2.5 12 -1.6361393928527805
			vertex -2.5 11.899999618530273 -1.656250357627866
			vertex -2.5 12 -1.5682860612869236
		endloop
	endfacet
	facet normal -1 0 0
		outer loop
			vertex -2.5 11.899999618530273 -1.6562504768371555
			vertex -2.5 9.26203727722168 -1.6562504768371562
			vertex -2.5 12 -1.3089371919631931
		endloop
	endfacet
	facet normal -1 0 0
		outer loop
			vertex -2.5 12 0.7500000000000027
			vertex -2.5 12 1.568286061286929
			vertex -2.5 12.284443855285645 1.3180775642395046
		endloop
	endfacet
	facet normal 1 0 0
		outer loop
			vertex -2.5 12.605647087097168 1.0355339050292998
			vertex -2.5 12.604107856750488 1.036888003349307
			vertex -2.5 12.604150772094727 1.0368499755859404
		endloop
	endfacet
	facet normal -1 0 0
		outer loop
			vertex -2.5 12.284324645996094 1.3178405761718777
			vertex -2.5 12.28439998626709 1.317990183830264
			vertex -2.5 12.603931427001953 1.037042975425723
		endloop
	endfacet
	facet normal 1 0 0
		outer loop
			vertex -2.5 12.805536270141602 0.7500000000000029
			vertex -2.5 12.605647087097168 1.0355337858200102
			vertex -2.5 12.623703956604004 1.0097399950027495
		endloop
	endfacet
	facet normal -1 0 0
		outer loop
			vertex -2.5 12.805536270141602 0.7500000000000029
			vertex -2.5 12 0.7500000000000027
			vertex -2.5 12.605647087097168 1.0355337858200102
		endloop
	endfacet
	facet normal -1 0 0
		outer loop
			vertex -2.5 12.605647087097168 1.0355337858200102
			vertex -2.5 12 0.7500000000000027
			vertex -2.5 12.284324645996094 1.3178405761718777
		endloop
	endfacet
	facet normal 1 0 0
		outer loop
			vertex -2.5 12.604150772094727 1.0368499755859404
			vertex -2.5 12.601805686950684 1.038912773132327
			vertex -2.5 12.604254722595215 1.0367581844329863
		endloop
	endfacet
	facet normal -1 0 0
		outer loop
			vertex -2.5 12.604107856750488 1.036888003349307
			vertex -2.5 12.594408988952637 1.0454190969467192
			vertex -2.5 12.60080337524414 1.0397948026657133
		endloop
	endfacet
	facet normal -1 0 0
		outer loop
			vertex -2.5 12.284443855285645 1.3180775642395046
			vertex -2.5 12.603931427001953 1.037042975425723
			vertex -2.5 12.28439998626709 1.317990183830264
		endloop
	endfacet
	facet normal 1 0 0
		outer loop
			vertex -2.5 12.284443855285645 1.3180775642395046
			vertex -2.5 12.603970527648926 1.0370080471038847
			vertex -2.5 12.603931427001953 1.037042975425723
		endloop
	endfacet
	facet normal 1 0 0
		outer loop
			vertex -2.5 12.605647087097168 1.0355337858200102
			vertex -2.5 12.603931427001953 1.037042975425723
			vertex -2.5 12.604039192199707 1.0369480848312407
		endloop
	endfacet
	facet normal -1 0 0
		outer loop
			vertex -2.5 12.605647087097168 1.0355337858200102
			vertex -2.5 12.284324645996094 1.3178405761718777
			vertex -2.5 12.603931427001953 1.037042975425723
		endloop
	endfacet
	facet normal 1 0 0
		outer loop
			vertex -2.5 12.604107856750488 1.036888003349307
			vertex -2.5 12.60080337524414 1.0397948026657133
			vertex -2.5 12.601805686950684 1.038912773132327
		endloop
	endfacet
	facet normal 1 0 0
		outer loop
			vertex -2.5 12.604150772094727 1.0368499755859404
			vertex -2.5 12.604107856750488 1.036888003349307
			vertex -2.5 12.601805686950684 1.038912773132327
		endloop
	endfacet
	facet normal -1 0 0
		outer loop
			vertex -2.5 12.805536270141602 -0.7499999999999971
			vertex -2.5 12.611857414245605 -1.0266627073287935
			vertex -2.5 12.805529594421387 -0.7499999999999971
		endloop
	endfacet
	facet normal 1 0 0
		outer loop
			vertex -2.5 12.610297203063965 -1.0288912057876558
			vertex -2.5 12.611857414245605 -1.0266627073287935
			vertex -2.5 12.610323905944824 -1.028852701187131
		endloop
	endfacet
	facet normal -1 0 0
		outer loop
			vertex -2.5 12.378042221069336 -1.2357418537139866
			vertex -2.5 12.576433181762695 -1.061231017112729
			vertex -2.5 12.378044128417969 -1.2357423305511448
		endloop
	endfacet
	facet normal 1 0 0
		outer loop
			vertex -2.5 12.605764389038086 -1.035365939140317
			vertex -2.5 12.605647087097168 -1.035533905029294
			vertex -2.5 12.605647087097168 -1.0355340242385835
		endloop
	endfacet
	facet normal 1 0 0
		outer loop
			vertex -2.5 12.610297203063965 -1.0288912057876558
			vertex -2.5 12.610323905944824 -1.028852701187131
			vertex -2.5 12.606752395629883 -1.0339550971984834
		endloop
	endfacet
	facet normal 1 0 0
		outer loop
			vertex -2.5 12.60670280456543 -1.0340260267257662
			vertex -2.5 12.610297203063965 -1.0288912057876558
			vertex -2.5 12.606752395629883 -1.0339550971984834
		endloop
	endfacet
	facet normal 1 0 0
		outer loop
			vertex -2.5 12.60670280456543 -1.0340260267257662
			vertex -2.5 12.605782508850098 -1.0353397130966158
			vertex -2.5 12.605907440185547 -1.035161614418027
		endloop
	endfacet
	facet normal -1 0 0
		outer loop
			vertex -2.5 12.606660842895508 -1.034085750579831
			vertex -2.5 12.60670280456543 -1.0340260267257662
			vertex -2.5 12.605907440185547 -1.035161614418027
		endloop
	endfacet
	facet normal -1 0 0
		outer loop
			vertex -2.5 12.605782508850098 -1.0353397130966158
			vertex -2.5 12.605647087097168 -1.0355340242385835
			vertex -2.5 12.605646133422852 -1.0355342626571626
		endloop
	endfacet
	facet normal 1 0 0
		outer loop
			vertex -2.5 12.605907440185547 -1.035161614418027
			vertex -2.5 12.605782508850098 -1.0353397130966158
			vertex -2.5 12.605646133422852 -1.0355342626571626
		endloop
	endfacet
	facet normal -1 0 0
		outer loop
			vertex -2.5 12.611857414245605 -1.0266627073287935
			vertex -2.5 12.605646133422852 -1.0355342626571626
			vertex -2.5 12.605639457702637 -1.035539984703061
		endloop
	endfacet
	facet normal -1 0 0
		outer loop
			vertex -2.5 12.805529594421387 -0.7499999999999971
			vertex -2.5 12.611857414245605 -1.0266627073287935
			vertex -2.5 12.605639457702637 -1.035539984703061
		endloop
	endfacet
	facet normal -1 0 0
		outer loop
			vertex -2.5 12.805529594421387 -0.7499999999999971
			vertex -2.5 12.605639457702637 -1.035539984703061
			vertex -2.5 12.378042221069336 -1.2357418537139866
		endloop
	endfacet
	facet normal -1 0 0
		outer loop
			vertex -2.5 9.982247352600098 -0.7499999999999978
			vertex -2.5 12.805529594421387 -0.7499999999999971
			vertex -2.5 12.378042221069336 -1.2357418537139866
		endloop
	endfacet
	facet normal -1 0 0
		outer loop
			vertex -2.5 12.605782508850098 -1.0353397130966158
			vertex -2.5 12.605764389038086 -1.035365939140317
			vertex -2.5 12.605647087097168 -1.0355340242385835
		endloop
	endfacet
	facet normal 1 0 0
		outer loop
			vertex -2.5 11.899999618530273 -1.6562504768371555
			vertex -2.5 12 -1.5682860612869236
			vertex -2.5 11.899999618530273 -1.656250357627866
		endloop
	endfacet
	facet normal -1 0 0
		outer loop
			vertex -2.5 11.899999618530273 -1.6562504768371555
			vertex -2.5 12 -1.3089371919631931
			vertex -2.5 12 -1.5682860612869236
		endloop
	endfacet
	facet normal -1 0 0
		outer loop
			vertex -2.5 9.982247352600098 -0.7499999999999978
			vertex -2.5 12.378044128417969 -1.2357423305511448
			vertex -2.5 12.34451675415039 -1.2652349472045872
		endloop
	endfacet
	facet normal -1 0 0
		outer loop
			vertex -2.5 9.26203727722168 -1.6562504768371562
			vertex -2.5 9.982247352600098 -0.7499999999999978
			vertex -2.5 12.34451675415039 -1.2652349472045872
		endloop
	endfacet
	facet normal -1 0 0
		outer loop
			vertex -2.5 11.894530296325684 1.6562504768371609
			vertex -2.5 11.899999618530273 1.6562504768371609
			vertex -2.5 11.899999618530273 1.6533335447311428
		endloop
	endfacet
	facet normal -1 0 0
		outer loop
			vertex -2.5 11.899999618530273 1.6533335447311428
			vertex -2.5 12 1.6533496379852322
			vertex -2.5 12 1.6000000238418606
		endloop
	endfacet
	facet normal -1 0 0
		outer loop
			vertex -2.5 11.899999618530273 1.6533335447311428
			vertex -2.5 11.899999618530273 1.6562504768371609
			vertex -2.5 12 1.6533496379852322
		endloop
	endfacet
	facet normal -1 0 0
		outer loop
			vertex -2.5 12 1.6533496379852322
			vertex -2.5 11.901178359985352 1.6562504768371609
			vertex -2.5 12 1.6562504768371609
		endloop
	endfacet
	facet normal -1 0 0
		outer loop
			vertex -2.5 12 1.6533496379852322
			vertex -2.5 11.899999618530273 1.6562504768371609
			vertex -2.5 11.901178359985352 1.6562504768371609
		endloop
	endfacet
	facet normal 1 0 0
		outer loop
			vertex 2.5 -8.308128486495317e-16 3.7416484355926514
			vertex 2.5 8.308128486495317e-16 -3.7416484355926514
			vertex 2.5 0.66765582561493 -3.7416484355926514
		endloop
	endfacet
	facet normal 1 0 0
		outer loop
			vertex 2.5 1.5899728536605833 0.7500000000000003
			vertex 2.5 2.017107725143432 1.6562504768371586
			vertex 2.5 1.4112542867660518 1.6562504768371584
		endloop
	endfacet
	facet normal 1 0 0
		outer loop
			vertex 2.5 0.9999999999999992 3.7416484355926514
			vertex 2.5 0.4101562201976772 1.6562504768371582
			vertex 2.5 0.9999999999999997 1.6562504768371584
		endloop
	endfacet
	facet normal 1 0 0
		outer loop
			vertex 2.5 0.9999999999999992 3.7416484355926514
			vertex 2.5 0.2753244638442985 3.7416484355926514
			vertex 2.5 0.4101562201976772 1.6562504768371582
		endloop
	endfacet
	facet normal 1 0 0
		outer loop
			vertex 2.5 0.9999999999999997 1.6562504768371584
			vertex 2.5 1.0000000000000004 -1.6562502384185789
			vertex 2.5 1.822342991828919 -1.6562502384185787
		endloop
	endfacet
	facet normal 1 0 0
		outer loop
			vertex 2.5 12 1.6227804422378567
			vertex 2.5 11.94420051574707 1.6173692941665676
			vertex 2.5 12 1.568286061286929
		endloop
	endfacet
	facet normal 1 0 0
		outer loop
			vertex 2.5 3 0.7500000000000007
			vertex 2.5 2.9999999999999996 1.6562504768371589
			vertex 2.5 2.017107725143432 1.6562504768371586
		endloop
	endfacet
	facet normal 1 0 0
		outer loop
			vertex 2.5 1.5899728536605833 0.7500000000000003
			vertex 2.5 3 0.7500000000000007
			vertex 2.5 2.017107725143432 1.6562504768371586
		endloop
	endfacet
	facet normal 1 0 0
		outer loop
			vertex 2.5 2.9999999999999996 1.6562504768371589
			vertex 2.5 3 0.7500000000000007
			vertex 2.5 9.26203727722168 1.6562504768371602
		endloop
	endfacet
	facet normal 1 0 0
		outer loop
			vertex 2.5 3 0.7500000000000007
			vertex 2.5 1.8857827186584475 -0.7499999999999996
			vertex 2.5 3 -0.7499999999999993
		endloop
	endfacet
	facet normal 1 0 0
		outer loop
			vertex 2.5 3 0.7500000000000007
			vertex 2.5 1.5899728536605833 0.7500000000000003
			vertex 2.5 1.8857827186584475 -0.7499999999999996
		endloop
	endfacet
	facet normal 1 0 0
		outer loop
			vertex 2.5 0.9999999999999997 1.6562504768371584
			vertex 2.5 0.8522039055824283 -1.6562502384185789
			vertex 2.5 1.0000000000000004 -1.6562502384185789
		endloop
	endfacet
	facet normal 1 0 0
		outer loop
			vertex 2.5 0.9999999999999997 1.6562504768371584
			vertex 2.5 0.4101562201976772 1.6562504768371582
			vertex 2.5 0.7591583132743843 -3.7416484355926514
		endloop
	endfacet
	facet normal 1 0 0
		outer loop
			vertex 2.5 0.2753244638442985 3.7416484355926514
			vertex 2.5 0.66765582561493 -3.7416484355926514
			vertex 2.5 0.7591583132743843 -3.7416484355926514
		endloop
	endfacet
	facet normal 1 0 0
		outer loop
			vertex 2.5 0.2753244638442985 3.7416484355926514
			vertex 2.5 -8.308128486495317e-16 3.7416484355926514
			vertex 2.5 0.66765582561493 -3.7416484355926514
		endloop
	endfacet
	facet normal 1 0 0
		outer loop
			vertex 2.5 3 -0.7499999999999993
			vertex 2.5 2.064501285552979 -1.6562502384185787
			vertex 2.5 3.0000000000000004 -1.656250357627868
		endloop
	endfacet
	facet normal 1 0 0
		outer loop
			vertex 2.5 3 -0.7499999999999993
			vertex 2.5 1.8857827186584475 -0.7499999999999996
			vertex 2.5 2.064501285552979 -1.6562502384185787
		endloop
	endfacet
	facet normal 1 0 0
		outer loop
			vertex 2.5 1.4112542867660518 1.6562504768371584
			vertex 2.5 1.822342991828919 -1.6562502384185787
			vertex 2.5 2.064501285552979 -1.6562502384185787
		endloop
	endfacet
	facet normal 1 0 0
		outer loop
			vertex 2.5 1.4112542867660518 1.6562504768371584
			vertex 2.5 0.9999999999999997 1.6562504768371584
			vertex 2.5 1.822342991828919 -1.6562502384185787
		endloop
	endfacet
	facet normal 1 0 0
		outer loop
			vertex 2.5 1.0000000000000009 -3.7416484355926514
			vertex 2.5 1.0000000000000004 -1.6562502384185789
			vertex 2.5 0.8522039055824283 -1.6562502384185789
		endloop
	endfacet
	facet normal 1 0 0
		outer loop
			vertex 2.5 0.7591583132743843 -3.7416484355926514
			vertex 2.5 1.0000000000000009 -3.7416484355926514
			vertex 2.5 0.8522039055824283 -1.6562502384185789
		endloop
	endfacet
	facet normal 1 0 0
		outer loop
			vertex 2.5 3 -0.7499999999999993
			vertex 2.5 11.75798511505127 -1.6562504768371555
			vertex 2.5 11.894530296325684 -1.6562504768371555
		endloop
	endfacet
	facet normal 1 0 0
		outer loop
			vertex 2.5 3 -0.7499999999999993
			vertex 2.5 3.0000000000000004 -1.656250357627868
			vertex 2.5 11.75798511505127 -1.6562504768371555
		endloop
	endfacet
	facet normal 0 0 0
		outer loop
			vertex 2.5 9.26203727722168 1.6562504768371602
			vertex 2.5 9.26203727722168 1.6562504768371602
			vertex 2.5 11.899999618530273 1.6562504768371609
		endloop
	endfacet
	facet normal 1 0 0
		outer loop
			vertex 2.5 12 0.7500000000000027
			vertex 2.5 12.23343563079834 1.362946510314944
			vertex 2.5 12 1.568286061286929
		endloop
	endfacet
	facet normal 1 0 0
		outer loop
			vertex 2.5 9.26203727722168 1.6562504768371602
			vertex 2.5 12 1.6227804422378567
			vertex 2.5 12 1.6562504768371609
		endloop
	endfacet
	facet normal 1 0 0
		outer loop
			vertex 2.5 9.26203727722168 1.6562504768371602
			vertex 2.5 3 0.7500000000000007
			vertex 2.5 12 1.6227804422378567
		endloop
	endfacet
	facet normal 1 0 0
		outer loop
			vertex 2.5 11.894530296325684 -1.6562504768371555
			vertex 2.5 12 -1.6000000238418552
			vertex 2.5 12 -0.7499999999999973
		endloop
	endfacet
	facet normal 1 0 0
		outer loop
			vertex 2.5 3 -0.7499999999999993
			vertex 2.5 11.894530296325684 -1.6562504768371555
			vertex 2.5 12 -0.7499999999999973
		endloop
	endfacet
	facet normal 1 0 0
		outer loop
			vertex 2.5 12.614282608032227 1.0231977701187163
			vertex 2.5 12.60670280456543 1.034026026725772
			vertex 2.5 12.606614112854004 1.0341511964798002
		endloop
	endfacet
	facet normal -1 0 0
		outer loop
			vertex 2.5 12.614282608032227 1.0231977701187163
			vertex 2.5 12.606749534606934 1.033959150314334
			vertex 2.5 12.60670280456543 1.034026026725772
		endloop
	endfacet
	facet normal -1 0 0
		outer loop
			vertex 2.5 12.605765342712402 1.0353652238845854
			vertex 2.5 12.605647087097168 1.0355339050292998
			vertex 2.5 12.605647087097168 1.0355340242385893
		endloop
	endfacet
	facet normal -1 0 0
		outer loop
			vertex 2.5 12.60670280456543 1.034026026725772
			vertex 2.5 12.605782508850098 1.0353397130966215
			vertex 2.5 12.60604476928711 1.034965395927432
		endloop
	endfacet
	facet normal 1 0 0
		outer loop
			vertex 2.5 12.606614112854004 1.0341511964798002
			vertex 2.5 12.60670280456543 1.034026026725772
			vertex 2.5 12.60604476928711 1.034965395927432
		endloop
	endfacet
	facet normal 1 0 0
		outer loop
			vertex 2.5 12 0.7500000000000027
			vertex 2.5 12 1.568286061286929
			vertex 2.5 11.94420051574707 1.6173692941665676
		endloop
	endfacet
	facet normal 1 0 0
		outer loop
			vertex 2.5 3 0.7500000000000007
			vertex 2.5 12 0.7500000000000027
			vertex 2.5 11.94420051574707 1.6173692941665676
		endloop
	endfacet
	facet normal 1 0 0
		outer loop
			vertex 2.5 12 0.7500000000000027
			vertex 2.5 12.605646133422852 1.0355345010757475
			vertex 2.5 12.233434677124023 1.3629444837570217
		endloop
	endfacet
	facet normal 1 0 0
		outer loop
			vertex 2.5 12 0.7500000000000027
			vertex 2.5 12.805535316467285 0.7500000000000029
			vertex 2.5 12.605646133422852 1.0355345010757475
		endloop
	endfacet
	facet normal 1 0 0
		outer loop
			vertex 2.5 12.605782508850098 1.0353397130966215
			vertex 2.5 12.605647087097168 1.0355340242385893
			vertex 2.5 12.605646133422852 1.035534381866458
		endloop
	endfacet
	facet normal -1 0 0
		outer loop
			vertex 2.5 12.60604476928711 1.034965395927432
			vertex 2.5 12.605782508850098 1.0353397130966215
			vertex 2.5 12.605646133422852 1.035534381866458
		endloop
	endfacet
	facet normal 1 0 0
		outer loop
			vertex 2.5 12.23343563079834 1.362946510314944
			vertex 2.5 12.233434677124023 1.3629444837570217
			vertex 2.5 12.605646133422852 1.0355345010757475
		endloop
	endfacet
	facet normal 1 0 0
		outer loop
			vertex 2.5 12.284442901611328 -1.3180762529373142
			vertex 2.5 12.284443855285645 -1.3180775642394993
			vertex 2.5 12.59180736541748 -1.0477076768875093
		endloop
	endfacet
	facet normal 1 0 0
		outer loop
			vertex 2.5 12 -0.7499999999999973
			vertex 2.5 12 -1.5682860612869236
			vertex 2.5 12.284443855285645 -1.3180775642394993
		endloop
	endfacet
	facet normal 1 0 0
		outer loop
			vertex 2.5 12 -0.7499999999999973
			vertex 2.5 12.28422737121582 -1.3176457881927464
			vertex 2.5 12.605647087097168 -1.035533905029294
		endloop
	endfacet
	facet normal -1 0 0
		outer loop
			vertex 2.5 12.805536270141602 -0.7499999999999971
			vertex 2.5 12.605647087097168 -1.035533905029294
			vertex 2.5 12.623703956604004 -1.0097399950027437
		endloop
	endfacet
	facet normal 1 0 0
		outer loop
			vertex 2.5 12.805536270141602 -0.7499999999999971
			vertex 2.5 12 -0.7499999999999973
			vertex 2.5 12.605647087097168 -1.035533905029294
		endloop
	endfacet
	facet normal 1 0 0
		outer loop
			vertex 2.5 12.28422737121582 -1.3176457881927464
			vertex 2.5 12.284435272216797 -1.3180607557296726
			vertex 2.5 12.604069709777832 -1.0369209051132173
		endloop
	endfacet
	facet normal 1 0 0
		outer loop
			vertex 2.5 12.605566024780273 -1.0356045961379976
			vertex 2.5 12.28422737121582 -1.3176457881927464
			vertex 2.5 12.604069709777832 -1.0369209051132173
		endloop
	endfacet
	facet normal 1 0 0
		outer loop
			vertex 2.5 12.284435272216797 -1.3180607557296726
			vertex 2.5 12.284442901611328 -1.3180762529373142
			vertex 2.5 12.592909812927246 -1.0467380285263033
		endloop
	endfacet
	facet normal 1 0 0
		outer loop
			vertex 2.5 12.604069709777832 -1.0369209051132173
			vertex 2.5 12.284435272216797 -1.3180607557296726
			vertex 2.5 12.592909812927246 -1.0467380285263033
		endloop
	endfacet
	facet normal 1 0 0
		outer loop
			vertex 2.5 12.605566024780273 -1.0356045961379976
			vertex 2.5 12.592909812927246 -1.0467380285263033
			vertex 2.5 12.601757049560547 -1.03895556926727
		endloop
	endfacet
	facet normal 1 0 0
		outer loop
			vertex 2.5 11.894530296325684 -1.6562504768371555
			vertex 2.5 11.899999618530273 -1.6562504768371555
			vertex 2.5 11.899999618530273 -1.6533335447311375
		endloop
	endfacet
	facet normal 1 0 0
		outer loop
			vertex 2.5 11.899999618530273 -1.6533335447311375
			vertex 2.5 12 -1.6533496379852268
			vertex 2.5 12 -1.6000000238418552
		endloop
	endfacet
	facet normal 1 0 0
		outer loop
			vertex 2.5 11.899999618530273 -1.6533335447311375
			vertex 2.5 11.899999618530273 -1.6562504768371555
			vertex 2.5 11.901178359985352 -1.6562504768371555
		endloop
	endfacet
	facet normal 1 0 0
		outer loop
			vertex 2.5 11.901178359985352 -1.6562504768371555
			vertex 2.5 12 -1.6562504768371555
			vertex 2.5 12 -1.6533496379852268
		endloop
	endfacet
	facet normal 1 0 0
		outer loop
			vertex 2.5 11.899999618530273 -1.6533335447311375
			vertex 2.5 11.901178359985352 -1.6562504768371555
			vertex 2.5 12 -1.6533496379852268
		endloop
	endfacet
endsolid exported
